16871326,2.26,-9.38,-0.01,0.00,2.08,3.08,0.36,0.26,-0.11
16881791,2.27,-9.39,0.03,0.00,1.90,3.11,0.36,0.26,-0.11
16891358,2.24,-9.35,-0.03,0.31,1.75,3.06,0.36,0.26,-0.10
16901644,2.26,-9.36,-0.08,0.08,2.13,3.11,0.36,0.26,-0.10
16910906,2.26,-9.36,-0.01,0.25,2.17,3.11,0.36,0.26,-0.10
16923490,2.26,-9.38,-0.06,0.30,1.77,3.17,0.37,0.26,-0.12
16933656,2.30,-9.38,-0.01,0.39,2.12,3.06,0.37,0.26,-0.12
16943558,2.23,-9.36,-0.00,-0.04,1.82,3.09,0.36,0.26,-0.12
16953864,2.29,-9.37,-0.06,0.29,1.80,2.91,0.36,0.26,-0.12
16962938,2.29,-9.40,-0.05,0.31,1.79,2.77,0.36,0.26,-0.12
16972311,2.15,-9.34,0.02,-0.02,1.72,2.74,0.37,0.26,-0.12
16982793,2.31,-9.36,0.13,0.12,1.52,2.91,0.37,0.26,-0.12
16992212,2.29,-9.34,-0.05,0.15,2.00,2.98,0.36,0.26,-0.11
17001639,2.29,-9.37,-0.04,0.30,1.81,2.96,0.36,0.26,-0.11
17011856,2.28,-9.36,-0.03,0.09,1.99,3.21,0.36,0.26,-0.11
17024580,2.27,-9.34,-0.01,0.17,2.00,3.25,0.36,0.26,-0.12
17034111,2.21,-9.31,0.03,0.23,1.72,3.17,0.36,0.26,-0.12
17043161,2.25,-9.32,0.03,0.26,1.82,3.28,0.36,0.26,-0.11
17053522,2.19,-9.28,0.04,-0.29,1.79,3.22,0.36,0.26,-0.11
17062876,2.25,-9.30,0.02,-0.38,1.71,3.30,0.36,0.26,-0.12
17072158,2.24,-9.31,0.02,-0.75,1.78,3.18,0.36,0.26,-0.12
17081460,2.28,-9.35,0.01,-0.48,1.47,3.30,0.36,0.26,-0.12
17090437,2.26,-9.35,-0.00,-0.54,1.29,3.26,0.36,0.26,-0.11
17099996,2.24,-9.35,-0.00,-0.31,0.99,3.33,0.36,0.26,-0.11
17109933,2.24,-9.36,-0.01,-0.41,1.26,3.46,0.36,0.26,-0.11
17119314,2.24,-9.38,-0.05,-0.31,1.28,3.46,0.37,0.26,-0.12
17130037,2.26,-9.35,-0.03,-0.31,1.17,3.63,0.37,0.26,-0.12
17139402,2.24,-9.36,-0.02,-0.53,1.44,3.54,0.36,0.26,-0.11
17148871,2.22,-9.35,-0.01,-0.80,1.96,3.47,0.36,0.26,-0.11
17158361,2.22,-9.39,-0.01,-0.74,2.14,3.92,0.36,0.26,-0.11
17167894,2.22,-9.38,-0.00,-0.38,2.51,3.63,0.36,0.26,-0.11
17177178,2.25,-9.37,-0.02,-0.48,2.41,3.64,0.36,0.26,-0.11
17186570,2.20,-9.35,-0.02,-0.66,2.42,3.83,0.36,0.26,-0.11
17195973,2.22,-9.31,-0.06,-0.66,2.45,3.78,0.37,0.26,-0.13
17205337,2.24,-9.37,-0.02,-0.53,2.79,3.54,0.37,0.26,-0.13
17215559,2.27,-9.38,0.14,-0.61,2.63,3.60,0.36,0.26,-0.11
17228878,2.26,-9.35,-0.01,-0.38,2.57,3.30,0.36,0.26,-0.11
17239547,2.28,-9.34,-0.05,-0.38,2.73,3.36,0.37,0.25,-0.12
17249843,2.26,-9.36,0.01,-0.37,2.87,3.18,0.37,0.25,-0.12
17260302,2.24,-9.37,0.00,-0.49,2.93,3.05,0.37,0.25,-0.12
17269805,2.25,-9.39,-0.06,-0.44,2.58,2.99,0.37,0.26,-0.12
17280283,2.25,-9.38,-0.05,-0.47,2.77,2.91,0.37,0.26,-0.12
17289691,2.24,-9.36,-0.00,-0.41,2.98,2.99,0.37,0.26,-0.12
17299160,2.25,-9.38,-0.06,-0.46,2.45,3.05,0.37,0.26,-0.12
17311524,2.23,-9.37,-0.10,-0.10,2.49,3.05,0.37,0.26,-0.12
17321706,2.24,-9.36,0.03,-0.40,2.69,3.26,0.37,0.26,-0.13
17333392,2.23,-9.33,-0.03,0.05,2.42,3.39,0.37,0.26,-0.13
17342623,2.22,-9.34,-0.03,-0.61,2.09,3.46,0.37,0.24,-0.12
17352020,2.23,-9.33,-0.02,-0.47,2.17,3.57,0.37,0.24,-0.12
17362367,2.22,-9.34,-0.01,-0.51,2.00,3.62,0.36,0.26,-0.11
17372616,2.24,-9.34,-0.07,-0.53,1.92,3.59,0.36,0.26,-0.11
17382080,2.23,-9.35,-0.04,-0.65,2.21,3.37,0.36,0.26,-0.11
17391477,2.23,-9.37,-0.02,-0.76,1.87,3.48,0.36,0.26,-0.12
17402142,2.24,-9.38,-0.04,-0.31,1.81,3.75,0.36,0.26,-0.12
17411242,2.25,-9.37,-0.03,-0.28,1.86,3.74,0.36,0.26,-0.12
17420777,2.23,-9.35,-0.05,-0.25,1.53,3.51,0.36,0.26,-0.12
17433877,2.26,-9.35,0.01,-0.19,1.57,3.79,0.36,0.26,-0.12
17443093,2.25,-9.35,-0.04,-0.12,1.72,3.75,0.36,0.26,-0.11
17452544,2.23,-9.35,-0.02,-0.10,1.57,3.50,0.36,0.26,-0.11
17464895,2.24,-9.36,0.02,-0.74,1.72,3.52,0.36,0.26,-0.13
17474333,2.24,-9.34,-0.07,-0.41,1.83,3.50,0.36,0.26,-0.13
17483738,2.24,-9.38,-0.06,-0.26,1.71,3.31,0.36,0.26,-0.13
17492878,2.23,-9.36,-0.05,0.06,1.32,3.38,0.37,0.26,-0.11
17502307,2.25,-9.37,-0.06,0.48,1.03,3.28,0.37,0.26,-0.11
17511516,2.25,-9.38,-0.10,0.37,1.20,3.37,0.37,0.26,-0.11
17520881,2.27,-9.34,-0.09,0.18,1.15,3.38,0.36,0.26,-0.13
17531473,2.26,-9.36,-0.12,-0.18,1.38,3.57,0.36,0.26,-0.13
17541734,2.24,-9.38,-0.13,0.02,1.07,3.41,0.37,0.27,-0.10
17552035,2.27,-9.41,-0.18,-0.17,1.20,3.82,0.37,0.27,-0.10
17561429,2.27,-9.37,-0.20,0.24,1.51,3.88,0.37,0.27,-0.10
17571639,2.24,-9.39,-0.19,0.62,1.35,3.97,0.36,0.26,-0.12
17581126,2.24,-9.37,-0.15,0.85,0.24,3.95,0.36,0.26,-0.12
17590574,2.28,-9.36,-0.12,1.22,-0.59,3.75,0.37,0.26,-0.11
17599935,2.22,-9.33,-0.11,1.17,-0.93,3.82,0.37,0.26,-0.11
17609925,2.24,-9.36,-0.13,0.94,-1.37,3.51,0.37,0.26,-0.11
17619314,2.26,-9.37,-0.19,0.81,-1.53,3.48,0.36,0.26,-0.12
17628318,2.25,-9.35,-0.24,0.74,-1.21,3.37,0.36,0.26,-0.12
17640386,2.25,-9.33,-0.16,0.46,-1.22,3.61,0.36,0.27,-0.13
17651556,2.24,-9.36,-0.25,1.88,-2.48,4.03,0.36,0.27,-0.13
17661017,2.18,-9.36,-0.19,2.62,-3.00,4.29,0.36,0.27,-0.13
17670542,2.20,-9.32,-0.18,2.89,-4.05,4.16,0.36,0.26,-0.13
17679676,2.23,-9.36,-0.18,3.26,-4.64,3.90,0.36,0.26,-0.13
17689879,2.29,-9.41,-0.26,3.46,-5.28,3.99,0.36,0.26,-0.11
17698836,2.22,-9.47,-0.36,4.00,-6.21,4.10,0.36,0.26,-0.11
17708315,2.22,-9.49,-0.31,5.22,-6.81,4.36,0.36,0.26,-0.11
17717800,2.15,-9.54,-0.34,8.77,-8.96,4.21,0.35,0.26,-0.12
17728387,2.14,-9.52,-0.37,7.89,-8.85,3.94,0.35,0.26,-0.12
17741641,2.14,-9.42,-0.25,7.68,-11.59,3.84,0.36,0.26,-0.13
17750679,2.24,-9.27,-0.12,6.37,-13.73,4.65,0.36,0.26,-0.13
17760158,2.22,-9.24,-0.10,4.97,-19.93,5.59,0.36,0.26,-0.13
17771548,2.24,-9.27,-0.43,4.15,-25.61,5.73,0.36,0.26,-0.12
17781229,2.31,-9.40,-0.45,5.68,-20.69,4.59,0.36,0.26,-0.12
17791415,2.30,-9.35,-0.16,7.47,-16.89,3.39,0.36,0.26,-0.13
17800849,2.32,-9.19,0.00,6.03,-19.87,3.30,0.36,0.26,-0.13
17811299,2.43,-9.16,-0.16,3.67,-23.92,4.45,0.36,0.26,-0.13
17820755,2.43,-9.40,-0.45,4.24,-24.98,4.72,0.36,0.26,-0.13
17830817,2.45,-9.43,-0.42,7.21,-20.79,3.94,0.36,0.26,-0.13
17843919,2.51,-9.37,-0.37,9.64,-18.73,3.07,0.35,0.26,-0.13
17853572,2.59,-9.22,-0.17,8.72,-16.42,2.02,0.35,0.26,-0.13
17862727,2.54,-9.12,-0.23,6.68,-15.44,1.91,0.36,0.26,-0.13
17873042,2.55,-9.23,-0.45,6.48,-14.22,1.47,0.36,0.26,-0.13
17882598,2.57,-9.15,-0.35,7.51,-11.33,1.43,0.36,0.26,-0.13
17892250,2.47,-9.07,-0.37,7.03,-10.18,1.49,0.35,0.26,-0.14
17902628,2.48,-9.12,-0.35,6.11,-7.98,0.82,0.35,0.26,-0.14
17913350,2.52,-9.09,-0.31,5.40,-7.47,0.94,0.35,0.26,-0.14
17923725,2.53,-9.15,-0.22,4.50,-7.60,1.40,0.35,0.26,-0.14
17934178,2.59,-9.21,-0.28,4.04,-8.30,2.11,0.35,0.26,-0.14
17947410,2.67,-9.43,-0.22,6.26,-8.72,1.54,0.35,0.26,-0.14
17957767,2.71,-9.48,-0.08,9.95,-9.91,0.67,0.35,0.26,-0.14
17967186,2.76,-9.32,-0.07,10.30,-10.71,0.17,0.35,0.26,-0.13
17977838,2.67,-9.38,-0.15,11.55,-10.73,-0.63,0.35,0.26,-0.13
17988087,2.69,-9.41,-0.46,15.04,-9.27,-1.48,0.35,0.26,-0.14
17998803,2.40,-9.39,-0.58,19.53,-10.53,-2.24,0.35,0.26,-0.14
18008320,2.39,-9.60,-0.76,25.24,-12.24,-3.83,0.35,0.26,-0.14
18017823,2.07,-9.58,-0.55,30.82,-13.22,-4.74,0.34,0.27,-0.14
18027547,1.89,-9.36,-0.77,32.90,-10.85,-6.03,0.34,0.27,-0.14
18037774,1.68,-9.53,-0.73,33.69,-7.36,-6.27,0.34,0.27,-0.14
18049712,1.61,-9.45,-0.71,34.41,-5.72,-5.79,0.34,0.27,-0.14
18059930,1.42,-9.41,-0.83,33.98,-9.46,-5.32,0.34,0.27,-0.14
18070142,1.54,-9.56,-0.77,36.86,-8.02,-3.68,0.35,0.28,-0.14
18081141,1.33,-9.22,-0.83,38.43,-10.95,-1.64,0.35,0.28,-0.14
18090697,1.43,-9.13,-1.26,38.42,-9.45,-0.46,0.34,0.27,-0.12
18099836,1.63,-9.30,-0.62,37.55,-8.78,0.79,0.34,0.27,-0.12
18109162,1.61,-9.14,-0.98,35.54,-10.59,1.55,0.34,0.27,-0.12
18119398,1.43,-8.98,-0.74,29.59,-9.55,1.66,0.34,0.28,-0.12
18129898,1.61,-9.02,-0.96,24.65,-10.48,1.97,0.34,0.28,-0.12
18139448,1.87,-9.24,-0.95,18.83,-10.47,0.81,0.34,0.28,-0.12
18152409,1.96,-9.07,-0.83,12.40,-12.85,-0.38,0.34,0.28,-0.12
18162425,2.31,-9.17,-0.96,8.62,-10.47,-1.45,0.34,0.29,-0.11
18171983,2.27,-9.19,-0.81,6.21,-8.09,-2.07,0.34,0.29,-0.11
18182923,2.29,-9.14,-0.81,4.79,-7.06,-3.06,0.34,0.29,-0.11
18192456,2.17,-9.12,-0.86,4.15,-5.64,-3.20,0.35,0.28,-0.12
18202645,2.16,-9.08,-0.63,3.90,-4.69,-3.55,0.35,0.28,-0.12
18212418,2.06,-9.10,-0.80,2.83,-4.59,-3.68,0.34,0.29,-0.13
18222535,1.95,-9.21,-0.89,2.18,-1.51,-3.09,0.34,0.29,-0.13
18232317,1.74,-9.19,-1.06,1.81,2.22,-3.33,0.34,0.29,-0.13
18241756,1.57,-9.29,-1.04,0.31,3.61,-2.83,0.33,0.28,-0.11
18254655,1.28,-9.28,-1.56,-1.83,12.35,-1.68,0.33,0.28,-0.11
18265364,0.88,-9.17,-1.44,-4.55,14.05,-2.57,0.34,0.28,-0.12
18274822,0.75,-9.53,-1.86,-6.88,16.30,-3.34,0.34,0.28,-0.12
18284866,0.94,-9.64,-2.07,-7.56,20.04,-3.88,0.34,0.28,-0.12
18294040,0.70,-9.56,-1.80,-8.93,14.59,-3.95,0.34,0.28,-0.12
18303376,0.74,-9.63,-1.84,-10.15,15.22,-3.96,0.34,0.28,-0.12
18312714,0.99,-9.45,-1.79,-11.42,14.71,-2.88,0.34,0.28,-0.12
18322976,1.25,-9.22,-1.56,-13.82,14.46,-2.32,0.34,0.28,-0.12
18332437,1.25,-9.08,-1.26,-16.15,13.76,-1.92,0.34,0.28,-0.12
18341959,1.19,-9.34,-1.27,-17.84,13.34,-1.79,0.34,0.28,-0.12
18355587,1.38,-9.64,-0.30,-20.72,10.47,-3.18,0.34,0.28,-0.12
18367090,1.29,-9.59,-1.39,-20.13,13.08,-2.99,0.33,0.28,-0.11
18376207,1.19,-9.34,-1.44,-21.34,13.81,-2.11,0.33,0.28,-0.11
18388539,1.07,-9.35,-1.30,-22.35,15.15,-0.91,0.34,0.28,-0.12
18397958,0.87,-9.28,-1.05,-23.38,16.77,0.43,0.34,0.28,-0.12
18407396,0.85,-9.27,-0.96,-23.15,15.78,2.63,0.34,0.28,-0.12
18417649,0.96,-9.49,-0.67,-22.51,13.92,3.85,0.34,0.28,-0.12
18427316,1.04,-9.42,-0.61,-22.02,12.03,4.94,0.34,0.28,-0.12
18436851,1.17,-9.43,-0.65,-21.77,9.97,5.24,0.34,0.28,-0.13
18452358,1.31,-9.34,-0.71,-22.40,9.26,5.66,0.34,0.28,-0.13
18466319,1.24,-9.28,-0.78,-22.42,8.59,5.43,0.34,0.28,-0.13
18475818,1.15,-9.31,-0.74,-21.83,8.86,5.35,0.34,0.28,-0.13
18486128,1.00,-9.36,-0.80,-21.13,7.88,5.62,0.34,0.27,-0.13
18495697,0.94,-9.36,-0.73,-20.63,7.74,6.16,0.34,0.27,-0.13
18505164,0.93,-9.47,-0.75,-20.26,7.17,6.46,0.34,0.27,-0.13
18514521,0.92,-9.64,-0.74,-20.54,7.13,6.94,0.34,0.27,-0.12
18524721,0.96,-9.49,-0.75,-20.02,7.07,7.26,0.34,0.27,-0.12
18534960,0.88,-9.56,-0.60,-19.66,7.77,7.81,0.34,0.28,-0.13
18544353,0.95,-9.56,-0.57,-19.50,7.99,8.77,0.35,0.28,-0.13
18553774,0.97,-9.54,-0.48,-18.23,7.87,10.40,0.35,0.28,-0.13
18564030,1.03,-9.47,-0.37,-17.31,9.63,11.34,0.34,0.26,-0.14
18574400,1.04,-9.42,-0.36,-15.57,8.93,12.06,0.34,0.26,-0.14
18583838,1.01,-9.31,-0.40,-14.54,10.03,12.96,0.34,0.26,-0.14
18593579,1.01,-9.23,-0.24,-14.10,9.74,13.62,0.34,0.27,-0.14
18603842,1.00,-9.25,-0.29,-12.32,9.56,14.52,0.34,0.27,-0.14
18612944,1.09,-9.27,-0.29,-11.36,9.20,14.67,0.35,0.27,-0.13
18622397,0.96,-9.25,-0.41,-10.10,7.89,14.52,0.35,0.27,-0.13
18632615,0.85,-9.43,-0.49,-6.73,8.23,14.99,0.35,0.27,-0.13
18642735,0.83,-9.59,-0.66,-7.38,7.23,15.49,0.34,0.26,-0.13
18653105,0.80,-9.68,-0.47,-5.77,6.82,16.31,0.34,0.26,-0.13
18663275,0.88,-9.67,-0.31,-4.68,6.77,16.85,0.35,0.26,-0.14
18672898,0.99,-9.55,-0.54,-3.99,7.46,17.44,0.35,0.26,-0.14
18682376,1.05,-9.54,-0.54,-4.23,9.35,17.82,0.35,0.26,-0.14
18694004,1.15,-9.69,-0.90,-4.03,8.29,17.85,0.35,0.27,-0.14
18703238,1.23,-9.68,-1.05,-3.88,12.22,17.77,0.35,0.27,-0.14
18712313,1.09,-9.54,-1.07,-4.52,14.34,17.67,0.36,0.26,-0.13
18721905,1.21,-9.57,-1.25,-4.34,16.48,17.33,0.36,0.26,-0.13
18731316,1.12,-9.50,-1.30,-4.81,18.71,17.16,0.36,0.26,-0.13
18741590,1.02,-9.52,-1.47,-4.72,20.79,16.34,0.36,0.26,-0.13
18750940,0.97,-9.64,-1.49,-4.24,23.25,15.59,0.36,0.26,-0.13
18760002,0.86,-9.76,-1.62,-3.95,26.24,14.97,0.37,0.26,-0.12
18771279,0.71,-9.96,-1.49,-3.92,28.35,13.84,0.37,0.26,-0.12
18781989,0.59,-10.26,-1.65,-4.04,31.65,12.53,0.37,0.26,-0.12
18791440,0.77,-10.35,-1.91,-5.98,34.19,11.23,0.37,0.25,-0.13
18801625,0.89,-10.32,-2.32,-7.61,38.48,9.73,0.37,0.25,-0.13
18811741,0.90,-10.29,-2.38,-9.96,42.88,7.12,0.37,0.26,-0.12
18821289,0.87,-10.15,-2.59,-13.28,47.07,4.25,0.37,0.26,-0.12
18831221,1.06,-10.19,-3.70,-19.21,57.49,2.94,0.37,0.26,-0.12
18841803,0.37,-12.70,-1.53,-15.48,95.92,-2.84,0.37,0.26,-0.13
18850967,-0.14,-12.29,1.59,-16.09,44.49,-8.23,0.37,0.26,-0.13
18860670,0.53,-15.03,-2.09,-12.07,58.84,-17.66,0.37,0.25,-0.12
18870977,-0.10,-14.52,-0.77,-2.97,34.74,-17.16,0.37,0.25,-0.12
18880121,0.58,-12.73,-0.14,-9.34,7.95,-17.58,0.37,0.25,-0.12
18889704,1.08,-12.56,0.06,-16.03,-28.62,-11.01,0.38,0.26,-0.12
18899098,2.60,-12.58,-0.37,-12.94,-7.77,-5.21,0.38,0.26,-0.12
18908428,2.27,-12.04,0.17,-16.99,-2.80,-2.95,0.38,0.26,-0.12
18917921,3.39,-11.81,1.35,-20.02,-7.28,-1.15,0.36,0.27,-0.13
18927548,4.81,-11.74,1.20,-21.10,-3.05,-3.27,0.36,0.27,-0.13
18937142,5.01,-11.97,1.85,-19.57,1.30,-5.16,0.37,0.26,-0.13
18946276,5.74,-11.73,1.67,-16.98,7.00,-7.53,0.37,0.26,-0.13
18956834,4.96,-10.64,2.08,-12.35,11.45,-10.53,0.37,0.26,-0.13
18970162,4.35,-9.42,2.16,-2.37,22.74,-11.61,0.37,0.26,-0.13
18980531,3.26,-8.67,2.49,4.51,17.65,-12.68,0.37,0.26,-0.13
18990834,2.84,-8.07,1.90,5.41,16.69,-11.74,0.36,0.25,-0.14
19001156,2.48,-8.43,1.51,4.54,14.36,-12.07,0.36,0.25,-0.14
19010743,2.22,-8.72,1.13,8.96,23.66,-14.50,0.36,0.27,-0.12
19020696,1.88,-9.00,1.28,13.14,23.52,-18.36,0.36,0.27,-0.12
19030499,1.76,-8.55,1.05,20.77,13.27,-21.10,0.36,0.27,-0.12
19040040,1.75,-8.63,1.03,24.04,1.84,-20.69,0.37,0.27,-0.11
19049587,1.92,-8.71,1.08,27.71,-5.99,-20.01,0.37,0.27,-0.11
19059797,1.87,-9.58,0.80,30.07,-12.50,-12.85,0.36,0.27,-0.11
19072925,2.01,-9.62,0.57,33.13,-15.16,-9.80,0.36,0.27,-0.11
19083750,2.24,-9.30,0.31,34.57,-21.48,-4.84,0.36,0.28,-0.11
19093211,2.06,-9.41,0.40,29.94,-24.09,-1.99,0.36,0.28,-0.11
19104209,2.28,-9.42,-0.28,28.28,-20.09,-2.66,0.36,0.28,-0.11
19113447,1.93,-9.28,-0.28,29.78,-14.75,-3.30,0.37,0.27,-0.10
19122833,1.39,-8.83,-0.14,31.64,-12.17,-2.28,0.37,0.27,-0.10
19132364,1.16,-8.43,-0.11,31.81,-14.85,-1.64,0.37,0.27,-0.10
19142943,1.12,-8.41,-0.23,32.00,-19.82,-1.67,0.36,0.28,-0.10
19152350,1.35,-8.35,-0.37,32.24,-24.29,-1.84,0.36,0.28,-0.10
19161372,1.47,-8.35,-0.42,31.68,-25.58,-0.67,0.36,0.29,-0.11
19173982,1.66,-8.11,-0.50,30.88,-23.02,1.89,0.36,0.29,-0.11
19184704,1.58,-7.95,-0.42,29.78,-19.78,4.70,0.36,0.28,-0.10
19195088,1.53,-7.82,-0.17,27.15,-18.74,7.43,0.36,0.28,-0.10
19205904,1.68,-7.78,-0.27,25.24,-20.93,8.38,0.36,0.28,-0.10
19216221,1.76,-7.80,-0.18,24.04,-24.05,9.57,0.36,0.29,-0.10
19225817,2.04,-7.88,-0.17,22.67,-27.68,10.10,0.36,0.29,-0.10
19236102,2.42,-8.00,-0.32,20.57,-29.30,9.32,0.35,0.29,-0.10
19245884,2.68,-7.85,-0.46,19.07,-27.90,8.79,0.35,0.29,-0.10
19255306,2.69,-7.49,-0.52,18.26,-25.37,9.19,0.35,0.29,-0.10
19265541,2.54,-7.40,-0.48,17.92,-24.40,9.17,0.35,0.29,-0.11
19277453,2.47,-7.43,-0.54,15.25,-22.06,9.55,0.35,0.29,-0.11
19286619,2.38,-7.66,-0.51,10.62,-19.46,8.84,0.35,0.29,-0.12
19296043,2.27,-8.14,-0.59,8.12,-18.17,8.02,0.35,0.29,-0.12
19307446,2.01,-8.51,-0.80,9.70,-18.92,7.59,0.35,0.29,-0.12
19317054,1.76,-8.53,-0.63,11.82,-19.51,6.75,0.35,0.28,-0.11
19327380,1.69,-8.50,-0.91,12.04,-19.99,4.48,0.35,0.28,-0.11
19336974,1.67,-8.46,-0.85,11.59,-20.47,4.20,0.35,0.28,-0.11
19347733,1.50,-8.45,-0.84,10.28,-19.93,4.09,0.35,0.28,-0.11
19357305,1.31,-8.64,-0.77,9.78,-21.18,3.74,0.35,0.28,-0.11
19367008,1.21,-8.80,-1.06,9.19,-22.59,4.22,0.34,0.29,-0.12
19380005,1.01,-8.67,-1.30,5.77,-21.28,3.81,0.34,0.29,-0.12
19389289,1.01,-8.65,-1.34,1.74,-17.48,2.18,0.34,0.29,-0.11
19398597,1.11,-8.91,-1.13,0.08,-14.62,1.94,0.34,0.29,-0.11
19410270,0.99,-8.95,-1.23,-0.36,-21.04,2.80,0.34,0.28,-0.11
19421903,1.10,-8.24,-0.93,-11.38,-24.60,3.11,0.34,0.28,-0.11
19431344,1.22,-8.25,-1.64,-21.48,-24.72,2.05,0.34,0.28,-0.11
19441720,1.69,-9.04,-1.99,-18.67,-14.60,0.40,0.34,0.29,-0.12
19452513,1.79,-9.39,-1.62,-9.16,-14.62,0.43,0.34,0.29,-0.12
19462503,1.65,-9.03,-1.76,-2.20,-15.40,1.77,0.35,0.29,-0.12
19472024,1.49,-8.85,-1.42,0.28,-14.67,2.04,0.35,0.29,-0.12
19482997,1.25,-8.92,-1.33,0.96,-16.58,1.61,0.35,0.28,-0.13
19493184,1.22,-8.85,-1.02,0.32,-18.59,1.52,0.35,0.28,-0.13
19502410,1.43,-8.54,-0.78,-2.60,-23.20,1.45,0.35,0.28,-0.13
19512619,1.77,-8.31,-0.97,-10.24,-25.12,1.88,0.34,0.29,-0.13
19522806,2.12,-8.49,-0.97,-17.30,-23.40,2.97,0.34,0.29,-0.13
19532127,2.11,-9.05,-1.47,-24.31,-22.34,4.46,0.34,0.29,-0.13
19541561,1.66,-10.03,-2.49,-20.28,-13.45,5.36,0.34,0.29,-0.14
19551147,1.12,-10.85,-2.43,-10.39,-2.13,5.07,0.34,0.29,-0.14
19560703,0.35,-10.93,-2.26,-1.66,-2.62,4.05,0.34,0.29,-0.13
19570351,-0.24,-10.71,-2.41,3.43,-7.76,3.08,0.34,0.29,-0.13
19579600,-0.45,-10.51,-2.33,5.76,-12.52,0.97,0.34,0.29,-0.13
19591624,-0.48,-9.83,-2.32,5.12,-19.74,0.89,0.34,0.29,-0.14
19601085,-0.39,-9.65,-2.34,1.98,-23.29,1.86,0.34,0.29,-0.14
19610524,-0.24,-9.92,-2.56,0.04,-26.64,2.23,0.33,0.28,-0.12
19621524,-0.16,-10.71,-2.76,-1.15,-26.65,0.96,0.33,0.28,-0.12
19631867,0.10,-11.30,-3.21,0.40,-23.30,-2.27,0.33,0.28,-0.12
19641382,0.38,-11.50,-3.47,5.84,-19.42,-4.51,0.33,0.29,-0.14
19651107,0.60,-10.90,-3.39,12.10,-15.31,-5.30,0.33,0.29,-0.14
19660624,0.49,-10.46,-3.63,17.60,-15.72,-1.84,0.33,0.29,-0.14
19670826,0.78,-10.93,-1.61,37.92,-22.81,3.53,0.33,0.29,-0.14
19680320,7.27,-17.71,4.49,169.79,-112.24,7.68,0.33,0.29,-0.14
19692969,9.93,-13.93,2.40,45.96,-57.30,45.69,0.32,0.30,-0.13
19704300,11.58,-19.60,-5.45,93.69,-19.49,49.42,0.32,0.30,-0.13
19714326,9.36,-10.66,-0.26,76.76,69.05,43.19,0.33,0.30,-0.13
19724830,3.65,-6.92,-2.72,41.23,55.74,35.90,0.33,0.30,-0.13
19734857,-0.23,-7.53,-5.46,29.00,108.74,14.21,0.33,0.30,-0.11
19745631,-3.15,-7.65,-0.29,14.81,87.97,-8.68,0.33,0.30,-0.11
19754785,-3.49,-9.04,-0.49,0.74,48.42,-14.79,0.33,0.30,-0.11
19764987,-1.62,-10.51,0.83,2.39,7.22,-12.12,0.34,0.30,-0.10
19775167,0.74,-12.46,-0.02,14.25,-36.98,-2.72,0.34,0.30,-0.10
19784620,3.33,-12.29,-0.25,33.01,-54.26,5.78,0.34,0.30,-0.10
19796986,5.02,-9.95,-0.47,41.74,-37.95,11.65,0.34,0.30,-0.10
19806508,5.35,-7.41,0.79,33.39,-26.00,10.05,0.34,0.30,-0.10
19816709,4.25,-6.38,-0.01,14.54,-8.78,7.73,0.33,0.31,-0.11
19826073,3.61,-7.03,0.65,3.17,-6.05,3.03,0.33,0.31,-0.11
19835770,3.29,-7.72,0.42,-2.65,-9.00,-2.90,0.33,0.30,-0.10
19844851,3.08,-8.50,0.20,-3.33,-13.73,-8.43,0.33,0.30,-0.10
19854384,3.07,-8.72,0.25,-6.40,-16.29,-13.18,0.33,0.30,-0.10
19863441,3.25,-8.70,0.12,-9.61,-18.38,-16.09,0.32,0.31,-0.11
19872827,3.72,-8.66,-0.01,-10.64,-17.92,-17.34,0.32,0.31,-0.11
19881927,4.02,-8.53,-0.17,-9.55,-16.91,-16.71,0.32,0.31,-0.11
19899209,3.93,-8.40,-0.43,-8.86,-2.97,-14.40,0.33,0.30,-0.11
19909560,3.76,-8.09,-0.42,-12.59,9.26,-13.97,0.33,0.31,-0.11
19922640,3.25,-8.19,-0.50,-16.28,21.43,-13.23,0.33,0.31,-0.11
19933138,2.89,-8.21,-0.57,-18.06,28.44,-12.64,0.32,0.31,-0.11
19943346,2.45,-8.37,-0.51,-19.06,33.71,-11.82,0.32,0.31,-0.11
19952836,2.28,-8.23,-0.75,-20.15,36.75,-10.91,0.32,0.31,-0.11
19962351,2.13,-8.14,-0.62,-21.01,37.60,-10.21,0.32,0.30,-0.11
19971863,2.09,-8.02,-0.64,-22.33,36.56,-8.64,0.32,0.30,-0.11
19981371,1.97,-8.01,-0.81,-20.85,36.39,-6.76,0.32,0.30,-0.11
19994205,1.81,-8.09,-0.44,-22.05,35.62,-4.59,0.33,0.31,-0.11
20004525,1.85,-8.20,-0.39,-22.85,32.77,-3.31,0.33,0.31,-0.11
20015203,2.00,-8.39,-0.20,-23.09,30.44,-2.83,0.33,0.31,-0.11
20026647,2.02,-8.70,-0.11,-24.67,27.05,-3.15,0.33,0.31,-0.11
20036189,2.02,-8.94,-0.19,-24.62,23.83,-3.21,0.33,0.30,-0.11
20045725,2.24,-8.96,-0.18,-22.72,20.41,-4.12,0.33,0.30,-0.11
20055961,2.38,-8.74,-0.24,-22.47,19.99,-3.97,0.33,0.30,-0.11
20065431,2.31,-8.58,-0.27,-23.15,20.41,-2.23,0.33,0.30,-0.12
20074844,2.26,-8.48,-0.08,-24.34,23.65,0.56,0.33,0.30,-0.12
20084406,2.19,-8.63,-0.29,-24.18,31.26,3.86,0.31,0.30,-0.11
20097741,2.16,-9.05,-0.49,-21.10,28.98,5.43,0.31,0.30,-0.11
20107986,2.00,-8.84,-0.46,-19.03,31.05,5.70,0.33,0.30,-0.11
20117426,1.81,-8.65,-0.34,-18.24,29.44,6.39,0.33,0.30,-0.11
20128215,1.59,-8.71,-0.42,-16.86,25.85,7.26,0.33,0.30,-0.11
20137891,1.57,-8.84,-0.19,-15.73,24.00,7.28,0.32,0.29,-0.12
20146952,1.54,-9.05,-0.52,-15.25,20.81,7.58,0.32,0.29,-0.12
20156586,1.45,-9.30,-0.59,-13.78,19.54,7.85,0.32,0.29,-0.12
20166331,1.26,-9.28,-0.84,-12.06,18.26,8.30,0.33,0.29,-0.12
20175656,1.12,-9.31,-0.77,-11.52,18.69,7.98,0.33,0.29,-0.12
20185051,1.10,-9.33,-0.61,-9.99,17.45,8.28,0.34,0.29,-0.12
20194080,1.05,-9.35,-0.80,-10.01,17.18,8.09,0.34,0.29,-0.12
20205775,1.07,-9.34,-0.73,-10.00,15.72,8.27,0.34,0.29,-0.12
20215325,1.15,-9.30,-0.76,-9.59,13.13,8.54,0.33,0.30,-0.12
20224699,1.26,-9.32,-0.91,-8.63,13.71,9.23,0.33,0.30,-0.12
20234096,1.30,-9.26,-0.82,-7.53,13.65,9.73,0.34,0.29,-0.11
20243367,1.32,-9.23,-0.92,-6.88,13.21,10.46,0.34,0.29,-0.11
20252465,1.22,-9.20,-1.01,-5.59,13.17,10.68,0.34,0.29,-0.11
20261752,1.23,-9.09,-1.02,-4.78,14.36,10.82,0.33,0.29,-0.12
20271737,1.25,-8.94,-1.00,-5.98,15.09,10.92,0.33,0.29,-0.12
20281075,1.52,-9.02,-1.14,-5.69,16.64,11.52,0.33,0.29,-0.12
20290259,1.38,-9.14,-1.16,-4.23,14.94,12.20,0.33,0.29,-0.11
20302298,1.16,-8.88,-1.01,-3.88,22.04,12.84,0.33,0.29,-0.11
20311505,1.35,-8.76,-1.01,-4.85,25.37,13.48,0.34,0.29,-0.12
20320946,1.22,-8.87,-1.13,-5.30,29.23,13.96,0.34,0.29,-0.12
20333075,1.08,-9.25,-1.22,-4.81,29.86,14.69,0.35,0.29,-0.12
20342683,0.87,-9.32,-1.28,-3.67,30.86,15.75,0.35,0.29,-0.12
20352156,0.64,-9.32,-1.44,-3.65,30.54,17.04,0.35,0.29,-0.12
20361308,0.48,-9.36,-1.44,-3.93,32.36,18.55,0.34,0.29,-0.10
20371927,0.43,-9.30,-1.34,-3.66,30.80,20.00,0.34,0.29,-0.10
20381149,0.57,-9.22,-1.38,-4.32,29.98,20.95,0.34,0.29,-0.08
20390970,0.48,-9.14,-1.60,-5.40,30.25,21.12,0.35,0.28,-0.08
20403908,0.67,-9.20,-1.54,-6.20,29.85,21.27,0.35,0.28,-0.08
20413089,0.84,-9.56,-1.56,-6.30,30.31,20.12,0.35,0.28,-0.12
20422668,0.93,-9.60,-1.99,-6.72,29.22,19.14,0.35,0.28,-0.12
20431684,1.01,-9.72,-2.26,-7.58,32.26,17.03,0.36,0.28,-0.11
20441089,0.89,-9.66,-2.51,-7.77,35.33,15.40,0.36,0.28,-0.11
20450689,0.73,-9.70,-2.64,-10.34,39.54,13.44,0.36,0.28,-0.11
20459827,0.54,-9.79,-2.75,-10.49,43.30,12.62,0.36,0.28,-0.11
20468935,0.10,-9.66,-2.82,-13.38,44.76,14.03,0.36,0.28,-0.11
20478202,-0.03,-10.14,-2.89,-14.45,47.64,13.19,0.36,0.28,-0.11
20487450,-0.58,-9.67,-6.09,-57.63,96.03,8.63,0.36,0.28,-0.10
20496601,-1.74,-14.41,4.74,0.70,90.18,-0.22,0.36,0.28,-0.10
20506579,-0.76,-13.42,-5.54,-42.11,11.53,-9.33,0.36,0.28,-0.11
20515787,-1.45,-15.12,1.96,-1.56,25.52,-14.82,0.36,0.28,-0.11
20524890,-1.16,-13.74,-0.11,-21.28,-20.90,-19.10,0.36,0.28,-0.11
20534042,-0.09,-12.60,-0.33,-31.11,-75.69,-20.10,0.36,0.28,-0.10
20543078,2.07,-12.60,-0.28,-30.42,-107.39,-13.61,0.36,0.28,-0.10
20552418,5.38,-12.83,-0.89,-31.64,-67.72,-10.25,0.36,0.28,-0.10
20561512,5.85,-11.70,0.38,-31.93,-52.12,-8.16,0.36,0.28,-0.12
20571150,7.62,-11.64,0.35,-42.83,-55.47,-9.30,0.36,0.28,-0.12
20580322,9.87,-12.51,0.40,-46.05,-39.22,-12.10,0.36,0.28,-0.12
20589670,8.80,-11.53,0.73,-45.40,-0.91,-16.42,0.36,0.28,-0.12
20599259,7.55,-10.31,0.29,-41.21,46.10,-16.52,0.36,0.28,-0.12
20609938,5.39,-9.95,1.83,-36.22,69.47,-19.68,0.35,0.28,-0.12
20620240,3.68,-9.51,1.99,-28.00,83.74,-20.90,0.35,0.28,-0.12
20629683,2.49,-9.54,1.81,-19.68,92.93,-19.07,0.35,0.28,-0.12
20640264,1.28,-9.13,2.09,-17.50,72.49,-17.63,0.36,0.28,-0.14
20649806,1.22,-9.36,1.25,-13.76,71.36,-17.56,0.36,0.28,-0.14
20659291,0.65,-10.01,1.02,-7.74,63.60,-19.46,0.36,0.28,-0.11
20668765,0.39,-10.27,0.70,-2.77,57.54,-19.35,0.36,0.28,-0.11
20678646,0.45,-10.34,1.00,-1.21,47.54,-18.94,0.36,0.28,-0.11
20688854,0.90,-9.78,0.95,-2.17,41.24,-18.61,0.36,0.28,-0.11
20698383,1.39,-10.43,0.56,5.80,28.87,-16.54,0.36,0.28,-0.11
20712178,1.42,-9.99,0.55,23.28,3.53,-11.09,0.36,0.27,-0.10
20721598,1.53,-9.02,1.22,25.67,-8.36,-5.26,0.36,0.27,-0.10
20731869,1.53,-8.47,0.81,12.39,-15.61,-0.31,0.36,0.28,-0.10
20742823,1.38,-8.83,0.57,6.22,-5.33,3.57,0.36,0.28,-0.10
20752095,1.27,-9.46,0.56,9.61,-9.35,2.46,0.36,0.28,-0.10
20761390,1.48,-8.98,0.76,15.39,-19.10,4.29,0.35,0.28,-0.10
20770571,1.51,-8.27,0.52,12.61,-22.64,6.98,0.35,0.28,-0.10
20779641,1.52,-8.21,0.12,12.47,-27.82,9.14,0.35,0.28,-0.10
20788825,1.49,-7.98,-0.04,13.76,-24.91,9.84,0.35,0.29,-0.11
20799023,1.41,-7.97,-0.16,15.02,-17.55,8.87,0.35,0.29,-0.11
20812374,1.38,-7.78,-0.22,16.36,-16.92,9.00,0.35,0.28,-0.12
20821987,1.30,-8.06,-0.64,19.08,-16.01,8.85,0.35,0.28,-0.12
20832227,1.26,-8.25,-0.62,23.79,-13.32,7.81,0.35,0.29,-0.10
20841807,1.29,-8.09,-0.68,27.06,-12.45,8.29,0.35,0.29,-0.10
20850894,1.42,-8.18,-0.55,27.41,-13.27,7.57,0.35,0.29,-0.10
20861959,1.66,-8.40,-0.58,28.29,-13.97,6.62,0.35,0.26,-0.11
20872207,1.88,-8.40,-0.40,30.48,-15.63,6.38,0.35,0.26,-0.11
20881607,1.97,-8.11,-0.39,30.77,-16.84,7.45,0.36,0.29,-0.10
20891846,1.85,-7.59,-0.34,29.25,-17.88,7.14,0.36,0.29,-0.10
20901228,1.76,-7.33,-0.25,28.22,-20.35,5.27,0.36,0.29,-0.10
20914764,1.79,-6.95,-0.17,24.86,-21.82,3.68,0.35,0.28,-0.10
20924422,1.99,-6.94,-0.16,19.42,-24.24,4.80,0.35,0.28,-0.10
20934025,2.11,-7.30,-0.35,12.96,-25.28,5.48,0.36,0.29,-0.10
20943042,1.95,-7.85,-0.41,7.98,-25.08,6.10,0.36,0.29,-0.10
20952409,1.79,-8.43,-0.43,5.86,-25.64,6.11,0.36,0.29,-0.10
20962789,1.82,-8.92,-0.51,7.15,-27.24,5.19,0.36,0.29,-0.11
20972144,1.97,-9.09,-0.57,9.43,-26.78,3.75,0.36,0.29,-0.11
20981844,2.00,-8.91,-0.52,11.31,-27.52,2.21,0.36,0.29,-0.11
20991896,2.00,-8.81,-0.74,11.96,-26.97,0.96,0.36,0.29,-0.11
21001421,1.89,-9.12,-0.74,11.55,-26.75,0.89,0.36,0.29,-0.11
21011707,1.83,-9.40,-0.99,12.62,-26.85,0.47,0.35,0.29,-0.11
21024214,1.77,-9.41,-1.31,12.80,-25.49,1.28,0.35,0.29,-0.11
21033973,1.75,-9.31,-1.48,9.38,-20.97,2.94,0.34,0.29,-0.11
21043822,1.66,-9.33,-1.60,5.06,-16.29,4.85,0.34,0.29,-0.11
21053227,1.40,-9.37,-1.93,1.10,-14.00,4.94,0.34,0.29,-0.11
21062694,1.06,-9.29,-1.95,-1.09,-9.89,3.95,0.35,0.29,-0.12
21073068,0.90,-9.14,-1.77,-1.76,-12.90,3.00,0.35,0.29,-0.12
21082622,0.91,-9.02,-1.76,-4.00,-16.20,3.49,0.34,0.30,-0.12
21092150,0.70,-8.87,-1.78,-4.57,-20.61,3.88,0.34,0.30,-0.12
21101662,0.66,-8.88,-1.80,-5.28,-25.22,4.75,0.34,0.30,-0.12
21111825,0.69,-8.99,-1.84,-4.22,-28.85,5.82,0.35,0.29,-0.12
21122437,0.81,-8.93,-1.61,-0.62,-32.96,7.03,0.35,0.29,-0.12
21132010,0.86,-8.57,-1.58,-1.19,-37.93,7.27,0.35,0.30,-0.12
21141450,0.99,-8.51,-1.63,-4.92,-39.80,6.85,0.35,0.30,-0.12
21153308,0.95,-8.80,-1.78,-8.84,-37.08,4.87,0.35,0.30,-0.12
21162546,1.01,-8.98,-1.72,-10.58,-33.43,3.61,0.33,0.29,-0.14
21171983,1.05,-8.97,-1.40,-12.36,-32.88,2.58,0.33,0.29,-0.14
21182271,1.08,-8.99,-1.42,-15.90,-31.89,1.96,0.34,0.30,-0.14
21191920,1.01,-9.04,-1.59,-17.52,-30.64,0.91,0.34,0.30,-0.14
21201012,0.97,-9.27,-1.86,-16.16,-27.89,-0.32,0.34,0.30,-0.14
21210668,0.87,-9.50,-1.84,-12.45,-24.23,-1.86,0.34,0.29,-0.14
21224354,0.68,-9.77,-1.73,-8.23,-26.84,-2.97,0.34,0.29,-0.14
21234917,0.57,-10.06,-2.00,-6.25,-25.26,-1.77,0.34,0.29,-0.14
21244387,0.42,-10.36,-2.17,-3.29,-24.41,-2.00,0.34,0.29,-0.14
21254917,0.17,-10.53,-2.38,1.88,-22.32,-1.12,0.33,0.29,-0.15
21264479,-0.06,-10.58,-2.59,6.54,-20.76,-0.67,0.33,0.29,-0.15
21274133,-0.45,-10.64,-2.67,9.65,-22.18,-0.18,0.33,0.29,-0.15
21283532,-0.73,-10.59,-2.99,12.31,-20.43,0.21,0.33,0.29,-0.15
21292622,-1.21,-10.32,-3.34,16.26,-19.17,-0.67,0.33,0.29,-0.15
21302490,-1.25,-10.02,-3.44,18.22,-19.20,-2.36,0.33,0.29,-0.15
21311550,-1.37,-9.38,-3.19,15.43,-18.08,-2.05,0.33,0.29,-0.15
21325164,-1.07,-10.50,0.08,20.75,-24.52,-2.56,0.33,0.29,-0.15
21335073,5.33,-16.01,4.82,134.00,-158.76,-1.71,0.32,0.29,-0.16
21344382,9.99,-14.47,3.25,29.00,-119.21,48.53,0.32,0.29,-0.16
21356623,8.50,-19.33,-6.03,19.42,-34.56,50.09,0.31,0.30,-0.15
21366933,8.01,-15.55,0.36,5.51,129.36,49.50,0.31,0.30,-0.15
21376069,3.54,-9.94,1.18,2.96,64.06,29.42,0.31,0.30,-0.15
21385801,2.88,-8.73,-5.10,-13.90,85.72,20.89,0.32,0.30,-0.14
21395766,-1.10,-10.42,-3.14,4.03,107.35,4.00,0.32,0.30,-0.14
21404794,-2.77,-10.09,-1.77,20.84,83.10,-0.01,0.33,0.29,-0.14
21414585,-2.49,-9.67,2.03,26.07,52.47,-0.24,0.33,0.29,-0.14
21428356,-0.17,-10.00,2.33,16.44,-39.08,6.86,0.33,0.29,-0.14
21438000,2.99,-10.62,0.55,23.17,-71.46,19.52,0.33,0.29,-0.13
21448019,5.58,-10.24,0.47,33.39,-75.17,27.33,0.33,0.29,-0.13
21459192,5.69,-8.94,-0.39,25.83,-57.58,26.27,0.32,0.29,-0.12
21469837,4.67,-7.27,0.81,15.25,-28.59,19.84,0.32,0.29,-0.12
21480155,4.20,-6.45,1.54,3.88,-32.95,12.49,0.32,0.30,-0.14
21490438,4.65,-7.19,1.43,-3.69,-32.78,6.04,0.32,0.30,-0.14
21499984,4.47,-7.82,0.97,-7.52,-30.62,0.67,0.32,0.30,-0.14
21509077,4.28,-8.48,0.63,-10.59,-26.96,-2.54,0.32,0.30,-0.15
21518498,4.18,-8.60,0.38,-10.85,-19.05,-6.55,0.32,0.30,-0.15
21531722,4.11,-8.26,0.23,-9.90,-6.82,-10.83,0.31,0.31,-0.14
21541077,4.27,-8.13,0.04,-7.32,2.07,-11.07,0.31,0.31,-0.14
21550228,3.98,-8.22,0.22,-2.97,0.39,-11.28,0.31,0.31,-0.14
21562492,4.15,-8.07,-0.47,0.82,10.26,-10.97,0.32,0.30,-0.15
21572317,4.03,-8.11,-0.60,1.60,21.91,-10.37,0.32,0.30,-0.15
21581954,3.35,-8.14,-0.38,0.52,29.52,-10.71,0.31,0.30,-0.15
21591480,2.80,-8.28,-0.54,1.22,28.47,-10.39,0.31,0.30,-0.15
21601052,2.47,-8.17,-0.68,0.89,39.42,-10.14,0.31,0.30,-0.15
21610548,2.09,-8.15,-0.25,0.87,44.66,-10.92,0.31,0.30,-0.14
21620328,1.80,-7.90,-0.03,-1.97,40.28,-10.54,0.31,0.30,-0.14
21633712,1.50,-7.69,-0.09,-2.73,33.96,-8.68,0.31,0.30,-0.13
21642971,1.57,-7.65,-0.03,-4.66,30.81,-5.66,0.31,0.30,-0.13
21652412,1.60,-7.86,-0.11,-6.20,27.45,-3.60,0.31,0.30,-0.13
21664420,1.57,-8.17,0.01,-8.51,26.24,-1.29,0.30,0.31,-0.14
21674192,1.53,-8.47,-0.07,-9.87,28.60,-0.59,0.30,0.31,-0.14
21683710,1.69,-8.92,-0.11,-9.99,29.72,0.56,0.31,0.30,-0.12
21692757,1.93,-9.09,-0.34,-9.77,30.38,0.79,0.31,0.30,-0.12
21701854,2.16,-9.01,-0.32,-10.03,33.56,1.49,0.31,0.30,-0.12
21710967,2.46,-8.93,-0.46,-10.11,33.79,2.07,0.31,0.31,-0.13
21720813,2.50,-8.64,-0.32,-10.65,38.22,3.01,0.31,0.31,-0.13
21730045,2.49,-8.48,-0.35,-12.45,42.14,3.64,0.30,0.31,-0.13
21741950,2.53,-8.62,-0.59,-14.47,45.08,4.11,0.30,0.31,-0.13
21751705,2.59,-8.74,-0.71,-14.97,46.07,4.40,0.30,0.31,-0.13
21760786,2.63,-8.76,-0.71,-15.50,49.12,4.70,0.31,0.31,-0.14
21770955,2.64,-8.57,-0.64,-16.05,53.60,5.46,0.31,0.31,-0.14
21780073,2.65,-8.45,-0.55,-17.60,55.68,6.52,0.31,0.31,-0.14
21789251,2.58,-8.56,-0.64,-18.54,56.93,7.46,0.31,0.31,-0.14
21798769,2.62,-8.62,-0.73,-18.75,59.39,8.70,0.31,0.31,-0.14
21808192,2.53,-8.73,-0.68,-18.98,61.62,9.70,0.31,0.30,-0.12
21817595,2.36,-8.87,-0.72,-18.58,65.35,11.15,0.31,0.30,-0.12
21826566,2.25,-8.87,-0.90,-18.02,67.67,12.46,0.31,0.30,-0.12
21837772,2.20,-8.82,-0.87,-15.45,70.90,15.57,0.31,0.30,-0.13
21847300,1.97,-8.67,-0.84,-13.46,70.20,17.34,0.31,0.30,-0.13
21856807,1.70,-8.65,-0.68,-13.67,71.15,18.18,0.32,0.30,-0.13
21865889,1.35,-8.85,-0.79,-13.81,73.44,18.93,0.32,0.30,-0.13
21875327,1.02,-9.10,-0.85,-13.88,74.18,20.34,0.32,0.30,-0.13
21884687,0.93,-9.37,-0.96,-13.19,73.39,21.32,0.33,0.30,-0.12
21893970,0.95,-9.38,-1.05,-11.81,73.42,22.87,0.33,0.30,-0.12
21903031,0.99,-9.18,-1.11,-10.60,75.52,23.62,0.33,0.30,-0.12
21912135,1.04,-9.00,-1.02,-10.76,77.42,24.27,0.33,0.30,-0.12
21921569,1.08,-8.91,-1.25,-10.68,77.05,25.59,0.33,0.30,-0.12
21930688,1.50,-8.96,-1.12,-10.23,79.78,26.14,0.33,0.30,-0.11
21940926,1.39,-8.95,-1.34,-10.37,77.74,26.25,0.33,0.30,-0.11
21950113,1.44,-8.97,-1.08,-13.32,73.68,27.20,0.33,0.30,-0.11
21959542,1.48,-9.13,-1.34,-10.19,78.78,27.52,0.34,0.29,-0.10
21971330,0.95,-9.17,-1.21,-11.27,72.97,28.58,0.34,0.29,-0.10
21980544,0.74,-9.05,-1.23,-13.06,65.69,29.34,0.34,0.29,-0.10
21990088,0.73,-8.87,-1.39,-14.45,66.31,29.64,0.34,0.29,-0.10
21999127,0.75,-8.83,-1.76,-15.25,67.99,30.25,0.34,0.29,-0.10
22008769,0.89,-9.08,-1.57,-15.35,64.56,31.11,0.35,0.28,-0.09
22018043,0.69,-9.13,-0.90,-19.00,43.96,29.54,0.35,0.28,-0.09
22027205,1.29,-9.50,-1.61,-21.53,42.42,29.53,0.35,0.28,-0.09
22036554,0.91,-10.02,-1.73,-23.85,37.41,28.90,0.35,0.28,-0.09
22048051,1.17,-9.75,-1.22,-22.61,55.67,29.52,0.35,0.28,-0.09
22058069,0.96,-9.47,-2.00,-28.05,31.61,28.99,0.35,0.28,-0.07
22067267,2.18,-10.54,-2.55,-19.37,91.89,30.84,0.35,0.28,-0.07
22076346,1.60,-10.70,-1.98,-16.60,101.17,29.44,0.35,0.28,-0.07
22085855,0.94,-10.83,-2.03,-15.58,102.02,28.60,0.35,0.27,-0.08
22094950,0.55,-10.70,-2.14,-15.25,100.42,24.03,0.35,0.27,-0.08
22104388,-0.40,-10.71,-1.41,-18.36,78.35,19.31,0.36,0.28,-0.06
22113453,0.97,-9.72,-2.81,-41.43,105.87,17.84,0.36,0.28,-0.06
22122910,0.44,-14.16,-3.44,-43.09,183.78,8.82,0.36,0.28,-0.06
22132052,-1.03,-14.05,4.64,-17.67,82.39,-2.09,0.35,0.28,-0.05
22145093,0.07,-13.92,-1.75,-25.71,39.87,-13.28,0.35,0.28,-0.05
22156908,-1.44,-12.02,1.13,-26.15,-14.07,-18.80,0.34,0.28,-0.05
22166214,1.18,-12.24,-1.67,-27.73,-26.77,-21.09,0.34,0.28,-0.05
22176590,2.42,-11.77,-0.86,-31.76,-46.63,-19.59,0.34,0.28,-0.05
22185874,4.36,-12.20,-1.50,-38.40,-66.54,-21.92,0.32,0.28,-0.06
22195620,5.36,-11.00,-2.28,-38.07,-42.86,-17.38,0.32,0.28,-0.06
22205111,6.09,-11.00,-1.49,-48.82,-40.15,-12.99,0.32,0.28,-0.07
22214364,6.76,-12.53,-1.23,-33.22,15.27,-12.01,0.32,0.28,-0.07
22223753,4.86,-12.24,0.09,-28.19,38.62,-14.18,0.32,0.28,-0.07
22233285,3.60,-11.44,1.08,-29.40,33.45,-15.03,0.32,0.27,-0.06
22246006,2.24,-10.57,1.59,-16.62,59.85,-14.08,0.32,0.27,-0.06
22255990,1.99,-10.26,2.22,-13.07,47.00,-17.61,0.32,0.27,-0.05
22271113,2.42,-9.65,2.07,-12.13,14.32,-23.00,0.32,0.27,-0.05
22280636,3.13,-8.89,1.44,-12.27,2.76,-22.56,0.31,0.27,-0.05
22290153,3.90,-9.17,0.96,-5.86,6.71,-21.96,0.31,0.27,-0.05
22299434,4.20,-9.58,0.43,4.38,24.49,-21.94,0.31,0.27,-0.05
22309257,4.08,-9.44,0.60,10.74,37.72,-20.26,0.31,0.26,-0.05
22318506,3.71,-9.09,0.61,14.75,32.83,-18.73,0.31,0.26,-0.05
22327636,3.44,-9.08,0.50,15.57,32.51,-17.07,0.31,0.27,-0.05
22337254,3.03,-9.40,0.39,16.64,22.39,-15.39,0.30,0.27,-0.05
22350264,2.92,-9.61,-0.03,21.12,10.61,-11.83,0.30,0.27,-0.05
22359485,3.12,-9.94,-0.06,27.81,13.13,-6.93,0.31,0.27,-0.04
22368552,2.78,-9.70,-0.04,33.55,4.09,-1.47,0.31,0.27,-0.04
22377558,2.66,-10.12,-0.10,36.68,6.26,2.93,0.31,0.26,-0.03
22386829,2.23,-9.49,0.18,37.42,9.69,6.60,0.31,0.26,-0.03
22395805,1.71,-8.75,0.22,33.42,6.18,7.25,0.31,0.26,-0.03
22405581,1.43,-8.24,0.14,29.71,-2.44,10.26,0.31,0.26,-0.03
22414847,1.23,-8.50,0.28,30.32,-10.20,11.20,0.31,0.26,-0.03
22424293,1.33,-8.56,0.20,33.36,-24.87,10.90,0.31,0.26,-0.03
22433824,1.65,-8.40,-0.50,33.48,-29.76,11.75,0.32,0.25,-0.02
22442792,1.95,-8.66,-0.74,31.86,-20.20,10.89,0.32,0.25,-0.02
22453513,1.94,-8.83,-0.52,29.70,-15.29,10.18,0.32,0.25,-0.01
22463088,1.82,-8.71,-1.05,33.11,-14.08,8.57,0.32,0.25,-0.01
22472488,1.85,-8.54,-0.81,37.07,-14.49,11.68,0.32,0.25,-0.01
22485921,1.85,-8.64,-0.81,42.53,-14.32,13.04,0.32,0.24,0.00
22495196,1.78,-8.40,-0.91,44.85,-16.47,13.43,0.32,0.24,0.00
22505042,1.64,-8.16,-1.05,45.87,-18.84,11.81,0.31,0.25,-0.01
22514911,1.83,-8.07,-0.77,46.42,-21.26,10.48,0.31,0.25,-0.01
22524669,1.87,-7.71,-1.19,44.08,-21.59,12.70,0.31,0.25,-0.01
22534229,2.09,-7.91,-1.23,38.99,-26.64,14.64,0.32,0.25,0.01
22544074,2.43,-8.24,-1.27,33.60,-22.20,14.45,0.32,0.25,0.01
22555787,2.35,-8.29,-1.38,28.60,-19.65,14.52,0.32,0.23,0.01
22566070,2.05,-8.36,-1.63,27.54,-19.23,17.22,0.32,0.23,0.01
22575625,1.93,-8.21,-1.74,28.52,-17.77,16.31,0.32,0.23,0.01
22586265,1.66,-7.97,-1.76,30.00,-18.34,16.56,0.33,0.21,0.03
22596029,1.39,-7.44,-1.69,28.94,-19.11,18.77,0.33,0.21,0.03
22609002,1.56,-7.87,-2.16,26.13,-24.56,20.13,0.34,0.20,0.03
22620390,1.41,-7.73,-2.23,26.09,-24.89,20.86,0.34,0.20,0.03
22629774,1.35,-7.63,-2.06,21.26,-23.93,21.00,0.33,0.22,0.02
22639676,1.43,-7.68,-2.02,13.50,-26.97,20.41,0.33,0.22,0.02
22649175,1.52,-7.97,-2.41,11.23,-28.67,20.34,0.33,0.22,0.02
22659923,1.38,-8.17,-2.40,9.07,-29.71,18.58,0.33,0.22,0.01
22669670,1.39,-8.31,-2.25,8.94,-34.77,16.52,0.33,0.22,0.01
22679145,1.28,-8.43,-2.54,9.56,-39.15,13.43,0.34,0.21,0.02
22693175,1.24,-8.40,-2.22,9.50,-45.42,10.61,0.34,0.21,0.02
22705953,1.13,-8.13,-2.10,3.74,-56.05,8.40,0.34,0.21,-0.01
22716567,1.24,-8.25,-2.66,-1.41,-56.94,7.79,0.34,0.21,-0.01
22728890,1.49,-8.71,-3.04,1.99,-50.66,4.24,0.34,0.20,0.01
22739338,1.49,-8.89,-2.75,5.22,-43.00,2.36,0.34,0.20,0.01
22749120,1.33,-8.66,-2.23,5.69,-41.25,2.81,0.34,0.20,0.01
22762119,1.04,-8.64,-2.33,4.73,-46.64,3.58,0.35,0.20,-0.00
22772829,1.17,-8.68,-2.52,6.16,-48.30,4.15,0.35,0.20,-0.00
22782355,1.17,-8.92,-2.38,8.09,-51.42,4.40,0.35,0.20,0.01
22791632,1.46,-9.03,-2.83,9.27,-56.10,4.31,0.35,0.20,0.01
22801896,1.53,-9.32,-3.02,12.07,-55.47,4.16,0.36,0.20,-0.02
22811996,1.63,-9.57,-2.88,16.45,-55.27,3.09,0.36,0.20,-0.02
22821378,1.83,-9.88,-3.05,21.81,-56.18,1.52,0.36,0.20,-0.02
22832009,2.00,-9.88,-2.94,26.53,-51.56,-1.22,0.36,0.19,-0.03
22841364,1.89,-9.54,-3.08,29.23,-53.95,-2.51,0.36,0.19,-0.03
22851556,1.68,-9.34,-3.38,26.44,-53.24,-3.67,0.36,0.20,-0.02
22862429,1.18,-9.10,-3.38,17.43,-54.72,-2.66,0.35,0.20,-0.02
22871968,1.38,-9.83,-4.06,9.64,-50.99,-1.57,0.35,0.20,-0.02
22880996,1.13,-10.87,-3.97,9.28,-48.68,2.88,0.36,0.19,-0.03
22893333,1.19,-12.09,-4.31,17.65,-50.56,9.37,0.36,0.19,-0.03
22903528,0.91,-11.93,-5.12,17.26,-50.30,15.99,0.37,0.18,-0.05
22912958,0.38,-11.63,-5.69,10.48,-47.63,21.03,0.37,0.18,-0.05
22922414,-0.10,-11.32,-6.12,2.66,-43.05,26.12,0.37,0.18,-0.05
22933529,-0.18,-12.53,-5.43,-0.85,-47.80,30.34,0.37,0.19,-0.02
22942688,0.76,-14.00,-3.54,7.79,-59.41,34.69,0.37,0.19,-0.02
22953054,8.48,-19.34,6.43,150.58,-188.17,20.03,0.37,0.18,-0.04
22964910,11.71,-8.07,-8.08,-33.69,-47.67,42.32,0.37,0.18,-0.04
22975272,9.06,-14.40,-4.96,-75.02,50.70,53.55,0.37,0.18,-0.04
22985754,6.00,-15.79,-8.57,2.48,-17.75,46.74,0.38,0.18,-0.07
22995870,4.92,-13.58,-5.92,8.13,25.65,34.00,0.38,0.18,-0.07
23005383,2.78,-10.45,-4.43,-14.98,66.73,21.65,0.39,0.17,-0.07
23014837,0.58,-8.62,-1.06,9.23,24.15,16.79,0.39,0.17,-0.07
23025291,2.47,-6.48,0.42,1.58,9.20,11.99,0.39,0.17,-0.07
23035597,5.32,-7.04,5.02,-0.28,-19.19,10.95,0.39,0.18,-0.06
23045625,6.71,-7.76,0.16,-8.58,-40.16,12.95,0.39,0.18,-0.06
23056181,7.61,-10.50,0.04,1.13,-25.53,12.85,0.40,0.18,-0.07
23067880,6.58,-11.62,0.80,-7.17,-5.78,13.91,0.40,0.18,-0.07
23079036,6.06,-10.41,0.55,-7.72,-4.16,7.75,0.39,0.17,-0.09
23089525,5.71,-7.72,1.16,-10.95,10.53,-0.96,0.39,0.17,-0.09
23099858,4.86,-6.81,0.20,-21.10,16.20,-7.19,0.39,0.17,-0.09
23110314,3.93,-7.31,0.63,-22.11,27.37,-8.16,0.39,0.18,-0.08
23119830,3.60,-7.66,0.71,-21.39,26.33,-5.46,0.39,0.18,-0.08
23129335,3.32,-8.05,0.95,-20.26,26.79,-1.27,0.40,0.18,-0.08
23138846,3.08,-8.09,0.87,-21.67,23.19,1.09,0.40,0.18,-0.08
23149477,3.30,-8.15,0.35,-22.61,15.04,1.33,0.40,0.18,-0.08
23159931,3.51,-8.08,0.29,-22.09,6.65,1.49,0.40,0.18,-0.09
23170678,3.89,-7.87,-0.09,-22.37,4.91,0.00,0.40,0.18,-0.09
23179793,3.99,-7.51,-0.03,-23.84,9.24,-3.12,0.40,0.18,-0.09
23189214,3.86,-7.00,-0.21,-23.77,11.74,-6.22,0.40,0.18,-0.09
23201396,3.92,-6.51,-0.32,-25.94,12.35,-10.57,0.39,0.19,-0.09
23210869,4.10,-6.81,-0.28,-26.00,10.77,-14.11,0.39,0.19,-0.09
23221144,4.40,-6.91,-0.74,-24.13,13.34,-19.77,0.39,0.19,-0.09
23230152,4.26,-6.91,-0.74,-21.01,16.71,-20.52,0.39,0.19,-0.09
23240631,4.30,-7.11,-0.98,-15.36,22.31,-22.49,0.39,0.19,-0.09
23250047,3.95,-7.40,-0.91,-10.40,26.84,-25.80,0.39,0.19,-0.09
23260089,3.63,-7.56,-1.10,-5.76,33.74,-28.86,0.39,0.19,-0.09
23272571,2.80,-7.84,-0.63,1.59,37.31,-31.35,0.39,0.19,-0.09
23281776,2.57,-7.78,-1.06,3.39,42.36,-33.44,0.39,0.20,-0.09
23292071,2.17,-7.74,-0.55,4.53,49.19,-33.82,0.39,0.20,-0.09
23304040,1.71,-7.60,-0.71,5.39,46.42,-34.74,0.39,0.21,-0.09
23313352,1.54,-7.47,-0.06,3.41,44.57,-34.97,0.39,0.21,-0.09
23322501,1.36,-7.28,-0.14,1.29,39.50,-34.66,0.39,0.21,-0.09
23332250,1.57,-7.23,-0.27,-5.29,33.40,-32.57,0.38,0.21,-0.08
23341919,2.07,-7.06,-0.39,-9.53,32.79,-30.56,0.38,0.21,-0.08
23353086,2.40,-7.10,-0.74,-11.35,29.30,-27.15,0.38,0.22,-0.07
23362713,2.76,-7.05,-0.60,-11.99,29.49,-22.77,0.38,0.22,-0.07
23374530,3.14,-7.13,-0.80,-13.12,30.77,-15.73,0.38,0.22,-0.07
23384380,3.13,-7.20,-0.88,-13.08,33.28,-14.50,0.38,0.22,-0.07
23394077,3.01,-7.32,-0.65,-15.40,32.94,-11.74,0.38,0.22,-0.07
23405474,2.96,-7.66,-0.63,-16.15,34.94,-8.19,0.37,0.23,-0.07
23414913,2.82,-8.21,-0.68,-14.52,37.05,-5.84,0.37,0.23,-0.07
23426260,2.60,-8.72,-0.62,-13.11,43.40,-4.00,0.38,0.22,-0.07
23436219,2.29,-9.01,-1.21,-9.12,47.46,-2.19,0.38,0.22,-0.07
23447253,1.86,-8.81,-0.89,-7.96,52.76,-0.33,0.38,0.22,-0.07
23457622,1.41,-8.56,-0.63,-9.08,56.00,1.87,0.38,0.23,-0.06
23467095,1.35,-8.37,-0.78,-10.85,54.33,3.66,0.38,0.23,-0.06
23476942,1.19,-8.32,-0.68,-12.73,47.46,6.23,0.38,0.23,-0.05
23487531,1.33,-8.46,-0.63,-12.28,42.56,8.44,0.38,0.23,-0.05
23497626,1.22,-8.55,-0.66,-11.14,34.56,9.19,0.38,0.23,-0.05
23507897,1.23,-8.88,-0.56,-9.41,26.31,9.34,0.39,0.23,-0.05
23518174,1.52,-9.00,-0.59,-9.15,17.13,8.50,0.39,0.23,-0.05
23527361,1.71,-9.14,-0.98,-7.55,11.47,7.41,0.39,0.23,-0.06
23536623,1.91,-9.15,-1.06,-6.22,8.74,5.87,0.39,0.23,-0.06
23546053,2.08,-9.00,-1.27,-4.61,7.29,5.84,0.39,0.23,-0.06
23555637,2.17,-8.61,-1.26,-5.01,9.06,6.72,0.38,0.23,-0.06
23565072,2.13,-8.35,-1.20,-5.09,6.78,7.15,0.38,0.23,-0.06
23578473,2.10,-8.35,-1.11,-7.00,7.92,7.46,0.39,0.23,-0.05
23588480,2.12,-8.32,-1.21,-6.55,7.36,7.41,0.39,0.23,-0.05
23598978,2.02,-8.27,-1.56,-4.58,6.81,7.64,0.39,0.23,-0.05
23609562,2.12,-8.16,-1.37,-7.18,9.13,8.23,0.38,0.23,-0.05
23618979,2.15,-8.21,-1.55,-8.23,9.80,9.34,0.38,0.23,-0.05
23628165,2.34,-8.36,-1.46,-8.14,10.48,11.00,0.39,0.24,-0.07
23637327,2.47,-8.41,-1.55,-8.79,11.82,11.96,0.39,0.24,-0.07
23646455,2.54,-8.38,-1.37,-9.12,13.07,12.99,0.39,0.24,-0.07
23655878,2.53,-8.47,-1.68,-9.49,13.26,14.52,0.39,0.23,-0.06
23666571,2.49,-8.59,-1.75,-9.16,19.45,15.28,0.39,0.23,-0.06
23675925,2.25,-8.74,-1.46,-9.42,23.89,15.21,0.39,0.23,-0.05
23687830,2.03,-8.92,-1.81,-9.33,30.67,14.91,0.39,0.23,-0.05
23697227,1.59,-9.19,-1.58,-7.94,31.20,14.08,0.39,0.23,-0.05
23707473,1.05,-9.07,-1.51,-7.35,39.74,12.77,0.40,0.23,-0.05
23717346,0.86,-9.25,-1.46,-7.76,41.19,12.28,0.40,0.23,-0.05
23726476,0.79,-9.28,-1.46,-9.56,42.87,11.54,0.40,0.23,-0.06
23737029,0.47,-9.70,-2.12,-11.40,46.31,10.20,0.40,0.23,-0.06
23746559,0.50,-9.81,-2.26,-13.07,49.06,9.83,0.40,0.23,-0.06
23808791,-0.31,-10.27,-3.85,-30.49,78.26,9.92,0.41,0.24,-0.03
23818298,-0.76,-9.71,-4.95,-39.87,81.79,12.91,0.41,0.24,-0.03
23828048,-0.01,-13.48,-7.13,-57.58,142.56,5.80,0.40,0.24,-0.03
23837727,-2.09,-12.95,3.93,-54.99,54.07,-11.83,0.40,0.24,-0.03
23848292,-2.89,-16.04,-0.80,-32.53,61.30,-24.97,0.40,0.24,-0.03
23858759,-3.68,-12.78,0.77,-49.54,-41.56,-29.32,0.40,0.25,-0.03
23868253,-0.93,-12.37,-1.22,-65.05,-93.83,-26.55,0.40,0.25,-0.03
23879046,3.94,-11.54,1.53,-66.18,-98.15,-20.71,0.39,0.24,-0.04
23889809,6.87,-13.08,-0.94,-73.18,-78.36,-14.44,0.39,0.24,-0.04
23899505,9.50,-14.31,3.16,-69.23,-81.69,-18.02,0.39,0.28,-0.06
23909041,9.56,-12.53,1.70,-73.73,-97.55,-24.02,0.38,0.25,-0.06
23918830,10.25,-13.25,0.16,-58.34,-28.63,-25.81,0.38,0.25,-0.06
23928805,7.93,-11.89,0.84,-53.71,5.21,-23.67,0.39,0.24,-0.07
23938414,5.25,-11.05,2.00,-39.96,52.58,-20.74,0.39,0.24,-0.07
23948420,3.19,-8.84,2.99,-41.06,48.97,-16.97,0.39,0.24,-0.07
23957815,2.22,-9.26,2.34,-34.77,56.74,-15.46,0.39,0.24,-0.09
23968904,1.85,-10.63,2.03,-20.51,49.88,-14.90,0.39,0.24,-0.09
23978054,1.83,-10.26,1.39,-17.78,34.30,-15.40,0.39,0.25,-0.08
23989050,2.51,-10.74,1.15,-11.40,30.98,-20.16,0.39,0.25,-0.08
23999215,2.77,-10.81,1.34,-7.32,27.43,-20.29,0.39,0.25,-0.07
24008650,3.27,-10.52,1.31,1.58,17.89,-21.09,0.39,0.24,-0.07
24019560,3.65,-10.71,1.29,16.00,11.25,-16.17,0.39,0.24,-0.07
24029162,3.69,-10.78,1.07,20.17,9.44,-14.08,0.39,0.25,-0.08
24038683,3.45,-10.42,1.03,16.79,13.20,-7.96,0.39,0.25,-0.08
24048219,2.88,-10.13,0.71,11.64,16.51,-1.67,0.39,0.25,-0.08
24058130,2.29,-10.42,0.42,15.85,21.43,1.81,0.39,0.25,-0.07
24067514,1.57,-10.17,0.36,20.96,20.04,5.24,0.39,0.25,-0.07
24076557,1.17,-9.78,0.63,23.52,13.06,9.55,0.38,0.25,-0.06
24090332,0.73,-9.00,0.30,27.06,1.72,13.98,0.38,0.25,-0.06
24099931,0.63,-8.42,0.19,28.38,2.94,15.28,0.39,0.25,-0.06
24110133,0.42,-7.74,0.36,27.99,0.11,14.24,0.39,0.25,-0.06
24120485,0.75,-7.07,0.61,23.29,-5.89,14.67,0.39,0.25,-0.06
24130678,1.11,-7.02,0.55,12.18,-21.29,17.46,0.38,0.25,-0.05
24140398,1.16,-7.42,-0.50,13.84,-28.35,18.92,0.38,0.25,-0.05
24149859,1.22,-7.80,-0.47,22.09,-21.09,19.63,0.40,0.25,-0.05
24159290,1.34,-7.70,0.06,28.62,-20.05,18.46,0.40,0.25,-0.05
24169275,1.76,-7.24,-0.12,32.28,-23.66,16.88,0.40,0.25,-0.05
24179308,1.93,-6.92,-0.23,30.34,-19.42,13.95,0.39,0.25,-0.05
24191968,1.94,-6.84,-0.20,28.50,-15.99,9.16,0.39,0.25,-0.05
24201636,2.08,-6.78,-0.29,28.96,-16.19,6.44,0.39,0.25,-0.06
24211357,2.15,-6.90,-0.38,28.87,-14.58,4.34,0.39,0.25,-0.06
24221515,2.03,-7.09,-0.27,27.62,-14.01,3.22,0.39,0.25,-0.06
24230590,2.09,-7.40,-0.21,25.92,-15.88,2.53,0.39,0.25,-0.06
24239980,2.10,-7.57,-0.23,23.50,-16.65,2.35,0.39,0.25,-0.06
24249042,2.04,-7.72,-0.26,22.25,-17.39,2.30,0.39,0.25,-0.06
24258078,2.08,-7.97,-0.43,22.39,-18.57,3.05,0.39,0.25,-0.06
24267492,2.07,-8.07,-0.51,25.34,-17.82,3.49,0.39,0.25,-0.06
24276880,1.92,-8.19,-0.38,28.13,-18.63,3.89,0.39,0.25,-0.06
24286256,1.69,-8.18,-0.48,28.87,-22.30,3.89,0.39,0.25,-0.06
24327604,1.29,-8.56,-0.74,24.14,-27.35,4.16,0.39,0.26,-0.05
24337165,1.34,-8.30,-0.83,20.86,-30.35,5.13,0.39,0.26,-0.05
24347282,1.30,-8.09,-1.01,13.16,-26.53,7.15,0.39,0.26,-0.05
24357584,1.16,-7.99,-0.92,3.20,-26.15,7.22,0.38,0.26,-0.05
24368532,1.31,-8.06,-1.53,-3.92,-20.72,6.01,0.38,0.26,-0.05
24377836,1.13,-8.33,-1.18,-6.82,-18.70,5.48,0.38,0.25,-0.06
24388298,1.07,-8.46,-1.05,-8.84,-24.94,5.73,0.38,0.25,-0.06
24398984,1.15,-8.51,-1.28,-11.79,-31.63,6.04,0.39,0.25,-0.06
24409596,1.42,-8.86,-1.41,-10.53,-34.55,6.18,0.39,0.25,-0.06
24419475,1.51,-9.07,-1.48,-6.10,-38.04,6.12,0.39,0.25,-0.06
24430162,1.69,-9.27,-1.48,-1.94,-41.35,5.37,0.38,0.26,-0.07
24440578,1.59,-9.33,-1.62,-0.32,-43.58,5.47,0.38,0.26,-0.07
24450135,1.56,-9.57,-1.89,-1.07,-41.76,5.65,0.38,0.26,-0.08
24460213,1.56,-9.85,-1.87,1.72,-38.26,5.00,0.38,0.26,-0.08
24470818,1.44,-9.96,-1.71,4.10,-38.52,4.90,0.38,0.26,-0.08
24480774,1.32,-9.78,-1.73,2.29,-35.81,4.34,0.37,0.26,-0.09
24500047,1.07,-9.10,-2.28,-13.56,-18.50,0.74,0.37,0.26,-0.08
24510177,1.12,-9.90,-2.55,-11.39,-12.25,-1.66,0.37,0.26,-0.08
24519514,0.96,-10.50,-2.57,-2.41,-13.70,-2.77,0.37,0.26,-0.08
24529209,0.77,-10.63,-2.76,2.56,-12.42,-3.46,0.38,0.24,-0.09
24539699,0.61,-10.84,-2.96,7.66,-8.81,-3.51,0.38,0.24,-0.09
24549236,-0.10,-11.05,-3.75,12.85,-4.80,-3.72,0.38,0.26,-0.08
24559601,-0.68,-11.01,-3.85,21.91,1.64,-5.60,0.38,0.26,-0.08
24570025,-1.06,-10.53,-4.00,23.68,5.97,-6.89,0.38,0.26,-0.08
24579553,-1.35,-10.18,-4.41,23.20,9.35,-7.72,0.37,0.27,-0.08
24589704,-1.99,-9.95,-4.44,26.84,10.36,-8.98,0.37,0.27,-0.08
24603348,3.96,-19.59,12.38,181.37,-107.01,-20.26,0.37,0.26,-0.08
24613031,6.80,-9.02,7.96,0.35,-192.06,18.21,0.37,0.26,-0.08
24622722,8.35,-16.18,-5.26,-33.20,-127.97,32.15,0.37,0.26,-0.08
24633299,11.90,-19.60,-6.32,55.06,21.72,31.66,0.37,0.26,-0.10
24643270,7.06,-13.22,0.50,72.47,-19.99,39.90,0.37,0.26,-0.10
24652949,5.48,-7.91,-6.85,35.88,52.47,27.77,0.37,0.26,-0.08
24662537,0.89,-9.41,-2.51,24.03,99.91,11.37,0.37,0.26,-0.08
24672984,-0.49,-10.77,-3.95,43.20,73.97,2.17,0.37,0.26,-0.08
24682486,-0.40,-11.25,0.05,46.86,58.00,-3.23,0.37,0.25,-0.08
24691920,0.58,-10.50,0.92,45.09,16.91,-2.20,0.37,0.25,-0.08
24705016,2.44,-11.36,0.81,56.57,-16.77,7.92,0.38,0.26,-0.08
24716376,4.61,-10.27,0.99,58.18,-26.95,15.32,0.38,0.26,-0.08
24726539,4.38,-9.56,0.32,51.43,-5.79,20.47,0.38,0.26,-0.06
24736146,3.49,-8.61,1.08,42.29,-1.64,19.61,0.38,0.26,-0.06
24745757,2.98,-8.03,1.29,19.24,1.72,24.06,0.38,0.26,-0.06
24754922,2.63,-7.95,0.84,10.99,-10.43,22.22,0.38,0.26,-0.06
24765400,3.27,-7.33,0.97,5.01,-18.75,16.04,0.38,0.26,-0.06
24774655,3.77,-6.88,1.26,0.36,-23.24,8.30,0.38,0.26,-0.06
24785513,4.50,-7.29,0.70,-4.20,-24.16,1.48,0.38,0.26,-0.06
24795474,4.77,-7.69,0.22,-11.09,-14.22,-1.48,0.38,0.26,-0.06
24809075,4.50,-7.88,-0.13,-16.05,3.44,-3.70,0.37,0.25,-0.06
24818615,4.22,-8.01,-0.40,-20.74,12.82,-3.72,0.37,0.25,-0.06
24827761,3.97,-7.96,-0.62,-24.08,21.45,-2.89,0.37,0.25,-0.07
24837219,3.60,-7.96,-0.82,-25.45,31.46,-1.21,0.37,0.25,-0.07
24846695,3.16,-8.01,-0.83,-25.52,39.67,-0.89,0.37,0.25,-0.07
24856359,2.74,-7.78,-0.59,-27.22,44.94,-1.60,0.37,0.25,-0.07
24867280,2.43,-7.72,-0.79,-27.71,49.24,-2.46,0.37,0.25,-0.07
24876701,1.92,-8.19,-0.82,-25.95,51.19,-1.09,0.38,0.26,-0.07
24886215,1.82,-8.24,-0.89,-23.19,57.18,-1.09,0.38,0.26,-0.07
24897378,1.53,-8.09,-0.49,-21.61,53.44,0.61,0.38,0.26,-0.07
24910322,1.75,-8.07,-0.53,-20.37,51.64,2.87,0.38,0.25,-0.07
24919709,1.59,-8.08,-0.79,-20.30,48.83,3.91,0.38,0.25,-0.07
24929099,1.56,-8.13,-0.71,-20.18,41.75,4.93,0.39,0.25,-0.05
24940301,1.30,-8.06,-0.45,-20.69,35.57,4.83,0.39,0.25,-0.05
24949844,1.21,-8.10,-0.56,-19.97,28.60,4.21,0.38,0.25,-0.07
24959180,1.22,-8.07,-0.41,-20.39,24.40,4.51,0.38,0.25,-0.07
24969424,1.36,-8.22,-0.54,-20.90,19.00,5.31,0.38,0.25,-0.07
24978961,1.56,-8.18,-0.44,-20.03,15.27,5.54,0.39,0.25,-0.06
24988395,1.83,-8.28,-0.19,-19.30,8.23,7.01,0.39,0.25,-0.06
24998661,1.72,-8.61,-1.27,-15.78,13.09,7.54,0.38,0.25,-0.06
25012496,1.93,-8.96,-0.79,-12.98,8.53,9.87,0.38,0.25,-0.06
25022206,2.03,-8.93,-0.83,-10.04,6.59,9.89,0.38,0.25,-0.06
25031600,2.11,-8.93,-1.07,-8.24,6.03,9.92,0.38,0.25,-0.06
25043562,1.93,-8.77,-1.09,-6.62,6.35,9.09,0.38,0.25,-0.06
25053841,1.86,-8.67,-1.03,-6.46,6.34,9.03,0.39,0.25,-0.07
25064602,1.74,-8.66,-0.96,-6.23,4.71,8.14,0.39,0.25,-0.07
25074283,1.75,-8.72,-0.87,-7.27,2.81,7.36,0.39,0.25,-0.06
25083778,1.74,-8.75,-0.99,-7.55,2.13,6.62,0.39,0.25,-0.06
25093456,1.71,-8.81,-1.08,-7.32,1.04,6.13,0.39,0.25,-0.06
25103048,1.72,-8.80,-1.33,-6.69,2.75,5.22,0.38,0.25,-0.07
25116118,1.74,-8.75,-1.43,-6.47,2.16,4.69,0.38,0.25,-0.07
25125688,1.72,-8.55,-1.44,-6.38,2.35,2.24,0.38,0.24,-0.07
25135168,1.77,-8.51,-1.48,-6.31,3.38,3.85,0.38,0.24,-0.07
25146198,1.69,-8.46,-1.41,-6.82,4.51,3.46,0.38,0.24,-0.07
25156318,1.53,-8.46,-1.50,-8.28,6.05,3.19,0.39,0.25,-0.06
25165721,1.38,-8.62,-1.61,-8.54,8.24,4.55,0.39,0.25,-0.06
25176043,1.27,-8.73,-1.51,-9.20,11.49,7.45,0.39,0.24,-0.07
25185680,1.20,-8.67,-1.32,-10.91,14.11,10.95,0.39,0.24,-0.07
25195862,1.15,-8.75,-1.27,-13.45,12.68,14.53,0.39,0.24,-0.07
25205450,1.29,-8.99,-1.53,-14.84,12.42,18.10,0.39,0.24,-0.07
25218485,1.49,-9.01,-1.40,-16.44,14.27,22.78,0.39,0.24,-0.07
25228814,1.82,-9.04,-1.42,-18.16,15.89,25.23,0.39,0.23,-0.07
25238760,1.68,-9.16,-1.49,-19.13,16.28,25.92,0.39,0.23,-0.07
25248562,1.52,-9.00,-1.23,-20.71,22.73,25.17,0.39,0.23,-0.07
25257961,1.39,-9.19,-1.28,-21.92,25.70,24.23,0.39,0.23,-0.07
25268264,1.32,-9.46,-1.29,-20.72,28.36,23.42,0.39,0.23,-0.07
25278342,1.14,-9.80,-1.44,-19.00,30.95,22.54,0.40,0.24,-0.06
25287696,1.00,-10.07,-1.41,-17.44,30.45,21.21,0.40,0.24,-0.06
25298311,0.92,-10.13,-1.57,-16.74,31.25,18.00,0.40,0.22,-0.07
25308851,0.69,-9.97,-1.93,-18.32,30.45,13.02,0.40,0.22,-0.07
25320758,0.54,-9.70,-2.32,-20.82,29.97,8.02,0.40,0.22,-0.07
25330300,0.49,-9.72,-2.52,-22.36,24.96,5.01,0.40,0.22,-0.07
25340557,0.46,-9.89,-2.62,-26.00,24.10,2.45,0.40,0.22,-0.07
25350868,0.43,-10.11,-2.93,-29.40,24.64,0.81,0.40,0.22,-0.07
25360706,0.20,-10.42,-3.13,-31.68,30.78,-0.32,0.40,0.22,-0.07
25371901,-0.28,-10.55,-2.97,-33.41,37.45,-0.52,0.40,0.22,-0.08
25381391,0.81,-7.58,-7.46,-90.57,57.52,1.60,0.39,0.22,-0.08
25391813,-2.41,-15.30,3.32,-28.44,84.95,-15.44,0.39,0.22,-0.08
25401274,0.93,-12.32,-0.12,-51.68,17.77,-16.86,0.39,0.21,-0.05
25411476,-1.86,-13.49,1.42,-44.47,14.11,-20.77,0.39,0.21,-0.05
25423658,-1.13,-14.04,2.72,-36.61,-43.92,-19.96,0.38,0.22,-0.08
25433207,1.84,-14.28,2.06,-41.73,-96.29,-12.08,0.38,0.22,-0.08
25443421,4.61,-15.04,1.73,-33.63,-94.00,-6.12,0.38,0.22,-0.08
25453200,6.96,-13.73,1.00,-28.93,-103.47,-10.48,0.38,0.22,-0.09
25463607,8.98,-11.79,1.17,-29.96,-106.49,-15.87,0.38,0.22,-0.09
25473188,9.04,-9.89,0.84,-43.30,-75.65,-19.50,0.37,0.22,-0.13
25483076,7.22,-10.64,1.72,-22.85,-21.25,-22.82,0.37,0.22,-0.13
25493338,4.53,-9.58,3.11,-14.52,-2.87,-23.61,0.37,0.22,-0.13
25503818,3.14,-9.89,3.19,-7.25,-4.09,-22.16,0.37,0.21,-0.12
25513382,2.46,-10.37,2.52,7.88,-4.23,-20.46,0.37,0.21,-0.12
25525437,2.24,-10.19,2.52,16.27,-9.27,-20.22,0.37,0.21,-0.12
25536139,2.19,-10.22,2.06,15.84,-14.04,-20.68,0.37,0.21,-0.12
25546428,2.40,-10.10,1.54,16.13,-10.75,-19.49,0.37,0.21,-0.12
25556640,2.72,-9.82,1.33,17.76,1.65,-17.89,0.36,0.21,-0.12
25566941,2.71,-9.86,1.11,23.03,9.87,-17.98,0.36,0.21,-0.12
25577289,2.27,-9.80,1.09,29.88,10.95,-15.87,0.36,0.22,-0.12
25587574,1.81,-9.58,0.98,34.39,9.05,-13.60,0.36,0.22,-0.12
25597900,1.22,-9.69,1.01,35.80,7.10,-9.12,0.36,0.23,-0.13
25609149,0.72,-9.87,1.08,36.38,-1.61,-5.49,0.36,0.23,-0.13
25619975,0.49,-9.81,0.85,35.04,-10.75,-2.91,0.36,0.23,-0.13
25630595,0.43,-9.67,0.91,33.56,-24.46,-0.07,0.35,0.22,-0.12
25640344,0.48,-9.20,0.67,34.41,-32.36,0.81,0.35,0.22,-0.12
25650928,0.55,-8.35,0.64,35.03,-41.86,1.74,0.36,0.23,-0.12
25660317,0.63,-7.93,0.61,33.78,-47.97,4.45,0.36,0.23,-0.12
25669555,0.80,-7.70,0.68,32.80,-54.61,6.13,0.36,0.23,-0.12
25679744,1.13,-7.66,0.33,30.63,-60.39,8.40,0.35,0.23,-0.13
25689098,1.32,-7.67,0.13,30.22,-62.94,10.89,0.35,0.23,-0.13
25698435,1.53,-7.98,-0.05,29.43,-62.83,11.42,0.35,0.22,-0.13
25707979,1.76,-8.16,-0.05,29.05,-60.26,9.74,0.35,0.22,-0.13
25718390,1.83,-8.09,-0.11,29.36,-57.83,8.66,0.35,0.22,-0.13
25730958,1.83,-8.36,-0.10,27.81,-56.89,5.28,0.34,0.23,-0.13
25740751,1.87,-8.56,-0.12,29.90,-59.51,3.78,0.34,0.23,-0.13
25750079,1.94,-8.42,-0.21,31.89,-59.83,3.29,0.34,0.23,-0.13
25762148,1.99,-8.09,-0.23,32.54,-60.44,2.52,0.34,0.23,-0.13
25771365,1.91,-7.66,-0.39,34.90,-57.77,2.34,0.33,0.23,-0.15
25780769,1.80,-7.09,-0.16,35.31,-54.24,2.25,0.33,0.23,-0.15
25790123,1.70,-6.97,0.01,32.67,-56.32,1.29,0.33,0.23,-0.15
25799506,1.78,-7.07,-0.06,27.76,-56.68,0.60,0.33,0.23,-0.15
25809703,1.79,-7.51,-0.17,23.10,-53.95,1.91,0.33,0.23,-0.15
25819345,1.55,-7.90,-0.11,20.31,-51.49,2.96,0.33,0.23,-0.15
25833073,1.42,-8.35,-0.27,17.30,-46.47,2.57,0.31,0.23,-0.15
25842521,1.23,-8.45,0.06,15.89,-48.55,1.98,0.31,0.23,-0.15
25852062,1.47,-8.54,-0.10,15.15,-51.66,0.74,0.32,0.22,-0.15
25862394,1.51,-8.60,-0.12,15.15,-55.61,0.32,0.32,0.22,-0.15
25872085,1.50,-8.58,-0.28,14.39,-57.34,-0.15,0.31,0.23,-0.16
25881611,1.45,-8.53,-0.23,12.26,-56.57,-0.54,0.31,0.23,-0.16
25891900,1.38,-8.51,-0.19,6.58,-57.37,-2.03,0.31,0.23,-0.16
25901303,1.30,-8.73,-0.81,2.30,-53.91,-3.26,0.30,0.23,-0.17
25911644,0.95,-8.89,-0.94,1.05,-46.28,-4.32,0.30,0.23,-0.17
25921628,0.62,-9.08,-1.12,2.69,-43.28,-4.52,0.29,0.23,-0.16
25934842,0.18,-8.93,-1.29,1.47,-41.94,-4.06,0.29,0.23,-0.16
25944579,0.13,-9.02,-1.40,0.67,-39.31,-5.22,0.29,0.23,-0.16
25954227,-0.14,-9.14,-1.48,3.93,-35.04,-7.73,0.28,0.24,-0.16
25963982,-0.13,-8.97,-0.46,6.66,-41.81,-6.27,0.28,0.24,-0.16
25973826,0.00,-8.98,-1.04,3.30,-56.86,-2.74,0.28,0.23,-0.16
25984265,0.70,-9.11,-1.77,5.25,-54.42,-1.42,0.28,0.23,-0.16
25994669,0.81,-8.93,-1.12,11.60,-49.68,0.22,0.28,0.23,-0.16
26004103,0.82,-8.84,-0.74,11.23,-50.71,3.99,0.28,0.24,-0.17
26014374,0.71,-9.04,-0.92,8.16,-53.52,6.96,0.28,0.24,-0.17
26025156,0.43,-9.17,-1.18,7.09,-55.38,6.94,0.27,0.24,-0.17
26037761,0.36,-9.19,-1.17,4.15,-55.98,4.80,0.27,0.24,-0.17
26047623,0.52,-9.06,-1.34,-0.10,-53.19,3.19,0.26,0.23,-0.16
26057043,1.02,-9.04,-1.33,-4.43,-41.98,1.45,0.26,0.23,-0.16
26068740,1.40,-8.59,-1.03,-14.00,-36.70,0.79,0.26,0.23,-0.16
26078684,1.64,-8.90,-1.68,-17.67,-30.24,1.88,0.26,0.23,-0.18
26087830,1.27,-9.32,-1.81,-14.92,-17.48,2.93,0.26,0.23,-0.18
26098156,0.50,-9.92,-1.77,-11.92,-14.11,3.68,0.26,0.23,-0.18
26107600,-0.11,-10.44,-2.19,-8.03,-12.76,3.58,0.26,0.23,-0.18
26117047,-0.90,-10.68,-2.49,-3.38,-7.54,2.39,0.26,0.23,-0.18
26126623,-1.39,-10.60,-2.55,-0.44,-8.74,0.57,0.26,0.23,-0.17
26139832,-1.52,-10.62,-3.17,4.75,-10.74,-1.70,0.26,0.23,-0.17
26149267,-2.10,-10.83,-3.69,17.58,-11.44,-4.54,0.25,0.23,-0.17
26159540,-2.63,-10.77,-3.83,40.09,-4.06,-6.97,0.25,0.23,-0.17
26170966,3.96,-19.60,13.40,253.91,-179.20,-27.89,0.25,0.25,-0.16
26180455,8.12,-10.86,11.11,31.05,-261.68,31.52,0.25,0.25,-0.16
26190708,15.25,-19.60,-4.49,16.82,-193.76,56.13,0.25,0.25,-0.16
26200521,16.20,-17.61,-1.22,63.03,-42.58,63.89,0.24,0.23,-0.17
26209976,11.28,-9.17,-2.15,27.41,6.61,74.34,0.24,0.23,-0.17
26219777,4.24,-7.11,-6.55,25.86,82.31,54.86,0.24,0.23,-0.17
26230484,-0.59,-7.89,0.32,23.67,105.85,23.30,0.24,0.24,-0.17
26242301,-0.97,-9.17,1.95,9.43,49.86,3.27,0.24,0.24,-0.17
26253015,-0.19,-12.02,2.59,10.99,-12.08,5.31,0.25,0.24,-0.15
26263356,2.58,-13.94,0.58,39.26,-52.26,9.98,0.25,0.24,-0.15
26272840,4.70,-11.97,2.33,41.80,-42.01,14.00,0.25,0.23,-0.15
26282699,4.41,-10.39,1.66,40.13,-43.08,14.28,0.25,0.23,-0.15
26292380,5.18,-8.87,2.00,35.11,-24.99,7.96,0.25,0.23,-0.15
26301811,5.20,-7.82,2.80,24.85,-11.38,2.16,0.25,0.24,-0.15
26313171,4.43,-7.51,2.22,-1.52,-7.49,0.63,0.25,0.24,-0.15
26322584,4.17,-8.37,1.76,-11.81,-5.91,-0.43,0.25,0.24,-0.15
26334340,3.60,-8.57,1.40,-18.09,-1.37,-6.05,0.25,0.24,-0.15
26347322,3.47,-8.78,1.29,-29.02,0.96,-8.46,0.25,0.25,-0.15
26358035,4.07,-9.49,0.38,-26.96,-2.19,-7.24,0.25,0.25,-0.15
26369765,4.46,-9.41,0.08,-20.52,8.88,-5.52,0.25,0.25,-0.15
26380499,4.24,-8.77,0.20,-18.29,17.60,-4.07,0.25,0.25,-0.15
26390863,4.33,-8.26,-0.07,-17.75,28.59,-3.82,0.25,0.25,-0.15
26402018,3.74,-7.89,0.26,-16.72,41.86,-2.77,0.26,0.24,-0.16
26411900,3.07,-8.36,0.14,-13.40,45.57,-0.76,0.26,0.24,-0.16
26422169,2.65,-9.12,-0.10,-8.32,56.66,-0.45,0.26,0.25,-0.15
26432331,2.17,-8.83,0.72,-7.65,61.41,-2.11,0.26,0.25,-0.15
26446280,1.26,-8.57,0.13,-9.43,52.58,-2.52,0.26,0.24,-0.15
26455725,1.08,-8.32,0.07,-11.10,45.97,-3.60,0.26,0.24,-0.15
26466866,0.84,-8.22,-0.02,-13.40,38.55,-3.46,0.26,0.24,-0.15
26476783,0.73,-8.41,-0.00,-14.44,30.17,-3.61,0.26,0.24,-0.14
26487161,0.93,-8.69,0.15,-13.93,16.85,-3.96,0.26,0.24,-0.14
26498054,1.45,-8.99,0.03,-12.85,4.47,-3.51,0.27,0.24,-0.14
26507448,1.96,-9.08,-0.01,-9.74,-0.83,-2.87,0.27,0.24,-0.14
26517874,2.33,-8.76,0.17,-7.57,-1.15,-3.85,0.27,0.24,-0.14
26526999,2.55,-8.33,0.54,-6.89,-2.01,-4.74,0.26,0.25,-0.15
26537231,3.14,-8.25,0.53,-8.33,-1.92,-5.07,0.26,0.25,-0.15
26549739,3.39,-8.39,0.39,-13.11,0.94,-4.43,0.26,0.25,-0.16
26559256,3.39,-8.54,0.15,-15.50,3.83,-4.12,0.26,0.25,-0.16
26568670,3.18,-8.58,0.03,-15.42,10.39,-3.16,0.26,0.25,-0.16
26580943,2.72,-8.71,0.24,-13.66,19.92,-1.92,0.26,0.25,-0.15
26592864,2.28,-8.93,0.40,-11.52,23.08,-0.74,0.26,0.25,-0.15
26604187,2.03,-9.17,0.40,-10.68,18.84,0.31,0.27,0.25,-0.16
26614561,1.97,-9.32,0.43,-10.44,15.95,0.12,0.27,0.25,-0.16
26624813,1.93,-9.33,0.43,-10.25,13.69,-1.50,0.27,0.25,-0.15
26634301,1.88,-9.24,0.95,-9.35,12.73,-3.58,0.27,0.25,-0.15
26643900,2.21,-9.11,0.95,-9.82,4.29,-4.57,0.27,0.25,-0.15
26657238,2.68,-9.23,0.54,-8.97,5.01,-5.01,0.27,0.25,-0.16
26667443,2.87,-9.31,0.60,-7.63,4.20,-5.13,0.27,0.25,-0.16
26677309,2.98,-9.17,0.40,-6.78,13.84,-4.35,0.26,0.25,-0.15
26687112,2.58,-9.02,0.31,-6.09,12.91,-3.26,0.26,0.25,-0.15
26697485,2.15,-9.07,0.43,-4.09,9.28,-0.04,0.27,0.26,-0.16
26707967,2.40,-9.16,0.44,-1.41,16.98,-0.87,0.27,0.26,-0.16
26717346,2.15,-9.13,0.43,-1.30,16.47,0.54,0.27,0.26,-0.16
26728144,2.12,-9.28,0.47,-1.63,15.49,1.51,0.26,0.25,-0.16
26739223,2.18,-9.46,0.24,0.43,15.06,2.07,0.26,0.25,-0.16
26752981,2.14,-9.47,-0.00,2.97,23.66,1.54,0.27,0.26,-0.16
26762459,2.13,-9.39,-0.04,3.54,26.10,0.97,0.27,0.26,-0.16
26772083,2.09,-9.42,-0.17,4.11,28.16,0.44,0.27,0.25,-0.16
26782811,2.00,-9.57,-0.20,5.84,30.01,-0.28,0.27,0.25,-0.16
26792350,1.95,-9.53,-0.12,5.29,30.89,-0.44,0.27,0.25,-0.16
26801798,1.92,-9.57,-0.14,4.42,31.05,-0.01,0.27,0.26,-0.16
26812005,1.68,-9.53,-0.10,3.96,28.06,1.08,0.27,0.26,-0.16
26821486,1.48,-9.57,-0.18,4.77,28.84,1.23,0.28,0.27,-0.16
26830765,1.35,-9.66,-0.08,6.57,27.80,0.97,0.28,0.27,-0.16
26840121,1.20,-9.89,-0.11,8.19,26.63,0.50,0.28,0.27,-0.16
26850322,1.21,-10.03,-0.07,11.16,22.00,-0.81,0.27,0.26,-0.12
26861779,1.41,-9.87,0.07,13.97,16.26,-2.64,0.27,0.26,-0.12
26872241,1.68,-9.75,0.06,16.25,8.09,-4.08,0.27,0.26,-0.14
26882428,2.12,-9.41,0.13,17.63,2.43,-5.01,0.27,0.26,-0.14
26891822,2.29,-9.11,0.14,17.40,-2.07,-4.95,0.27,0.26,-0.14
26902527,2.45,-8.84,0.21,14.10,-4.18,-3.88,0.28,0.27,-0.15
26911987,2.56,-8.85,0.06,11.69,-4.51,-3.74,0.28,0.27,-0.15
26922591,2.58,-8.83,0.00,8.70,-5.50,-3.76,0.27,0.27,-0.14
26933044,2.62,-8.93,-0.25,7.22,-6.26,-4.45,0.27,0.27,-0.14
26942577,2.75,-9.02,-0.47,7.21,-6.62,-4.66,0.27,0.27,-0.14
26951947,2.79,-9.04,-0.71,7.60,-7.13,-4.60,0.27,0.27,-0.14
26964660,2.74,-9.04,-0.90,8.49,-6.64,-4.49,0.27,0.27,-0.14
26974905,2.57,-8.89,-0.89,7.83,-3.12,-4.87,0.27,0.26,-0.13
26984344,2.35,-8.97,-0.86,7.55,1.16,-4.69,0.27,0.26,-0.13
26993372,2.15,-9.11,-0.82,7.18,1.44,-4.00,0.27,0.26,-0.13
27003166,2.03,-9.27,-0.88,6.12,2.20,-2.62,0.27,0.27,-0.15
27012582,1.93,-9.35,-0.88,4.76,3.62,-1.75,0.27,0.27,-0.15
27023351,1.86,-9.46,-0.84,2.94,4.37,-0.76,0.27,0.26,-0.14
27032605,1.90,-9.59,-0.94,1.67,4.05,0.31,0.27,0.26,-0.14
27045472,1.96,-9.61,-1.02,-0.42,4.51,1.64,0.27,0.27,-0.14
27054864,1.98,-9.57,-0.99,-1.85,4.07,2.56,0.27,0.27,-0.14
27066306,1.90,-9.53,-1.07,-1.96,2.48,3.26,0.27,0.27,-0.14
27076510,1.95,-9.46,-1.08,-1.16,0.78,3.65,0.27,0.27,-0.15
27086763,2.02,-9.29,-1.10,-1.21,0.15,3.40,0.27,0.27,-0.15
27096950,2.15,-9.21,-1.06,-1.32,-2.39,3.53,0.27,0.27,-0.13
27106462,2.16,-9.20,-1.11,-1.63,-3.89,4.09,0.27,0.27,-0.13
27116851,2.19,-9.17,-1.15,-2.39,-2.83,4.24,0.27,0.27,-0.13
27127269,2.16,-9.20,-1.08,-3.59,-1.63,4.61,0.27,0.27,-0.13
27137906,2.08,-9.20,-1.08,-4.66,0.06,5.01,0.27,0.27,-0.13
27148322,2.01,-9.19,-1.04,-6.34,0.75,5.37,0.28,0.28,-0.14
27162430,1.91,-9.35,-1.00,-7.44,3.15,6.11,0.28,0.28,-0.14
27173288,1.78,-9.36,-1.05,-8.41,5.43,6.21,0.27,0.28,-0.14
27183750,1.80,-9.46,-0.97,-9.12,7.74,5.86,0.27,0.28,-0.14
27194063,1.79,-9.58,-1.04,-9.01,9.35,6.52,0.27,0.27,-0.14
27204322,1.87,-9.62,-1.08,-8.33,11.14,7.03,0.27,0.27,-0.14
27213703,1.85,-9.55,-1.03,-7.47,12.15,7.54,0.27,0.27,-0.14
27224017,1.88,-9.49,-0.97,-6.72,12.29,7.91,0.28,0.27,-0.14
27234290,1.95,-9.45,-0.84,-7.10,11.65,8.23,0.28,0.27,-0.14
27243807,1.93,-9.49,-0.82,-6.74,9.61,8.17,0.28,0.27,-0.15
27254304,1.91,-9.51,-0.82,-6.68,8.37,7.88,0.28,0.27,-0.15
27267007,1.87,-9.49,-0.82,-8.23,6.68,7.19,0.28,0.27,-0.15
27277626,1.88,-9.51,-0.87,-7.95,7.87,6.62,0.28,0.27,-0.14
27287052,1.85,-9.52,-0.90,-8.23,8.26,6.26,0.28,0.27,-0.14
27296395,1.79,-9.53,-0.93,-7.32,9.12,5.71,0.28,0.27,-0.14
27305827,1.83,-9.44,-0.83,-6.55,9.25,5.29,0.28,0.27,-0.14
27315946,1.75,-9.43,-0.86,-4.70,8.23,5.48,0.28,0.27,-0.14
27325887,1.73,-9.46,-0.81,-4.05,7.11,5.55,0.27,0.28,-0.14
27336287,1.70,-9.48,-0.84,-2.84,5.44,5.63,0.27,0.28,-0.14
27346510,1.73,-9.48,-0.87,-2.39,4.31,5.23,0.28,0.27,-0.14
27356482,1.70,-9.49,-0.78,-2.12,3.52,5.02,0.28,0.27,-0.14
27368796,1.81,-9.55,-0.87,-2.13,1.79,4.54,0.27,0.27,-0.15
27379484,1.87,-9.55,-0.84,-1.02,-1.06,4.16,0.27,0.27,-0.15
27388910,1.87,-9.54,-0.91,-0.67,-2.86,4.53,0.27,0.27,-0.15
27400472,1.92,-9.51,-0.86,-0.59,-3.82,3.73,0.28,0.27,-0.15
27410661,1.92,-9.53,-0.95,-0.02,-3.76,3.66,0.28,0.27,-0.15
27420025,1.85,-9.47,-0.99,-0.36,-2.13,2.86,0.28,0.27,-0.14
27429912,1.88,-9.48,-0.86,-0.67,-1.46,2.62,0.28,0.27,-0.14
27439896,1.89,-9.45,-0.89,-1.01,-2.84,2.80,0.28,0.27,-0.14
27449367,1.86,-9.47,-0.93,-1.15,-2.43,2.72,0.28,0.27,-0.14
27458788,1.87,-9.46,-0.83,-1.23,-1.07,2.45,0.28,0.27,-0.14
27471278,1.86,-9.48,-0.86,-1.23,-1.86,3.07,0.28,0.27,-0.15
27480843,1.83,-9.44,-0.88,-1.57,-0.50,3.19,0.28,0.27,-0.15
27490220,1.79,-9.39,-0.88,-1.87,0.74,3.20,0.28,0.27,-0.15
27501322,1.71,-9.41,-0.84,-2.13,2.81,3.39,0.28,0.27,-0.15
27511501,1.74,-9.43,-0.82,-1.81,2.77,3.59,0.28,0.27,-0.15
27521104,1.69,-9.43,-0.72,-1.78,1.74,4.19,0.28,0.27,-0.16
27532090,1.65,-9.49,-0.76,-1.32,1.54,4.47,0.28,0.27,-0.16
27541450,1.68,-9.38,-0.68,-1.65,0.75,4.49,0.28,0.27,-0.16
27550847,1.68,-9.41,-0.74,-2.41,1.18,4.36,0.27,0.26,-0.15
27560990,1.64,-9.40,-0.69,-2.44,2.19,3.89,0.27,0.26,-0.15
27573707,1.65,-9.47,-0.72,-2.86,2.96,3.68,0.28,0.26,-0.14
27583120,1.67,-9.50,-0.73,-1.87,2.92,3.63,0.28,0.26,-0.14
27593363,1.63,-9.48,-0.76,-1.01,3.28,3.54,0.27,0.26,-0.15
27604885,1.58,-9.54,-0.73,0.30,2.18,3.56,0.27,0.26,-0.15
27615336,1.58,-9.54,-0.73,0.77,2.28,3.35,0.27,0.26,-0.15
27624852,1.60,-9.51,-0.66,0.92,1.59,2.91,0.27,0.27,-0.15
27634370,1.62,-9.50,-0.67,0.69,0.67,2.71,0.27,0.27,-0.15
27643685,1.56,-9.55,-0.72,0.32,1.19,2.50,0.28,0.26,-0.15
27654339,1.58,-9.57,-0.88,1.35,0.82,1.92,0.28,0.26,-0.15
27664331,1.65,-9.54,-0.75,1.37,0.42,1.99,0.28,0.26,-0.15
27675960,1.67,-9.57,-0.77,3.66,-1.63,2.00,0.27,0.26,-0.15
27685452,1.69,-9.49,-0.76,4.06,-2.49,1.90,0.27,0.26,-0.15
27694888,1.68,-9.43,-0.73,4.28,-2.84,1.29,0.28,0.27,-0.15
27706732,1.64,-9.47,-0.78,4.32,-3.59,1.07,0.28,0.27,-0.15
27716141,1.67,-9.48,-0.76,4.65,-5.37,1.25,0.28,0.27,-0.15
27725864,1.69,-9.49,-0.72,4.93,-6.16,1.22,0.28,0.27,-0.14
27735508,1.62,-9.49,-0.76,4.76,-6.26,0.56,0.28,0.27,-0.14
27745373,1.62,-9.45,-0.78,4.03,-5.85,0.49,0.27,0.26,-0.15
27754604,1.70,-9.49,-0.78,3.83,-5.51,0.48,0.27,0.26,-0.15
27764762,1.70,-9.50,-0.75,3.72,-5.74,0.79,0.27,0.26,-0.15
27779124,1.74,-9.51,-0.76,3.46,-7.92,1.74,0.28,0.27,-0.15
27788542,1.66,-9.48,-0.88,3.16,-8.86,2.14,0.28,0.27,-0.15
27799166,1.67,-9.49,-0.94,3.00,-8.45,2.20,0.28,0.27,-0.14
27808865,1.63,-9.46,-0.95,3.18,-8.39,2.69,0.28,0.27,-0.14
27818268,1.62,-9.43,-0.97,3.41,-7.54,2.58,0.27,0.26,-0.15
27827774,1.54,-9.41,-1.01,3.05,-4.70,2.59,0.27,0.26,-0.15
27837736,1.50,-9.38,-0.90,2.75,-5.19,2.69,0.27,0.26,-0.15
27847106,1.51,-9.47,-0.80,2.41,-5.25,2.77,0.28,0.26,-0.13
27856610,1.49,-9.58,-0.93,1.63,-4.75,3.20,0.28,0.26,-0.13
27865701,1.51,-9.60,-0.93,1.28,-4.04,3.10,0.28,0.26,-0.13
27878529,1.58,-9.52,-1.02,1.72,-2.91,3.07,0.28,0.26,-0.15
27888712,1.65,-9.41,-1.01,2.05,-2.11,2.91,0.28,0.26,-0.15
27897728,1.68,-9.31,-0.96,0.97,-0.64,2.99,0.27,0.26,-0.16
27906968,1.63,-9.32,-0.87,0.02,0.25,2.87,0.27,0.26,-0.16
27916413,1.59,-9.41,-0.78,-0.68,1.37,3.34,0.27,0.26,-0.16
27926336,1.58,-9.51,-1.00,-0.42,2.19,3.46,0.27,0.26,-0.15
27935448,1.58,-9.51,-0.94,-0.67,2.31,3.86,0.27,0.26,-0.15
27945273,1.59,-9.49,-0.94,-1.39,2.94,4.14,0.27,0.27,-0.16
27954804,1.59,-9.46,-0.91,-2.08,4.19,4.16,0.27,0.27,-0.16
27963884,1.62,-9.42,-0.85,-2.68,5.29,4.09,0.27,0.27,-0.16
27973013,1.56,-9.44,-0.88,-3.45,6.29,4.12,0.27,0.27,-0.15
27983105,1.63,-9.50,-0.87,-3.54,6.16,4.15,0.27,0.27,-0.15
27992685,1.58,-9.54,-0.79,-2.39,4.87,4.59,0.27,0.26,-0.15
28002192,1.57,-9.51,-0.89,-1.54,3.82,4.72,0.27,0.26,-0.15
28013575,1.56,-9.51,-0.86,-1.22,3.83,4.23,0.27,0.26,-0.15
28022947,1.56,-9.46,-0.86,-0.94,4.43,3.75,0.28,0.27,-0.16
28032249,1.57,-9.49,-0.87,-1.50,4.57,3.58,0.28,0.27,-0.16
28042077,1.56,-9.49,-0.82,-1.73,4.73,3.39,0.27,0.27,-0.16
28052376,1.60,-9.52,-0.79,-1.73,4.57,2.93,0.27,0.27,-0.16
28061832,1.58,-9.55,-0.80,-0.95,4.55,2.67,0.27,0.27,-0.16
28070951,1.61,-9.50,-0.82,0.01,4.26,2.41,0.27,0.26,-0.15
28084441,1.57,-9.49,-0.82,0.05,3.96,1.93,0.27,0.26,-0.15
28093658,1.59,-9.49,-0.82,-0.13,3.81,2.06,0.28,0.26,-0.15
28103535,1.58,-9.46,-0.86,-0.03,3.41,1.85,0.28,0.26,-0.15
28112558,1.57,-9.47,-0.78,-0.75,3.08,1.60,0.28,0.26,-0.15
28122007,1.56,-9.47,-0.81,0.15,2.85,1.86,0.27,0.26,-0.15
28131587,1.54,-9.51,-0.91,0.46,3.13,1.63,0.27,0.26,-0.15
28142796,1.56,-9.50,-0.90,0.67,2.59,1.78,0.27,0.26,-0.14
28153268,1.53,-9.53,-0.92,1.35,2.61,1.47,0.27,0.26,-0.14
28162429,1.55,-9.49,-0.80,1.77,2.33,1.82,0.27,0.26,-0.14
28171984,1.58,-9.43,-0.85,1.43,1.19,2.04,0.28,0.26,-0.15
28181030,1.39,-9.45,-0.85,1.46,1.58,2.13,0.28,0.26,-0.15
28192972,1.53,-9.46,-0.84,1.18,2.31,2.29,0.27,0.27,-0.15
28203390,1.49,-9.49,-0.87,1.10,2.89,2.06,0.27,0.27,-0.15
28212672,1.51,-9.50,-0.89,1.17,2.65,2.10,0.27,0.27,-0.15
28222613,1.52,-9.49,-0.89,1.18,1.91,2.25,0.27,0.26,-0.14
28233244,1.51,-9.48,-0.81,0.80,1.35,2.38,0.27,0.26,-0.14
28242754,1.59,-9.45,-0.87,1.20,1.20,2.17,0.27,0.26,-0.14
28251999,1.60,-9.45,-0.91,0.87,1.20,2.23,0.27,0.26,-0.14
28261531,1.59,-9.46,-0.94,0.83,1.39,0.08,0.27,0.26,-0.14
28270965,1.65,-9.49,-0.91,0.76,1.74,2.28,0.28,0.27,-0.14
28280030,1.62,-9.50,-0.84,1.83,1.63,2.48,0.28,0.27,-0.14
28289883,1.54,-9.50,-0.92,1.41,1.64,2.71,0.28,0.27,-0.14
28300361,1.58,-9.52,-0.88,1.48,2.20,2.41,0.28,0.26,-0.15
28309845,1.60,-9.52,-0.90,1.51,2.77,2.57,0.28,0.26,-0.15
28319927,1.63,-9.53,-0.89,1.47,2.48,2.73,0.27,0.27,-0.13
28329780,1.65,-9.48,-1.04,0.88,2.67,2.69,0.27,0.27,-0.13
28339182,1.77,-9.39,-0.74,0.52,0.59,3.59,0.27,0.27,-0.13
28349427,1.66,-9.42,-0.93,0.20,-0.10,3.97,0.27,0.27,-0.15
28360439,1.58,-9.43,-0.98,0.01,1.65,3.93,0.27,0.27,-0.15
28370643,1.54,-9.43,-0.92,0.25,2.47,3.54,0.27,0.25,-0.15
28380042,1.52,-9.48,-0.94,0.07,2.84,3.60,0.27,0.25,-0.15
28392792,1.51,-9.42,-1.02,-0.12,4.24,3.46,0.27,0.25,-0.15
28403312,1.49,-9.46,-0.92,-0.47,4.64,3.27,0.27,0.25,-0.15
28413023,1.50,-9.48,-0.89,-0.81,5.13,3.18,0.27,0.25,-0.15
28423257,1.52,-9.51,-0.89,-0.54,4.97,3.47,0.26,0.27,-0.14
28433524,1.58,-9.46,-0.91,-1.01,4.93,3.40,0.26,0.27,-0.14
28442985,1.55,-9.50,-0.86,-1.32,4.76,3.66,0.27,0.27,-0.15
28452416,1.53,-9.50,-0.99,-0.94,4.80,3.88,0.27,0.27,-0.15
28462825,1.52,-9.52,-0.83,-0.75,5.15,3.57,0.27,0.27,-0.15
28472347,1.52,-9.51,-0.87,-0.25,4.62,3.33,0.27,0.26,-0.14
28482818,1.49,-9.46,-0.87,-0.50,4.01,3.16,0.27,0.26,-0.14
28500072,1.58,-9.51,-0.87,-0.17,3.65,3.38,0.27,0.26,-0.16
28509772,1.59,-9.51,-0.92,0.23,3.04,3.06,0.27,0.26,-0.16
28519266,1.59,-9.46,-0.91,0.14,3.34,2.99,0.27,0.27,-0.15
28529049,1.58,-9.45,-0.86,-0.14,4.15,2.76,0.27,0.27,-0.15
28538514,1.55,-9.48,-0.91,-0.15,3.52,2.82,0.27,0.27,-0.15
28548414,1.56,-9.45,-0.88,-0.37,2.44,2.66,0.27,0.26,-0.15
28558630,1.55,-9.52,-0.90,-0.13,2.15,2.41,0.27,0.26,-0.15
28569078,1.60,-9.51,-0.90,0.60,1.96,2.13,0.27,0.26,-0.14
28578463,1.61,-9.49,-0.90,1.22,1.69,1.47,0.27,0.26,-0.14
28589084,1.56,-9.46,-0.92,1.59,2.07,1.29,0.27,0.26,-0.14
28599761,1.52,-9.45,-0.89,1.39,1.39,1.33,0.27,0.26,-0.14
28609984,1.52,-9.52,-0.93,1.35,1.20,1.35,0.27,0.26,-0.14
28619325,1.44,-9.51,-0.94,1.66,1.29,1.37,0.27,0.26,-0.14
28629888,1.47,-9.51,-0.97,1.76,0.93,1.23,0.27,0.26,-0.14
28640017,1.47,-9.51,-0.92,2.03,0.74,1.33,0.27,0.26,-0.14
28650440,1.48,-9.49,-0.90,1.56,0.97,1.44,0.26,0.27,-0.14
28659906,1.53,-9.47,-0.94,1.21,1.20,1.44,0.26,0.27,-0.14
28670348,1.50,-9.46,-0.92,1.31,1.41,1.59,0.27,0.27,-0.15
28679582,1.54,-9.48,-0.85,2.13,-0.38,1.70,0.27,0.27,-0.15
28690006,1.52,-9.43,-0.86,1.71,-1.22,2.16,0.27,0.27,-0.15
28701019,1.68,-9.42,-0.90,1.95,-1.70,2.15,0.27,0.26,-0.15
28711481,1.49,-9.46,-0.88,1.58,-1.24,2.13,0.27,0.26,-0.15
28722088,1.48,-9.43,-0.93,1.15,-0.61,2.28,0.27,0.27,-0.15
28731806,1.47,-9.46,-0.90,0.99,0.16,2.09,0.27,0.27,-0.15
28743169,1.52,-9.47,-0.88,0.54,0.51,2.15,0.27,0.27,-0.14
28752377,1.55,-9.50,-0.80,0.46,-0.32,2.35,0.27,0.27,-0.14
28762817,1.59,-9.53,-0.84,0.79,-1.65,2.56,0.27,0.27,-0.14
28773608,1.58,-9.51,-0.85,1.01,-1.37,2.59,0.27,0.27,-0.15
28783608,1.58,-9.50,-0.90,0.73,-0.87,2.33,0.27,0.27,-0.15
28793087,1.62,-9.45,-1.00,0.67,-1.34,2.24,0.27,0.27,-0.15
28804400,1.58,-9.48,-0.94,0.48,-1.21,2.31,0.27,0.27,-0.15
28813950,1.58,-9.48,-1.03,0.32,-0.86,2.29,0.27,0.27,-0.15
28823846,1.55,-9.44,-0.98,0.11,-0.30,1.96,0.27,0.27,-0.15
28833492,1.51,-9.45,-1.08,-0.34,0.25,2.04,0.27,0.27,-0.15
28843206,1.46,-9.49,-1.07,0.03,0.95,1.84,0.26,0.27,-0.15
28853433,1.38,-9.51,-1.05,-0.31,1.57,1.53,0.26,0.27,-0.15
28862827,1.40,-9.51,-1.06,-0.04,1.44,1.69,0.26,0.27,-0.15
28873611,1.44,-9.50,-1.05,0.44,0.19,1.72,0.27,0.27,-0.15
28883143,1.45,-9.51,-1.00,0.39,-0.17,2.33,0.27,0.27,-0.15
28893582,1.49,-9.48,-1.00,0.27,-0.88,2.75,0.26,0.27,-0.15
28904444,1.52,-9.45,-0.91,-0.41,-0.77,2.98,0.26,0.27,-0.15
28913874,1.56,-9.47,-1.02,-0.53,-0.40,2.87,0.26,0.27,-0.15
28922991,1.58,-9.46,-0.98,-0.84,0.16,3.10,0.27,0.26,-0.14
28934604,1.59,-9.49,-0.97,-0.91,0.72,3.54,0.27,0.26,-0.14
28944790,1.64,-9.48,-0.97,-0.76,1.49,3.47,0.27,0.27,-0.14
28954210,1.64,-9.48,-0.90,-0.91,1.91,3.27,0.27,0.27,-0.14
28963814,1.67,-9.49,-0.97,-0.33,1.80,3.62,0.27,0.27,-0.14
28973478,1.66,-9.48,-0.90,-0.44,2.26,3.67,0.27,0.26,-0.15
28983264,1.70,-9.49,-0.90,-0.60,3.17,3.55,0.27,0.26,-0.15
28993562,1.82,-9.47,-0.90,-0.55,3.79,3.61,0.26,0.27,-0.16
29007643,1.67,-9.45,-0.83,-0.38,3.90,3.64,0.26,0.27,-0.16
29018034,1.65,-9.51,-0.84,1.96,3.74,3.97,0.26,0.27,-0.15
29027551,1.67,-9.49,-0.85,-0.09,6.60,3.80,0.26,0.27,-0.15
29037836,1.67,-9.49,-0.85,-0.06,4.80,3.48,0.26,0.27,-0.15
29047394,1.67,-9.47,-0.87,-0.37,4.51,3.53,0.26,0.27,-0.14
29057653,1.65,-9.49,-0.90,-0.38,4.62,3.54,0.26,0.27,-0.14
29067348,1.62,-9.46,-0.90,-0.47,4.96,3.82,0.27,0.27,-0.15
29077541,1.59,-9.46,-0.88,-0.17,4.84,3.75,0.27,0.27,-0.15
29087043,1.58,-9.46,-0.87,-0.21,4.17,3.89,0.27,0.27,-0.15
29097533,1.55,-9.49,-0.94,-0.44,4.48,4.04,0.26,0.27,-0.15
29109217,1.53,-9.50,-0.95,-1.00,4.72,3.95,0.26,0.27,-0.15
29118441,1.51,-9.51,-0.97,-0.81,4.86,3.99,0.28,0.27,-0.15
