7843988,-1.25,-9.53,1.25,1.29,2.58,3.52,-0.02,0.31,-0.17
7855425,-1.28,-9.54,1.28,0.81,2.81,3.43,-0.02,0.31,-0.17
7865288,-1.23,-9.55,1.24,0.65,2.62,3.70,-0.01,0.30,-0.19
7875295,-1.25,-9.58,1.31,0.63,2.45,3.95,-0.01,0.30,-0.19
7885107,-1.25,-9.56,1.28,0.60,2.46,3.94,-0.01,0.30,-0.19
7895530,-1.25,-9.55,1.24,0.39,3.14,3.86,-0.02,0.32,-0.19
7905677,-1.19,-9.57,1.22,0.31,2.98,4.03,-0.02,0.32,-0.19
7915903,-1.24,-9.57,1.21,0.78,2.98,4.12,-0.01,0.31,-0.20
7926254,-1.23,-9.56,1.37,0.46,3.18,4.08,-0.01,0.31,-0.20
7936310,-1.22,-9.55,1.20,0.67,3.23,4.16,-0.01,0.31,-0.20
7948585,-1.26,-9.53,1.24,0.33,3.76,4.33,-0.01,0.31,-0.19
7958640,-1.26,-9.57,1.15,2.12,3.48,4.23,-0.01,0.31,-0.19
7970822,-1.26,-9.59,1.19,-0.07,3.12,4.09,-0.00,0.30,-0.15
7980902,-1.27,-9.57,1.25,0.07,3.14,4.23,-0.00,0.30,-0.15
7994230,-1.25,-9.57,1.24,-0.17,2.56,4.06,-0.00,0.28,-0.18
8004079,-1.25,-9.55,1.21,-0.02,2.65,4.17,-0.00,0.28,-0.18
8014040,-1.28,-9.54,1.26,0.09,2.62,4.24,-0.00,0.31,-0.19
8024182,-1.27,-9.58,1.25,-0.11,2.77,4.19,-0.01,0.31,-0.19
8034217,-1.26,-9.60,1.22,-0.16,2.61,4.24,-0.01,0.31,-0.19
8044139,-1.25,-9.57,1.25,0.04,2.69,4.38,-0.01,0.29,-0.17
8055449,-1.25,-9.59,1.27,-0.04,2.48,4.29,-0.01,0.29,-0.17
8065681,-1.24,-9.56,1.23,0.04,2.61,4.57,-0.01,0.31,-0.21
8075673,-1.24,-9.56,1.27,0.07,2.56,4.33,-0.01,0.31,-0.21
8085575,-1.24,-9.57,1.27,0.40,2.85,4.32,-0.01,0.31,-0.21
8096179,-1.29,-9.54,1.26,0.17,2.38,4.10,-0.01,0.31,-0.20
8106690,-1.24,-9.57,1.25,0.25,2.19,4.41,-0.01,0.31,-0.20
8116953,-1.25,-9.53,1.18,0.24,2.35,4.05,-0.01,0.31,-0.18
8126860,-1.22,-9.53,1.20,-0.05,2.35,4.07,-0.01,0.31,-0.18
8136578,-1.22,-9.55,1.20,-0.11,2.47,4.27,-0.01,0.31,-0.18
8146688,-1.27,-9.57,1.20,-0.28,2.49,4.15,-0.01,0.31,-0.18
8158567,-1.26,-9.61,1.24,-0.07,2.26,4.31,-0.01,0.31,-0.18
8168303,-1.26,-9.58,1.29,0.18,4.41,4.22,-0.04,0.31,-0.17
8177960,-1.22,-9.59,1.28,0.04,2.13,4.04,-0.04,0.31,-0.17
8187898,-1.25,-9.58,1.23,0.02,2.03,4.00,-0.04,0.31,-0.17
8198284,-1.25,-9.55,1.28,0.11,1.99,3.95,-0.01,0.31,-0.19
8208233,-1.26,-9.57,1.24,-0.04,1.88,3.88,-0.01,0.31,-0.19
8222734,-1.28,-9.57,1.24,0.20,1.92,4.06,-0.01,0.30,-0.19
8232616,-1.28,-9.56,1.24,0.49,1.73,4.16,-0.01,0.30,-0.19
8242580,-1.26,-9.55,1.27,0.26,1.83,4.23,-0.01,0.31,-0.19
8252300,-1.29,-9.56,1.25,0.41,1.73,4.28,-0.01,0.31,-0.19
8261973,-1.22,-9.59,1.25,0.57,1.59,4.22,-0.01,0.31,-0.19
8271627,-1.27,-9.58,1.20,0.77,1.33,4.35,-0.01,0.31,-0.19
8281388,-1.28,-9.59,1.21,0.90,1.31,4.07,-0.01,0.31,-0.19
8291018,-1.29,-9.57,1.25,0.75,1.27,3.97,-0.01,0.31,-0.20
8301324,-1.25,-9.56,1.25,0.91,1.23,4.02,-0.01,0.31,-0.20
8311627,-1.21,-9.54,1.23,0.59,1.58,3.82,-0.01,0.31,-0.20
8321541,-1.25,-9.52,1.27,0.59,1.70,3.75,-0.01,0.31,-0.19
8331133,-1.24,-9.52,1.20,0.59,1.34,3.76,-0.01,0.31,-0.19
8341183,-1.23,-9.52,1.26,0.30,1.56,3.64,-0.01,0.31,-0.18
8351725,-1.23,-9.56,1.19,-0.10,1.57,3.67,-0.01,0.31,-0.18
8364491,-1.21,-9.57,1.21,-0.17,1.91,4.03,-0.01,0.31,-0.20
8374359,-1.23,-9.58,1.17,-0.60,2.00,4.06,-0.01,0.31,-0.20
8383763,-1.24,-9.61,1.24,-1.07,2.18,3.97,-0.01,0.31,-0.20
8393175,-1.26,-9.60,1.22,-0.51,2.03,4.10,-0.02,0.30,-0.18
8404486,-1.20,-9.54,1.27,-0.01,2.34,3.69,-0.02,0.30,-0.18
8414045,-1.22,-9.48,1.29,-0.09,2.30,4.09,-0.01,0.31,-0.20
8424228,-1.16,-9.43,1.32,-0.29,2.99,3.88,-0.01,0.31,-0.20
8434251,-1.23,-9.49,1.28,-1.09,3.18,4.13,-0.01,0.31,-0.20
8444126,-1.27,-9.54,1.15,-1.39,3.05,4.10,-0.02,0.29,-0.19
8454990,-1.29,-9.57,1.17,-1.93,3.16,4.27,-0.02,0.29,-0.19
8464631,-1.28,-9.65,1.22,-2.20,2.90,4.18,-0.01,0.31,-0.20
8474470,-1.23,-9.64,1.37,-0.89,2.52,4.16,-0.01,0.31,-0.20
8484224,-1.21,-9.55,1.45,0.67,2.97,4.11,-0.01,0.31,-0.20
8493782,-1.21,-9.50,1.32,1.01,2.54,3.82,-0.00,0.28,-0.19
8505119,-1.21,-9.54,1.28,0.40,2.80,4.17,-0.00,0.28,-0.19
8514674,-1.27,-9.56,1.37,0.15,2.64,4.05,-0.01,0.30,-0.20
8524273,-1.26,-9.57,1.23,0.48,2.97,4.09,-0.01,0.30,-0.20
8533955,-1.22,-9.55,1.23,0.45,3.39,4.24,-0.01,0.30,-0.20
8543500,-1.26,-9.57,1.21,0.14,3.46,3.92,-0.02,0.29,-0.18
8553166,-1.27,-9.56,1.21,-0.30,3.54,4.01,-0.02,0.29,-0.18
8562952,-1.29,-9.58,1.25,-0.50,3.39,3.96,-0.00,0.30,-0.19
8572445,-1.26,-9.58,1.31,-0.30,2.96,3.96,-0.00,0.30,-0.19
8582100,-1.28,-9.57,1.29,-0.60,2.82,4.02,-0.00,0.30,-0.19
8591679,-1.28,-9.58,1.29,-0.33,2.30,3.88,-0.02,0.30,-0.19
8601212,-1.26,-9.54,1.33,-0.41,2.16,4.22,-0.02,0.30,-0.19
8611086,-1.27,-9.55,1.28,-0.39,2.21,4.24,-0.02,0.30,-0.19
8620486,-1.28,-9.55,1.22,-0.38,2.46,4.32,0.01,0.31,-0.19
8630248,-1.29,-9.54,1.33,-0.24,2.73,3.95,0.01,0.31,-0.19
8639892,-1.29,-9.56,1.32,-0.26,2.66,3.98,-0.00,0.31,-0.19
8649388,-1.30,-9.58,1.22,-0.10,2.55,4.03,-0.00,0.31,-0.19
8659224,-1.28,-9.55,1.32,-0.26,2.41,3.99,-0.00,0.31,-0.19
8668745,-1.30,-9.56,1.27,-0.18,2.06,4.09,-0.01,0.31,-0.17
8678488,-1.29,-9.54,1.28,-0.29,2.29,3.82,-0.01,0.31,-0.17
8688005,-1.30,-9.52,1.27,-0.85,2.38,4.16,-0.01,0.31,-0.19
8697473,-1.32,-9.52,1.26,-1.43,2.36,4.24,-0.01,0.31,-0.19
8711254,-1.28,-9.52,1.26,-1.15,1.79,4.46,-0.01,0.31,-0.19
8724512,-1.26,-9.53,1.34,-1.58,1.74,4.35,-0.01,0.31,-0.20
8734064,-1.31,-9.57,1.30,-1.45,1.92,4.42,-0.01,0.31,-0.20
8744037,-1.29,-9.61,1.30,-1.62,2.01,4.62,-0.01,0.30,-0.20
8753646,-1.30,-9.59,1.26,-1.35,1.71,4.44,-0.01,0.30,-0.20
8765960,-1.28,-9.59,1.33,-1.07,1.57,4.46,-0.01,0.31,-0.20
8787506,-1.29,-9.57,1.27,-1.03,1.53,4.23,-0.01,0.30,-0.19
8797478,-1.28,-9.52,1.35,-1.52,1.61,4.19,-0.01,0.30,-0.19
8810985,-1.32,-9.56,1.38,-1.08,1.58,4.26,-0.01,0.30,-0.19
8820574,-1.28,-9.55,1.35,-1.24,1.17,4.26,-0.01,0.31,-0.19
8831341,-1.28,-9.55,1.29,-1.26,1.37,4.69,-0.01,0.31,-0.19
8842116,-1.29,-9.56,1.34,-1.48,1.44,4.55,-0.03,0.27,-0.18
8851967,-1.27,-9.56,1.29,-1.41,1.44,4.33,-0.03,0.27,-0.18
8861766,-1.22,-9.55,1.37,-1.13,1.63,4.37,-0.03,0.31,-0.20
8871248,-1.26,-9.57,1.33,-1.07,1.66,4.59,-0.01,0.31,-0.20
8880976,-1.24,-9.61,1.36,-1.15,1.61,4.46,-0.01,0.31,-0.20
8893651,-1.23,-9.56,1.34,-0.55,1.60,4.31,-0.01,0.30,-0.18
8903539,-1.24,-9.52,1.34,-0.78,1.75,4.03,-0.01,0.30,-0.18
8914983,-1.23,-9.52,1.32,-0.65,1.79,4.16,-0.01,0.31,-0.19
8924518,-1.23,-9.54,1.34,-0.61,2.11,4.15,-0.01,0.31,-0.19
8934266,-1.25,-9.53,1.27,-0.91,2.42,4.19,-0.01,0.31,-0.19
8943637,-1.29,-9.55,1.32,-0.88,2.34,4.05,-0.01,0.31,-0.20
8952924,-1.27,-9.59,1.34,-0.50,2.29,4.06,-0.01,0.31,-0.20
8962321,-1.25,-9.57,1.36,-0.46,2.29,4.15,-0.01,0.31,-0.19
8971886,-1.23,-9.55,1.36,-0.74,2.55,4.04,-0.01,0.31,-0.19
8981485,-1.28,-9.56,1.31,-0.40,2.48,4.22,-0.01,0.31,-0.19
8990967,-1.28,-9.57,1.37,-0.19,2.64,4.43,-0.02,0.31,-0.19
9000405,-1.27,-9.57,1.32,-0.16,2.51,4.50,-0.02,0.31,-0.19
9010568,-1.27,-9.54,1.28,-0.05,2.40,4.00,-0.02,0.31,-0.19
9020507,-1.25,-9.54,1.38,-0.47,2.78,3.96,-0.01,0.31,-0.19
9029721,-1.26,-9.55,1.37,-0.61,2.69,3.83,-0.01,0.31,-0.19
9038991,-1.24,-9.54,1.34,-0.21,2.63,3.86,-0.01,0.31,-0.20
9048769,-1.24,-9.54,1.35,-0.36,2.80,3.91,-0.01,0.31,-0.20
9059054,-1.31,-9.53,1.35,-0.60,2.63,3.91,-0.01,0.31,-0.20
9068730,-1.25,-9.54,1.31,-0.50,2.58,4.09,-0.01,0.30,-0.20
9079236,-1.27,-9.56,1.35,-0.31,2.48,4.12,-0.01,0.30,-0.20
9088621,-1.24,-9.56,1.35,-0.26,2.48,4.35,-0.01,0.31,-0.20
9098072,-1.26,-9.54,1.35,0.04,2.50,4.34,-0.01,0.31,-0.20
9108001,-1.28,-9.52,1.37,-0.34,2.69,4.34,-0.01,0.31,-0.20
9119882,-1.30,-9.53,1.31,-0.24,2.44,4.14,-0.01,0.30,-0.20
9129518,-1.24,-9.52,1.41,-0.52,2.67,4.16,-0.01,0.30,-0.20
9139259,-1.25,-9.55,1.39,-0.46,2.56,4.20,-0.01,0.31,-0.20
9148729,-1.28,-9.55,1.34,-0.71,2.61,4.17,-0.01,0.31,-0.20
9158567,-1.26,-9.53,1.51,-0.73,2.35,3.91,-0.01,0.31,-0.20
9168627,-1.26,-9.55,1.35,-0.96,2.66,4.16,-0.01,0.31,-0.19
9178387,-1.31,-9.57,1.37,-0.45,2.58,4.27,-0.01,0.31,-0.19
9187929,-1.29,-9.58,1.42,-0.25,2.62,4.51,-0.00,0.30,-0.19
9198135,-1.28,-9.54,1.32,0.14,2.79,4.51,-0.00,0.30,-0.19
9207976,-1.25,-9.52,1.33,0.25,2.49,4.11,-0.00,0.30,-0.19
9223636,-1.27,-9.54,1.34,0.01,2.35,4.11,-0.01,0.30,-0.20
9233500,-1.29,-9.54,1.32,-0.12,2.56,4.16,-0.01,0.30,-0.20
9243172,-1.28,-9.59,1.35,0.04,2.75,4.14,0.00,0.31,-0.20
9252737,-1.27,-9.57,1.31,0.70,2.74,4.06,0.00,0.31,-0.20
9263680,-1.26,-9.50,1.41,0.60,2.36,4.06,-0.01,0.31,-0.20
9273558,-1.23,-9.47,1.39,0.23,2.68,4.10,-0.01,0.31,-0.20
9285287,-1.24,-9.50,1.37,-0.04,2.28,4.21,-0.01,0.31,-0.20
9294589,-1.30,-9.54,1.40,0.01,2.57,4.18,-0.01,0.30,-0.20
9304584,-1.30,-9.56,1.40,-0.07,2.87,4.17,-0.01,0.30,-0.20
9314076,-1.30,-9.58,1.29,-0.46,2.86,4.44,-0.01,0.31,-0.19
9324850,-1.26,-9.60,1.37,0.14,2.61,4.18,-0.01,0.31,-0.19
9334134,-1.22,-9.57,1.39,0.91,2.76,4.04,-0.01,0.31,-0.19
9343388,-1.21,-9.51,1.41,1.82,2.63,3.82,-0.01,0.30,-0.19
9353166,-1.22,-9.48,1.39,1.64,2.34,3.93,-0.01,0.30,-0.19
9362713,-1.25,-9.54,1.32,1.15,2.56,4.03,-0.01,0.31,-0.20
9372202,-1.27,-9.55,1.26,1.39,2.55,4.00,-0.01,0.31,-0.20
9381509,-1.28,-9.54,1.27,1.10,2.94,4.22,-0.01,0.31,-0.20
9391542,-1.25,-9.52,1.31,0.74,3.39,4.16,-0.02,0.30,-0.19
9405861,-1.27,-9.50,1.33,0.65,3.69,4.07,-0.02,0.30,-0.19
9415500,-1.27,-9.53,1.32,-0.06,3.83,4.29,-0.01,0.29,-0.19
9426958,-1.31,-9.57,1.34,0.16,3.75,4.28,-0.01,0.29,-0.19
9437155,-1.28,-9.59,1.39,0.19,3.47,4.07,-0.01,0.31,-0.19
9446704,-1.32,-9.59,1.37,0.59,3.40,4.15,-0.01,0.31,-0.19
9456146,-1.28,-9.58,1.39,0.59,2.94,3.97,-0.01,0.31,-0.19
9465413,-1.27,-9.58,1.40,0.69,3.00,4.04,-0.01,0.29,-0.18
9475306,-1.26,-9.56,1.38,0.98,3.26,4.22,-0.01,0.29,-0.18
9484776,-1.28,-9.54,1.38,0.88,3.29,3.83,-0.01,0.29,-0.21
9494150,-1.26,-9.54,1.34,1.12,3.56,3.63,-0.01,0.30,-0.19
9503800,-1.27,-9.54,1.34,0.94,3.69,3.91,-0.01,0.30,-0.19
9513379,-1.29,-9.54,1.38,0.89,3.75,3.90,-0.01,0.30,-0.19
9523210,-1.29,-9.54,1.39,1.33,3.51,3.98,-0.01,0.30,-0.19
9533032,-1.28,-9.53,1.30,0.99,3.41,4.04,-0.01,0.30,-0.19
9542459,-1.29,-9.54,1.30,0.90,3.14,4.07,-0.01,0.31,-0.19
9552044,-1.29,-9.55,1.30,0.75,3.12,4.07,-0.01,0.31,-0.19
9562055,-1.30,-9.53,1.35,0.94,3.05,4.01,-0.01,0.31,-0.20
9571478,-1.27,-9.53,1.33,0.66,3.05,4.13,-0.01,0.31,-0.20
9580754,-1.26,-9.54,1.33,0.75,3.04,3.96,-0.01,0.31,-0.20
9590727,-1.25,-9.55,1.29,0.66,3.38,4.03,-0.01,0.30,-0.19
9599989,-1.29,-9.56,1.37,1.01,3.17,4.12,-0.01,0.30,-0.19
9609255,-1.26,-9.59,1.36,0.95,3.04,3.94,-0.01,0.30,-0.19
9618652,-1.26,-9.58,1.31,1.23,2.93,4.13,-0.01,0.30,-0.20
9631390,-1.29,-9.54,1.34,1.68,3.14,4.05,-0.01,0.30,-0.20
9641209,-1.27,-9.55,1.34,1.71,2.96,4.01,-0.00,0.31,-0.19
9651370,-1.29,-9.55,1.32,1.83,3.00,3.96,-0.00,0.31,-0.19
9661553,-1.28,-9.54,1.27,1.45,2.79,4.00,-0.01,0.30,-0.20
9671131,-1.29,-9.54,1.26,1.15,2.67,4.10,-0.01,0.30,-0.20
9680577,-1.30,-9.53,1.28,1.13,2.46,3.88,-0.01,0.30,-0.20
9690010,-1.26,-9.54,1.34,0.94,2.39,3.82,-0.01,0.30,-0.19
9699388,-1.27,-9.53,1.32,1.03,2.44,4.02,-0.01,0.30,-0.19
9709413,-1.27,-9.54,1.33,1.10,2.48,3.84,-0.01,0.31,-0.19
14718127,-3.18,-9.73,2.33,7.75,85.98,-54.58,0.21,0.26,-0.15
19730452,-0.41,-9.08,-0.49,-6.25,-66.76,1.01,-0.09,0.31,-0.15
19740482,-0.52,-9.44,-0.26,1.07,-65.76,-3.12,-0.10,0.30,-0.13
19749896,-0.64,-9.50,0.08,6.39,-67.51,-5.13,-0.10,0.30,-0.13
19759273,-0.76,-9.25,0.67,8.30,-69.75,-6.04,-0.11,0.30,-0.13
19769741,-0.81,-8.77,1.35,5.14,-71.36,-6.81,-0.11,0.30,-0.13
19779289,-0.84,-8.48,1.65,-2.35,-70.91,-7.51,-0.11,0.30,-0.13
19788550,-0.96,-8.64,1.68,-10.82,-67.65,-8.85,-0.11,0.28,-0.12
19797825,-1.40,-8.98,1.42,-17.16,-63.96,-9.27,-0.11,0.28,-0.12
19807511,-1.80,-9.68,1.64,-24.47,-61.35,-8.51,-0.11,0.28,-0.12
19816764,-1.59,-10.57,1.55,-29.23,-59.83,-5.66,-0.13,0.30,-0.13
19825796,-0.96,-11.89,0.93,-27.38,-53.42,0.18,-0.13,0.30,-0.13
19836986,-0.31,-13.10,0.02,-19.68,-44.00,12.65,-0.12,0.30,-0.11
19848628,0.01,-13.53,-0.68,-6.71,-43.55,24.36,-0.12,0.30,-0.11
19858863,0.26,-13.27,-0.98,4.65,-38.50,34.43,-0.12,0.29,-0.11
19871708,-0.27,-12.27,-0.89,17.47,-32.21,40.48,-0.13,0.29,-0.11
19881087,-0.75,-11.40,-0.80,23.91,-33.58,40.68,-0.13,0.29,-0.11
19891485,-0.84,-10.08,-0.59,20.93,-37.37,37.81,-0.13,0.30,-0.12
19900908,-0.66,-9.13,0.79,3.60,-37.37,34.84,-0.13,0.30,-0.12
19910195,-0.63,-9.03,2.31,-26.04,-31.89,33.67,-0.13,0.30,-0.10
19919417,-1.42,-10.59,3.36,-41.33,-22.23,34.58,-0.13,0.30,-0.10
19928563,-2.42,-12.40,3.08,-32.49,-18.76,38.06,-0.13,0.30,-0.10
19937888,-2.66,-13.01,2.16,-14.42,-22.58,40.15,-0.14,0.30,-0.12
19950070,-2.09,-13.17,3.50,-6.68,-24.39,46.10,-0.14,0.30,-0.12
19959888,-1.21,-13.71,4.61,-1.69,-25.23,49.49,-0.13,0.31,-0.12
19972812,0.45,-13.91,5.30,21.88,-21.86,43.52,-0.13,0.31,-0.12
19982197,1.37,-12.69,5.34,43.59,-17.47,31.93,-0.13,0.31,-0.12
19993462,1.63,-9.90,6.16,50.43,-11.19,16.57,-0.13,0.31,-0.11
20002669,0.68,-8.42,6.54,35.99,-13.66,13.25,-0.13,0.31,-0.11
20011819,-0.05,-7.53,5.94,20.94,-21.81,11.61,-0.12,0.32,-0.10
20021070,-0.59,-7.30,4.61,12.85,-26.83,10.92,-0.12,0.32,-0.10
20030254,-1.13,-6.98,3.46,7.23,-22.49,8.82,-0.12,0.32,-0.10
20039362,-1.92,-6.98,3.18,-1.47,-19.00,5.70,-0.13,0.31,-0.09
20048678,-2.69,-7.48,3.28,-12.91,-24.33,2.10,-0.13,0.31,-0.09
20057822,-3.23,-8.70,3.25,-19.25,-32.37,-2.79,-0.13,0.31,-0.09
20067512,-3.24,-9.69,3.24,-15.84,-41.89,-9.34,-0.14,0.31,-0.10
20077303,-2.61,-9.97,3.05,-6.74,-49.24,-16.49,-0.14,0.31,-0.10
20086568,-1.63,-9.75,2.89,-2.64,-45.90,-22.01,-0.14,0.31,-0.10
20095907,-0.80,-9.43,2.91,-3.53,-37.01,-26.82,-0.14,0.31,-0.10
20105199,-0.29,-9.30,2.96,-6.09,-29.90,-29.01,-0.14,0.31,-0.10
20114617,0.17,-9.46,2.84,-7.06,-25.17,-30.62,-0.15,0.31,-0.09
20124606,0.67,-9.73,2.70,-8.17,-20.22,-32.66,-0.15,0.31,-0.09
20134028,0.53,-9.78,2.63,-8.78,-12.76,-34.24,-0.16,0.30,-0.10
20143198,0.20,-9.69,2.43,-7.59,-7.46,-35.19,-0.16,0.30,-0.10
20152914,-0.52,-9.42,2.49,-6.06,-7.38,-35.44,-0.16,0.30,-0.10
20162026,-1.00,-9.10,2.39,-4.77,-11.74,-34.15,-0.16,0.30,-0.10
20171373,-1.35,-8.82,2.17,-5.86,-16.74,-31.86,-0.16,0.30,-0.10
20181246,-1.75,-8.39,1.85,-4.02,-16.77,-30.70,-0.16,0.30,-0.10
20190393,-2.13,-7.81,1.93,-1.44,-15.68,-29.29,-0.17,0.31,-0.10
20203589,-2.71,-6.83,1.92,-0.10,-16.38,-26.30,-0.17,0.31,-0.10
20212845,-3.23,-6.28,2.14,-2.69,-16.59,-23.91,-0.18,0.29,-0.08
20221947,-3.68,-5.83,2.11,-7.37,-19.48,-20.54,-0.18,0.29,-0.08
20231257,-3.76,-5.68,2.14,-11.22,-25.08,-17.66,-0.18,0.29,-0.08
20242579,-3.37,-5.80,2.13,-16.84,-29.90,-9.41,-0.19,0.29,-0.11
20252305,-3.15,-6.10,1.99,-22.48,-33.58,-6.41,-0.19,0.29,-0.11
20261465,-2.74,-6.40,1.89,-26.41,-35.38,-1.56,-0.19,0.29,-0.10
20270930,-2.53,-6.98,1.83,-27.46,-35.17,1.39,-0.19,0.29,-0.10
20281286,-2.33,-7.52,1.63,-27.77,-36.02,4.54,-0.19,0.29,-0.10
20291319,-2.19,-8.27,1.52,-26.84,-35.33,6.63,-0.20,0.28,-0.09
20300730,-2.19,-8.50,1.37,-24.02,-35.26,8.27,-0.20,0.28,-0.09
20310291,-2.19,-8.69,1.52,-20.43,-34.02,9.98,-0.20,0.29,-0.10
20319554,-2.34,-8.59,1.64,-16.08,-31.89,11.36,-0.20,0.29,-0.10
20328706,-2.60,-8.39,1.62,-12.53,-30.75,14.85,-0.20,0.29,-0.10
20338000,-2.78,-8.23,1.51,-10.84,-32.60,18.84,-0.20,0.26,-0.10
20347151,-3.07,-8.08,1.33,-10.84,-32.12,23.71,-0.20,0.26,-0.10
20356566,-3.33,-8.19,1.20,-12.10,-29.92,28.07,-0.20,0.26,-0.10
20365737,-3.35,-8.39,1.10,-11.21,-29.15,32.69,-0.20,0.28,-0.09
20391946,-2.93,-8.50,0.42,0.68,-24.82,40.78,-0.21,0.28,-0.09
20402731,-2.91,-8.42,0.66,1.92,-25.12,44.56,-0.21,0.28,-0.09
20412393,-2.94,-8.51,0.86,2.96,-27.06,47.65,-0.21,0.30,-0.08
20423838,-3.04,-8.70,1.37,6.27,-30.82,50.57,-0.21,0.30,-0.08
20433010,-3.33,-8.81,1.76,9.49,-32.90,51.93,-0.20,0.30,-0.07
20442215,-3.54,-8.84,2.12,12.10,-35.66,53.14,-0.20,0.30,-0.07
20451613,-3.34,-9.06,2.41,11.98,-38.96,53.94,-0.20,0.30,-0.07
20461042,-2.70,-9.40,2.84,8.69,-41.56,54.34,-0.20,0.31,-0.07
20470274,-2.13,-10.10,2.72,3.46,-40.08,52.02,-0.20,0.31,-0.07
20479506,-2.55,-11.31,1.99,-2.34,-36.11,45.88,-0.20,0.31,-0.07
20489313,-3.45,-12.51,0.82,-6.69,-37.64,32.28,-0.20,0.31,-0.06
20498465,-3.74,-13.38,-0.44,-11.20,-36.95,16.84,-0.20,0.31,-0.06
20507968,-3.75,-14.24,-1.17,-15.52,-33.67,-1.09,-0.20,0.32,-0.05
20517354,-3.55,-14.80,-1.04,-9.27,-34.03,-14.66,-0.20,0.32,-0.05
20526672,-3.18,-14.52,-0.79,2.35,-37.63,-25.02,-0.20,0.32,-0.05
20535977,-2.90,-13.50,-0.28,16.37,-40.30,-26.30,-0.20,0.31,-0.05
20545059,-2.75,-11.69,0.35,23.80,-44.09,-20.94,-0.20,0.31,-0.05
20554277,-2.36,-9.97,1.14,22.16,-46.95,-14.19,-0.20,0.31,-0.05
20565088,-1.53,-8.14,2.85,11.66,-41.55,-4.37,-0.21,0.31,-0.04
20574662,-0.50,-7.86,4.00,4.59,-31.91,5.70,-0.21,0.31,-0.04
20587859,-1.74,-8.43,4.64,-1.46,-17.46,17.40,-0.20,0.31,-0.04
20597179,-3.06,-9.50,4.90,-6.05,-18.12,26.43,-0.20,0.31,-0.04
20608232,-4.53,-11.22,5.19,-6.42,-26.71,28.01,-0.21,0.32,-0.03
20617430,-5.40,-12.87,5.53,-0.39,-31.28,18.89,-0.21,0.32,-0.03
20626865,-4.83,-14.17,5.82,9.26,-40.92,2.09,-0.21,0.32,-0.03
20636100,-3.34,-13.54,5.54,21.57,-44.28,-10.24,-0.22,0.32,-0.03
20645370,-1.85,-12.72,5.08,32.87,-42.03,-19.88,-0.22,0.32,-0.03
20654669,-0.62,-11.55,5.03,41.49,-39.78,-24.86,-0.22,0.32,-0.03
20663934,0.52,-10.43,4.78,45.89,-36.08,-25.98,-0.21,0.32,-0.00
20673153,0.95,-9.19,4.60,49.56,-35.38,-22.01,-0.21,0.32,-0.00
20682325,0.22,-8.13,4.34,44.32,-41.52,-14.03,-0.21,0.32,0.01
20692176,0.06,-6.82,3.76,28.22,-54.72,-7.39,-0.21,0.32,0.01
20701489,0.17,-5.95,2.98,12.64,-57.99,-1.02,-0.21,0.32,0.01
20710718,0.07,-5.81,2.70,-0.06,-53.74,7.34,-0.21,0.32,0.02
20719991,-0.27,-6.23,2.17,-9.40,-52.60,15.18,-0.21,0.32,0.02
20729091,-0.65,-6.66,2.15,-11.59,-50.25,25.17,-0.21,0.32,0.02
20738467,-1.28,-7.11,2.70,-13.97,-48.98,34.67,-0.20,0.32,0.03
20747684,-2.46,-7.65,3.63,-21.56,-52.24,43.87,-0.20,0.32,0.03
20757138,-3.52,-8.54,4.08,-26.52,-59.29,50.30,-0.20,0.33,0.04
20766341,-4.12,-9.34,4.18,-23.07,-68.44,53.94,-0.20,0.33,0.04
20775810,-4.32,-9.66,4.28,-15.23,-77.34,54.94,-0.20,0.33,0.04
20785120,-3.96,-9.60,4.26,-7.22,-86.36,55.11,-0.19,0.34,0.05
20795188,-3.14,-9.35,3.98,-3.28,-97.03,54.08,-0.19,0.34,0.05
20804373,-2.20,-9.19,3.51,-1.85,-102.86,52.16,-0.19,0.34,0.05
20813372,-1.02,-9.38,2.93,-2.67,-101.44,49.28,-0.18,0.34,0.04
20822775,-0.04,-9.47,2.63,-4.30,-96.38,45.01,-0.18,0.34,0.04
20831920,0.34,-9.40,2.60,-3.66,-91.13,43.19,-0.17,0.35,0.07
20841140,0.68,-9.12,2.64,-0.74,-89.84,43.65,-0.17,0.35,0.07
20850378,0.86,-8.44,2.54,1.13,-89.24,45.52,-0.17,0.35,0.07
20859870,0.94,-7.94,2.54,0.11,-89.30,48.93,-0.17,0.35,0.08
20870837,1.11,-7.32,2.47,-4.94,-88.83,52.93,-0.17,0.35,0.08
20880133,1.05,-6.94,2.41,-10.27,-83.30,55.69,-0.17,0.35,0.08
20889670,0.89,-6.94,2.23,-17.25,-81.52,56.38,-0.16,0.35,0.09
20899538,0.54,-7.23,2.09,-21.99,-78.37,55.08,-0.16,0.35,0.09
20909027,0.00,-7.61,1.85,-25.02,-76.22,52.89,-0.14,0.36,0.09
20918345,-0.45,-8.28,1.93,-26.46,-76.37,51.00,-0.14,0.36,0.09
20927524,-0.85,-8.78,1.93,-24.21,-76.80,49.47,-0.14,0.36,0.09
20936703,-1.22,-9.15,1.92,-21.52,-78.61,47.86,-0.15,0.36,0.09
20945905,-1.44,-9.28,1.86,-18.13,-80.86,45.70,-0.15,0.36,0.09
20954979,-1.47,-9.49,1.77,-16.95,-82.17,40.48,-0.15,0.36,0.09
20964273,-1.60,-9.47,1.42,-14.12,-82.76,37.69,-0.13,0.37,0.10
20974584,-1.43,-9.38,1.07,-10.96,-83.84,29.88,-0.13,0.37,0.10
20983729,-1.16,-9.23,0.90,-8.48,-86.51,25.26,-0.12,0.37,0.10
20996778,-0.68,-8.90,0.57,-6.78,-87.92,17.88,-0.12,0.37,0.10
21007092,-0.20,-8.63,0.25,-5.82,-87.12,12.98,-0.11,0.37,0.11
21017816,-0.42,-8.56,0.13,-5.47,-83.13,8.79,-0.11,0.37,0.11
21027659,-0.70,-8.62,-0.50,-3.09,-82.50,5.39,-0.11,0.37,0.11
21037082,-0.75,-8.77,-0.18,4.05,-84.31,2.07,-0.11,0.37,0.12
21046301,-0.87,-8.76,-0.13,6.15,-80.77,0.57,-0.11,0.37,0.12
21055639,-0.90,-8.78,0.40,7.29,-77.37,-0.55,-0.11,0.37,0.12
21064818,-0.53,-8.61,0.95,7.53,-80.29,-1.61,-0.11,0.37,0.12
21076465,0.26,-8.43,1.49,4.20,-76.77,-2.97,-0.11,0.37,0.12
21085647,0.28,-8.48,1.51,-3.45,-71.40,-2.87,-0.10,0.37,0.15
21094985,-0.23,-9.08,1.52,-13.10,-66.94,-1.15,-0.10,0.37,0.15
21104791,-1.02,-9.99,1.10,-17.94,-67.56,-0.33,-0.10,0.37,0.15
21114027,-1.12,-11.06,0.89,-16.34,-65.76,0.60,-0.10,0.38,0.13
21123295,-0.74,-11.87,0.68,-11.25,-56.06,3.85,-0.10,0.38,0.13
21132360,-0.13,-12.95,0.45,-8.14,-44.20,12.05,-0.10,0.37,0.15
21141506,-0.11,-13.58,-0.01,-1.86,-36.37,20.86,-0.10,0.37,0.15
21150929,-0.46,-13.86,-0.56,10.19,-31.87,29.63,-0.10,0.37,0.15
21166178,-1.29,-12.63,-1.14,31.75,-28.51,36.30,-0.09,0.37,0.14
21181543,-1.83,-10.29,-0.15,29.40,-36.80,37.56,-0.09,0.37,0.15
21191436,-1.58,-8.69,2.02,-1.65,-43.28,36.21,-0.09,0.37,0.15
21203153,-2.59,-9.25,4.32,-37.61,-29.16,34.97,-0.09,0.37,0.15
21212686,-2.96,-11.69,4.16,-29.85,-24.83,36.66,-0.08,0.37,0.15
21223432,-2.80,-12.48,3.41,-6.33,-25.48,40.33,-0.08,0.37,0.15
21232956,-1.56,-12.57,5.00,-0.08,-23.83,43.16,-0.07,0.38,0.15
21245588,-0.36,-14.07,6.03,12.26,-30.84,45.84,-0.07,0.38,0.15
21258251,0.17,-13.57,5.41,43.62,-41.21,41.01,-0.05,0.38,0.15
21267698,0.78,-11.22,5.57,53.61,-47.35,31.55,-0.05,0.38,0.15
21276850,0.41,-8.65,5.38,46.34,-47.19,24.64,-0.05,0.38,0.15
21286092,-1.46,-7.40,5.37,31.58,-51.94,22.70,-0.05,0.38,0.17
21295300,-2.74,-6.81,4.71,16.41,-66.58,21.04,-0.05,0.38,0.17
21305230,-2.92,-7.21,4.11,2.65,-73.78,16.72,-0.05,0.37,0.17
21315243,-2.73,-7.96,3.94,-3.99,-66.46,6.49,-0.04,0.37,0.17
21324433,-2.90,-8.64,4.07,-9.57,-64.00,-2.28,-0.04,0.37,0.17
21333624,-2.62,-9.34,3.65,-10.95,-66.61,-11.11,-0.04,0.38,0.17
21342855,-1.95,-9.79,3.53,-6.48,-67.72,-15.82,-0.04,0.38,0.17
21352070,-1.33,-10.07,3.73,-4.61,-69.09,-18.59,-0.04,0.38,0.17
21361292,-0.23,-10.13,3.78,-3.86,-69.21,-21.16,-0.03,0.38,0.18
21370341,0.72,-10.12,3.51,-4.28,-62.89,-21.81,-0.03,0.38,0.18
21379882,1.25,-10.24,3.18,-7.59,-47.44,-20.12,-0.03,0.38,0.17
21389619,0.71,-10.58,3.17,-12.28,-37.13,-20.48,-0.04,0.37,0.17
21398787,-0.12,-10.56,2.97,-14.52,-37.65,-22.46,-0.04,0.37,0.17
21408544,-0.33,-10.47,2.80,-12.45,-37.99,-25.63,-0.05,0.37,0.19
21417760,-0.85,-10.09,2.81,-9.01,-35.11,-28.84,-0.05,0.37,0.19
21426813,-1.15,-9.62,2.70,-7.00,-35.77,-31.44,-0.05,0.37,0.19
21436056,-1.50,-8.91,2.55,-4.70,-35.97,-33.03,-0.04,0.38,0.19
21445228,-1.86,-8.31,2.18,-2.85,-37.28,-33.43,-0.04,0.38,0.19
21454468,-2.43,-7.58,2.33,-1.79,-36.58,-32.11,-0.04,0.38,0.19
21463692,-2.80,-7.10,2.28,-1.52,-36.47,-29.51,-0.05,0.38,0.18
21472859,-3.06,-6.58,2.26,-1.50,-37.84,-25.63,-0.05,0.38,0.18
21482082,-3.37,-6.13,2.37,-2.13,-42.33,-21.30,-0.05,0.37,0.18
21491645,-3.44,-5.67,2.41,-4.62,-49.15,-16.51,-0.05,0.37,0.18
21500755,-3.25,-5.36,1.93,-8.60,-51.35,-11.32,-0.05,0.37,0.18
21510725,-2.93,-5.18,1.99,-13.84,-51.07,-6.41,-0.06,0.36,0.18
21520055,-2.72,-5.34,1.86,-19.70,-52.46,-2.93,-0.06,0.36,0.18
21529549,-2.60,-5.46,1.66,-22.23,-52.73,1.10,-0.06,0.37,0.18
21538658,-2.45,-5.83,1.61,-24.35,-53.98,3.97,-0.04,0.37,0.18
21548471,-2.24,-6.22,1.53,-27.90,-53.78,6.47,-0.04,0.37,0.18
21558039,-2.16,-7.09,1.60,-30.64,-49.24,8.77,-0.05,0.37,0.18
21567168,-2.36,-7.81,1.62,-30.64,-47.17,10.28,-0.05,0.37,0.18
21577460,-2.41,-8.16,1.46,-25.69,-45.93,11.37,-0.05,0.37,0.18
21589188,-2.52,-8.29,1.24,-16.01,-43.61,12.70,-0.04,0.38,0.18
21598745,-2.74,-8.09,1.03,-9.67,-41.69,13.64,-0.04,0.38,0.18
21612091,-3.04,-7.86,0.65,-8.43,-41.60,18.32,-0.04,0.38,0.17
21621905,-3.24,-7.92,0.49,-9.15,-40.36,21.39,-0.04,0.38,0.17
21631540,-3.48,-8.07,0.41,-8.06,-37.26,23.76,-0.04,0.38,0.18
21641390,-3.63,-8.17,0.21,-4.82,-35.79,26.61,-0.04,0.38,0.18
21650925,-3.53,-8.29,0.08,-1.94,-34.51,29.00,-0.04,0.38,0.18
21662221,-3.34,-8.35,0.44,0.22,-33.32,34.17,-0.02,0.37,0.19
21672051,-3.17,-8.51,0.98,0.56,-29.25,39.34,-0.02,0.37,0.19
21681849,-3.00,-8.78,1.52,0.74,-30.44,45.05,-0.01,0.37,0.19
21691459,-2.75,-9.15,1.77,0.94,-30.37,49.77,-0.01,0.37,0.19
21701104,-3.04,-9.49,2.08,2.98,-29.62,52.26,-0.01,0.37,0.19
21715760,-2.93,-10.09,2.69,2.97,-34.43,53.43,-0.01,0.37,0.19
21725497,-2.81,-10.96,2.26,0.91,-31.67,50.47,-0.01,0.37,0.19
21735042,-3.66,-12.41,1.15,-2.48,-27.34,39.43,-0.00,0.37,0.19
21744470,-4.65,-13.90,0.10,-7.49,-31.85,23.88,-0.00,0.37,0.19
21753881,-5.17,-14.85,-0.64,-9.69,-38.16,3.45,-0.00,0.38,0.18
21763205,-5.10,-15.01,-1.06,-2.64,-43.66,-13.67,-0.00,0.38,0.18
21772760,-5.11,-13.81,1.13,7.39,-51.59,-21.84,-0.00,0.38,0.18
21782076,-5.51,-12.61,5.26,-10.60,-65.26,-24.54,-0.00,0.38,0.19
21794336,-3.84,-13.30,7.63,-33.65,-81.08,-26.70,-0.00,0.38,0.19
21803824,-2.25,-14.22,4.76,-11.48,-73.54,-28.18,0.04,0.39,0.18
21816966,-3.49,-12.34,4.17,19.48,-71.08,-26.13,0.00,0.39,0.18
21826863,-2.93,-11.49,2.89,22.82,-79.59,-23.49,0.00,0.39,0.18
21836379,-3.00,-11.42,3.18,17.36,-74.28,-25.22,-0.01,0.37,0.18
21845691,-3.13,-11.51,3.99,10.56,-69.45,-24.90,-0.01,0.37,0.18
21855036,-2.65,-11.20,4.74,22.82,-66.46,-20.33,0.00,0.38,0.20
21864388,-1.08,-10.18,5.70,35.42,-64.36,-13.27,0.00,0.38,0.20
21874169,0.80,-9.34,5.75,41.40,-54.60,-4.29,0.00,0.38,0.20
21883474,1.88,-8.74,4.84,42.46,-38.59,3.79,0.00,0.36,0.20
21895548,2.00,-7.83,3.98,39.40,-26.42,11.34,0.00,0.36,0.20
21904950,1.90,-7.08,3.59,27.58,-29.69,15.27,0.01,0.37,0.21
21914199,2.00,-6.89,2.74,6.16,-29.69,17.32,0.01,0.37,0.21
21923977,1.51,-7.35,2.32,-8.41,-20.90,21.00,0.01,0.37,0.21
21933543,0.09,-7.78,2.75,-12.17,-17.41,26.05,0.01,0.37,0.20
21943106,-1.59,-8.08,3.31,-9.90,-25.04,32.22,0.01,0.37,0.20
21952643,-2.97,-8.23,4.09,-9.35,-40.17,37.76,0.01,0.37,0.20
21962199,-4.05,-8.43,4.82,-15.88,-51.34,40.79,0.02,0.37,0.19
21971923,-4.71,-8.98,4.59,-22.74,-61.26,43.30,0.02,0.37,0.19
21983859,-5.09,-9.29,3.92,-17.81,-65.09,45.10,0.03,0.37,0.20
21993059,-5.05,-9.08,3.91,-6.96,-74.93,46.37,0.03,0.37,0.20
22002592,-4.17,-8.77,3.91,-2.66,-88.53,47.20,0.03,0.37,0.20
22012081,-2.95,-8.53,3.44,0.36,-99.02,47.75,0.04,0.37,0.20
22022905,-1.51,-8.32,2.82,2.77,-97.97,47.42,0.04,0.37,0.20
22032489,-0.42,-8.25,2.44,1.18,-93.36,46.77,0.05,0.37,0.21
22043048,0.50,-8.17,2.37,-1.37,-87.96,47.68,0.05,0.37,0.21
22052658,1.02,-8.16,2.38,-1.95,-84.29,49.85,0.05,0.37,0.21
22061826,1.14,-8.08,2.46,-1.11,-81.67,52.19,0.07,0.37,0.21
22071315,1.07,-7.78,2.50,-2.37,-81.37,54.90,0.07,0.37,0.21
22080556,1.14,-7.53,2.48,-5.62,-79.90,56.18,0.08,0.37,0.21
22090178,1.22,-7.51,2.36,-9.59,-75.81,56.60,0.08,0.37,0.21
22101156,0.99,-7.68,2.29,-13.48,-69.88,54.61,0.08,0.37,0.21
22110393,0.66,-8.00,2.13,-15.18,-65.68,51.13,0.10,0.38,0.20
22123191,0.20,-8.51,1.95,-14.99,-61.60,46.68,0.10,0.38,0.20
22132853,0.16,-8.69,1.79,-13.83,-59.46,42.17,0.12,0.37,0.20
22143759,-0.02,-8.87,1.71,-12.11,-56.28,39.12,0.12,0.37,0.20
22153007,-0.31,-9.03,1.72,-11.66,-54.78,37.22,0.12,0.38,0.21
22173589,-0.89,-9.35,1.54,-10.54,-52.59,31.60,0.12,0.38,0.21
22182790,-1.09,-9.33,1.13,-7.25,-53.24,28.28,0.13,0.37,0.20
22192187,-1.17,-9.27,1.08,-3.05,-54.04,23.59,0.13,0.37,0.20
22201981,-1.21,-9.00,0.75,-1.74,-56.24,17.76,0.13,0.37,0.20
22211206,-1.17,-8.71,0.59,-2.08,-56.95,12.52,0.13,0.38,0.19
22220294,-1.07,-8.59,0.55,-3.17,-58.12,7.23,0.13,0.38,0.19
22230235,-1.05,-8.50,0.27,-2.62,-59.39,2.26,0.14,0.37,0.20
22239766,-1.18,-8.64,0.04,-1.34,-61.12,-2.44,0.14,0.37,0.20
22248930,-1.24,-8.94,-0.35,2.01,-63.39,-6.18,0.14,0.37,0.20
22258531,-1.02,-9.32,-0.71,7.91,-64.75,-9.17,0.13,0.37,0.20
22267822,-0.74,-9.50,-0.63,15.23,-65.72,-11.40,0.13,0.37,0.20
22277288,-0.40,-9.36,-0.17,19.53,-66.63,-12.37,0.13,0.37,0.20
22286442,-0.11,-8.96,0.25,19.93,-66.43,-11.63,0.15,0.38,0.20
22295627,0.00,-8.52,0.68,16.43,-64.88,-10.78,0.15,0.38,0.20
22304894,-0.21,-8.21,1.06,9.66,-62.25,-10.20,0.15,0.38,0.20
22314116,-0.43,-8.32,1.03,-0.77,-59.12,-10.47,0.15,0.38,0.20
22323792,-0.93,-8.65,0.88,-9.49,-54.68,-11.54,0.15,0.38,0.20
22333648,-1.30,-9.33,0.97,-18.93,-50.54,-12.21,0.15,0.37,0.20
22342880,-1.53,-10.11,0.87,-24.25,-45.25,-11.18,0.15,0.37,0.20
22352068,-1.18,-11.16,0.64,-26.30,-38.69,-7.37,0.15,0.37,0.20
22361753,-0.82,-12.26,0.11,-24.06,-32.14,2.16,0.15,0.38,0.20
22370928,-0.55,-12.96,-0.36,-18.86,-28.21,14.59,0.15,0.38,0.20
22380161,-0.06,-13.52,-0.68,-11.13,-25.59,25.91,0.15,0.38,0.19
22391034,0.35,-13.38,-1.03,3.93,-18.78,33.00,0.15,0.38,0.19
22400145,0.49,-12.83,-1.18,17.17,-14.86,35.51,0.15,0.38,0.19
22409870,0.48,-11.56,-0.99,21.88,-13.56,35.03,0.16,0.37,0.20
22419385,0.59,-10.03,0.49,11.70,-12.51,33.11,0.16,0.37,0.20
22431867,0.17,-9.72,2.76,-27.83,-1.57,30.84,0.17,0.37,0.20
22441135,-1.33,-10.91,3.17,-38.19,13.90,31.24,0.17,0.37,0.20
22451160,-2.61,-11.95,2.84,-21.00,18.36,35.68,0.17,0.37,0.20
22460437,-2.03,-12.03,3.17,-9.24,13.77,40.80,0.17,0.38,0.18
22469759,-0.54,-12.03,4.18,-8.99,10.98,46.25,0.17,0.38,0.18
22478916,0.85,-13.12,5.27,-8.92,15.58,52.88,0.17,0.37,0.19
22487987,1.05,-14.09,5.67,10.68,25.91,55.00,0.17,0.37,0.19
22498036,0.73,-13.58,5.55,36.87,25.71,49.21,0.17,0.37,0.19
22507862,0.13,-11.50,6.10,53.96,21.10,37.20,0.17,0.37,0.19
22517078,-0.83,-9.32,6.20,53.99,15.23,26.38,0.17,0.37,0.19
22526635,-1.81,-7.87,5.59,44.40,5.55,20.80,0.17,0.37,0.19
22536423,-2.41,-7.33,4.34,27.97,-3.94,16.53,0.19,0.37,0.19
22545643,-2.24,-7.40,3.21,12.03,-3.83,9.77,0.19,0.37,0.19
22554921,-2.46,-7.81,3.14,2.77,1.91,2.99,0.19,0.37,0.20
22564088,-3.09,-8.48,3.29,-6.93,0.01,-4.67,0.19,0.37,0.20
22573455,-3.09,-9.46,3.10,-12.91,-9.63,-12.15,0.19,0.37,0.20
22582538,-2.73,-10.03,2.81,-11.19,-18.21,-20.69,0.19,0.36,0.20
22591793,-1.96,-10.10,2.79,-7.97,-20.09,-28.77,0.19,0.36,0.20
22601429,-0.98,-9.99,3.08,-7.09,-14.98,-33.88,0.19,0.36,0.18
22613084,-0.12,-9.99,3.27,-4.58,-7.13,-36.62,0.18,0.37,0.18
22622231,0.35,-10.02,3.04,-2.41,-3.26,-38.47,0.18,0.37,0.18
22635264,0.69,-9.58,3.10,5.37,2.64,-40.07,0.18,0.36,0.18
22644556,0.69,-9.29,3.00,1.61,9.31,-39.30,0.18,0.36,0.18
22667234,-0.65,-8.93,2.54,-3.26,17.79,-36.29,0.17,0.38,0.20
22676827,-0.99,-8.67,2.41,-1.71,14.89,-35.41,0.17,0.38,0.19
22686118,-1.39,-8.27,2.30,-1.45,11.76,-35.04,0.17,0.38,0.19
22695285,-1.79,-7.69,2.24,-2.20,9.97,-35.07,0.17,0.38,0.19
22704856,-2.31,-7.27,2.15,-1.31,9.62,-35.21,0.15,0.37,0.20
22715779,-2.83,-6.68,1.94,-1.21,5.89,-34.31,0.15,0.37,0.20
22725111,-3.25,-6.15,2.03,-1.82,2.90,-32.08,0.15,0.37,0.20
22740011,-3.33,-5.49,2.12,-6.92,-0.76,-26.17,0.14,0.38,0.19
22749579,-3.18,-5.30,2.32,-10.41,-4.34,-21.35,0.14,0.38,0.19
22759021,-2.94,-5.24,2.12,-15.38,-6.67,-15.45,0.14,0.38,0.19
22768472,-2.52,-5.53,1.98,-20.91,-7.28,-9.28,0.14,0.38,0.19
22778409,-2.30,-6.07,1.59,-27.36,-7.68,-3.93,0.14,0.38,0.19
22787994,-2.03,-6.98,1.53,-31.60,-7.07,0.88,0.14,0.38,0.19
22797429,-1.88,-7.87,1.23,-32.60,-9.28,3.40,0.14,0.38,0.19
22806960,-1.73,-8.52,1.31,-27.19,-8.87,6.71,0.13,0.38,0.18
22819519,-1.93,-8.70,1.34,-17.69,-10.40,9.71,0.13,0.38,0.18
22830751,-2.16,-8.41,1.45,-11.36,-12.09,13.10,0.15,0.39,0.18
22841623,-2.44,-8.11,1.32,-10.16,-12.30,17.09,0.15,0.39,0.18
22851183,-2.84,-8.01,1.35,-10.46,-10.55,21.50,0.15,0.38,0.18
22860646,-3.21,-8.20,1.20,-10.32,-10.32,26.84,0.15,0.38,0.18
22869938,-3.10,-8.53,0.72,-7.26,-9.82,27.69,0.15,0.38,0.18
22879588,-2.80,-8.92,0.21,-1.28,-9.04,28.97,0.15,0.39,0.19
22888909,-2.64,-9.08,0.01,7.56,-7.24,30.08,0.15,0.39,0.19
22898330,-2.58,-9.08,0.31,13.50,-8.09,31.52,0.15,0.39,0.19
22908138,-2.57,-9.00,1.06,14.08,-9.24,33.35,0.16,0.38,0.17
22918463,-2.53,-9.08,1.60,13.18,-10.96,35.34,0.16,0.38,0.17
22927764,-2.46,-9.07,2.02,13.90,-12.51,37.05,0.16,0.39,0.18
22937090,-2.19,-9.06,2.31,13.57,-14.00,39.69,0.16,0.39,0.18
22946812,-1.70,-9.00,2.75,11.75,-15.52,42.53,0.16,0.39,0.18
22956185,-1.13,-9.08,3.26,6.41,-16.70,44.80,0.16,0.38,0.18
22967468,-1.29,-9.96,2.72,-3.59,-9.05,43.63,0.16,0.38,0.18
22976768,-2.38,-11.22,1.75,-12.31,-4.51,36.50,0.17,0.38,0.19
22986075,-3.55,-12.81,0.63,-19.89,-3.93,21.20,0.17,0.38,0.19
22995244,-3.97,-14.21,-0.65,-28.47,-3.52,4.27,0.17,0.38,0.19
23004734,-3.86,-16.14,-1.27,-25.56,-5.71,-17.15,0.17,0.38,0.18
23013953,-2.76,-16.95,-1.29,-12.13,-9.49,-35.49,0.17,0.38,0.18
23023362,-2.29,-16.26,-0.48,10.39,-10.19,-41.19,0.17,0.38,0.18
23032704,-2.14,-14.13,1.40,24.12,-12.85,-38.93,0.17,0.38,0.17
23046207,-1.12,-11.57,3.08,25.30,-20.14,-30.47,0.17,0.38,0.17
23055578,-0.06,-10.42,2.87,24.73,-16.78,-23.43,0.16,0.38,0.17
23064897,-0.01,-9.65,2.74,29.65,-10.22,-18.40,0.16,0.38,0.17
23074199,-0.87,-8.76,2.91,25.83,-5.44,-12.68,0.16,0.38,0.17
23083316,-2.08,-8.58,2.84,15.44,-1.90,-5.54,0.16,0.38,0.19
23092546,-3.72,-9.52,2.67,6.33,-1.59,-1.06,0.16,0.38,0.19
23101704,-4.84,-10.90,2.81,-0.49,-5.57,-5.81,0.16,0.38,0.17
23110984,-4.66,-12.22,3.54,-3.60,-13.45,-17.66,0.16,0.38,0.17
23120384,-3.89,-12.05,4.58,2.23,-16.80,-25.48,0.16,0.38,0.17
23130054,-3.01,-11.25,5.88,18.22,-12.27,-27.30,0.16,0.38,0.19
23139932,-1.67,-10.27,6.01,38.80,-12.10,-24.47,0.16,0.38,0.19
23150120,0.08,-8.73,5.32,48.65,-8.63,-19.41,0.16,0.38,0.18
23159611,0.91,-7.42,4.69,38.64,-2.33,-14.06,0.16,0.38,0.18
23169816,1.08,-6.96,4.04,17.90,1.88,-9.38,0.16,0.38,0.18
23179172,0.93,-7.31,3.11,0.98,0.14,-7.80,0.16,0.37,0.19
23188529,0.93,-7.44,2.37,-5.17,-4.63,-6.27,0.16,0.37,0.19
23197688,0.82,-7.60,2.60,-5.44,-6.75,-2.62,0.16,0.37,0.19
23207329,0.16,-7.88,2.66,-7.68,-12.15,3.46,0.16,0.38,0.18
23216471,-0.66,-8.24,2.67,-9.67,-16.03,10.21,0.16,0.38,0.18
23226046,-1.19,-8.58,2.74,-12.61,-17.67,16.82,0.16,0.38,0.18
23235231,-1.76,-8.88,2.80,-19.75,-20.65,23.61,0.16,0.38,0.18
23244531,-2.44,-9.22,2.83,-21.22,-20.83,30.32,0.16,0.38,0.18
23254293,-3.10,-9.63,2.98,-21.52,-21.96,36.18,0.16,0.37,0.19
23263471,-3.43,-10.00,3.25,-14.65,-26.70,41.17,0.16,0.37,0.19
23273483,-3.23,-10.02,3.51,-4.93,-34.65,45.26,0.16,0.37,0.19
23282608,-2.67,-9.80,3.31,3.82,-41.54,48.41,0.17,0.37,0.18
23292187,-1.74,-9.41,3.01,10.01,-45.72,49.65,0.17,0.37,0.18
23301558,-0.65,-9.12,2.55,9.35,-42.74,48.85,0.17,0.38,0.18
23310705,0.03,-8.99,2.27,7.39,-36.89,47.66,0.17,0.38,0.18
23320049,0.35,-8.72,2.28,8.66,-31.62,45.79,0.17,0.38,0.18
23329207,0.45,-8.36,2.24,10.67,-30.19,44.82,0.19,0.36,0.18
23338477,0.56,-7.91,2.02,10.91,-32.12,43.03,0.19,0.36,0.18
23347634,0.90,-7.51,1.69,9.60,-33.66,41.85,0.19,0.36,0.18
23358054,1.17,-7.08,1.35,5.41,-30.40,39.78,0.19,0.37,0.19
23367423,1.18,-6.90,1.17,-1.35,-25.98,37.42,0.19,0.37,0.19
23376859,1.08,-6.97,1.12,-8.42,-21.21,33.48,0.21,0.37,0.18
23386002,0.83,-7.28,1.10,-13.35,-18.09,30.08,0.21,0.37,0.18
23395103,0.52,-7.61,1.15,-16.27,-16.23,25.35,0.21,0.37,0.18
23404360,0.11,-7.94,1.03,-18.46,-13.71,21.52,0.21,0.36,0.18
23415600,-0.39,-8.20,1.38,-18.02,-12.42,17.70,0.21,0.36,0.18
23425132,-0.73,-8.29,1.36,-17.29,-13.85,13.59,0.21,0.37,0.18
23434336,-0.84,-8.35,1.26,-16.23,-15.08,13.40,0.21,0.37,0.18
23443842,-1.00,-8.46,1.21,-15.90,-15.20,12.11,0.21,0.37,0.18
23455753,-1.00,-8.59,0.89,-15.53,-17.60,9.39,0.22,0.36,0.18
23464937,-0.78,-8.73,0.74,-15.96,-18.77,6.96,0.22,0.36,0.18
23474341,-0.45,-8.90,0.57,-15.71,-18.25,3.54,0.22,0.37,0.16
23483883,-0.37,-9.03,0.43,-13.86,-18.39,-0.27,0.21,0.37,0.16
23492964,-0.26,-9.12,0.34,-10.47,-19.11,-4.22,0.21,0.37,0.16
23502264,-0.35,-9.12,-0.08,-4.09,-18.94,-8.02,0.21,0.37,0.17
23511733,-0.44,-9.21,-0.65,2.89,-22.53,-12.70,0.21,0.37,0.17
23521200,-0.54,-9.34,-0.94,7.05,-26.82,-17.52,0.21,0.37,0.17
23530266,-0.57,-9.50,-0.71,10.07,-28.72,-21.04,0.21,0.37,0.17
23539473,-0.56,-9.69,-0.12,12.61,-30.72,-23.28,0.21,0.37,0.17
23548801,-0.34,-9.79,0.74,15.72,-32.92,-24.48,0.21,0.37,0.17
23559337,-0.00,-9.68,1.46,16.18,-32.11,-25.92,0.21,0.37,0.16
23568604,-0.18,-9.39,1.95,14.63,-27.53,-26.29,0.21,0.37,0.16
23578061,-1.00,-9.07,2.34,8.13,-22.88,-27.12,0.21,0.38,0.16
23587947,-2.02,-8.81,2.77,-4.35,-21.65,-26.15,0.21,0.38,0.16
23597042,-2.19,-9.58,2.70,-18.63,-21.58,-22.56,0.21,0.38,0.16
23606467,-1.44,-10.57,1.33,-24.49,-14.83,-18.51,0.20,0.38,0.17
23615653,-1.22,-11.89,0.18,-27.37,-3.82,-1.66,0.20,0.38,0.17
23625326,-1.32,-13.27,-0.88,-31.67,-4.18,17.28,0.20,0.38,0.16
23634758,-1.06,-14.40,-1.53,-21.21,-9.07,30.14,0.20,0.38,0.16
23644089,-0.48,-14.91,-1.19,-0.61,-9.11,39.32,0.20,0.38,0.16
23653354,-0.02,-14.36,-0.74,25.90,-6.68,40.99,0.21,0.36,0.15
23663087,0.09,-12.84,-0.54,44.64,-5.23,37.87,0.21,0.36,0.15
23672206,0.10,-10.54,-0.60,48.84,-5.82,31.57,0.21,0.36,0.15
23681343,0.01,-8.62,-0.44,34.54,-3.26,25.16,0.22,0.37,0.16
23690504,-0.20,-7.56,0.40,13.06,1.29,18.98,0.22,0.37,0.16
23699571,-0.43,-7.64,1.49,-10.43,0.40,14.78,0.22,0.37,0.16
23708792,-1.09,-8.50,2.34,-33.84,2.28,11.97,0.22,0.37,0.16
23717867,-1.78,-10.18,2.80,-40.61,1.85,9.62,0.22,0.37,0.16
23727103,-0.87,-11.82,2.73,-35.85,-2.56,8.57,0.23,0.37,0.16
23736480,0.33,-12.87,3.65,-30.67,7.76,12.09,0.23,0.37,0.16
23745741,0.98,-14.06,4.49,-18.18,15.78,18.87,0.23,0.37,0.16
23754775,1.03,-14.86,4.10,5.21,19.93,30.75,0.23,0.37,0.14
23764592,1.01,-14.11,3.66,28.03,21.71,42.94,0.23,0.37,0.14
23774307,1.42,-12.80,4.37,36.20,23.07,47.01,0.23,0.37,0.16
23783531,1.53,-11.52,4.99,45.33,27.89,42.02,0.23,0.37,0.16
23792807,0.66,-10.01,5.20,56.21,32.84,36.53,0.23,0.37,0.16
23802497,-0.25,-8.27,4.79,62.13,34.06,31.91,0.23,0.36,0.17
23811560,-0.72,-6.63,4.03,55.25,29.11,27.20,0.23,0.36,0.17
23821012,-0.34,-5.24,3.35,36.54,27.32,22.07,0.23,0.36,0.17
23830142,-0.09,-4.69,3.72,14.80,31.28,15.82,0.23,0.36,0.17
23839390,-0.70,-5.70,2.84,-7.36,36.84,9.48,0.23,0.36,0.17
23849161,-1.55,-7.29,2.24,-15.09,36.56,2.09,0.23,0.35,0.19
23858462,-1.93,-8.34,1.90,-15.69,30.39,-6.06,0.23,0.35,0.19
23869614,-2.14,-9.35,2.44,-18.68,22.71,-15.88,0.23,0.35,0.19
23878985,-1.62,-10.14,2.60,-18.53,21.37,-23.47,0.23,0.36,0.20
23888274,-1.17,-10.73,2.72,-18.24,25.31,-29.21,0.23,0.36,0.20
23897595,-0.75,-11.26,2.68,-16.48,32.47,-35.11,0.23,0.36,0.20
23907152,-0.17,-11.53,2.60,-8.44,38.76,-39.53,0.22,0.37,0.18
23916413,0.16,-11.51,2.60,0.88,46.64,-41.30,0.22,0.37,0.18
23927970,0.13,-10.96,3.03,9.24,50.91,-41.90,0.21,0.35,0.18
23937164,0.06,-10.49,2.87,12.96,51.28,-40.52,0.21,0.35,0.18
23946258,-0.34,-10.25,2.72,11.31,52.00,-38.05,0.21,0.35,0.18
23955734,-0.88,-9.81,2.46,10.83,51.53,-36.28,0.20,0.37,0.18
23967789,-1.52,-8.96,2.28,15.95,46.09,-34.30,0.20,0.37,0.18
23976974,-1.84,-8.19,1.99,20.61,41.74,-34.47,0.19,0.37,0.19
23986372,-1.94,-7.15,1.75,20.63,40.62,-34.61,0.19,0.37,0.19
23995446,-2.14,-6.50,1.74,15.77,41.00,-34.25,0.19,0.37,0.19
24004853,-2.17,-5.93,1.77,8.43,42.47,-33.35,0.18,0.37,0.19
24014115,-2.41,-5.65,1.91,2.56,41.25,-32.34,0.18,0.37,0.19
24023996,-2.45,-5.49,1.90,-0.95,38.07,-30.28,0.18,0.36,0.18
24033347,-2.31,-5.73,1.94,-8.95,34.46,-27.91,0.18,0.36,0.18
24042726,-2.20,-6.19,1.80,-17.05,34.46,-24.06,0.18,0.36,0.18
24052058,-2.08,-6.82,1.74,-21.67,34.04,-20.34,0.16,0.37,0.19
24061321,-1.93,-7.61,1.80,-24.92,32.17,-16.45,0.16,0.37,0.19
24071226,-1.75,-8.01,1.55,-25.08,28.32,-11.53,0.16,0.37,0.19
24080473,-1.68,-8.45,1.48,-22.80,27.95,-10.35,0.16,0.38,0.20
24089627,-1.76,-8.76,1.44,-17.53,27.78,-7.28,0.16,0.38,0.20
24098734,-1.68,-8.82,1.40,-12.12,25.84,-4.05,0.15,0.38,0.17
24108499,-1.60,-8.73,1.14,-7.82,24.33,-0.14,0.15,0.38,0.17
24117707,-1.60,-8.46,0.63,-5.20,25.65,3.12,0.15,0.38,0.17
24126943,-1.91,-8.13,0.51,-3.66,26.99,8.55,0.14,0.37,0.17
24136284,-2.34,-8.02,0.05,-1.89,26.46,12.91,0.14,0.37,0.17
24145569,-2.57,-8.14,-0.41,1.22,24.85,16.71,0.14,0.37,0.17
24154718,-2.63,-8.32,-0.75,5.49,24.87,18.51,0.16,0.37,0.18
24163923,-2.64,-8.53,-0.76,8.87,25.32,19.23,0.16,0.37,0.18
24174096,-2.64,-8.75,-0.40,11.00,25.37,20.59,0.15,0.37,0.19
24183448,-2.51,-8.89,0.18,12.23,24.01,22.13,0.15,0.37,0.19
24192721,-2.43,-9.05,0.61,14.47,22.78,23.40,0.15,0.37,0.19
24202146,-2.32,-9.08,1.28,17.76,21.12,24.60,0.16,0.37,0.19
24211405,-1.74,-8.61,1.74,19.14,17.91,26.77,0.16,0.37,0.19
24220657,-0.95,-8.25,2.13,16.08,16.71,30.71,0.16,0.37,0.19
24229987,-0.65,-7.98,2.43,10.40,16.99,34.95,0.16,0.36,0.19
24239345,-1.10,-8.06,2.90,0.53,14.15,39.20,0.16,0.36,0.19
24248728,-1.82,-8.95,2.74,-11.36,10.70,40.98,0.17,0.36,0.18
24258291,-2.74,-10.78,1.47,-22.22,13.27,35.64,0.17,0.36,0.18
24267652,-3.74,-12.51,0.42,-25.59,17.80,22.50,0.17,0.36,0.18
24277507,-4.49,-14.54,-0.74,-27.26,16.69,2.86,0.17,0.37,0.18
24286846,-4.03,-16.22,-1.56,-20.70,9.38,-18.66,0.17,0.37,0.18
24295949,-2.82,-16.84,-1.88,-2.90,7.07,-35.46,0.17,0.37,0.18
24305083,-1.56,-15.80,-0.85,13.32,6.13,-43.22,0.16,0.36,0.18
24314290,-1.20,-13.42,1.69,16.98,1.39,-39.65,0.16,0.36,0.18
24323910,-0.57,-11.25,4.43,5.72,-4.04,-30.99,0.15,0.37,0.19
24332945,0.36,-11.25,4.60,-2.80,0.08,-25.28,0.15,0.37,0.19
24342486,0.26,-11.44,3.21,9.52,13.81,-18.60,0.15,0.37,0.19
24353167,-1.10,-10.67,3.18,17.29,15.42,-8.84,0.15,0.36,0.18
24362358,-2.04,-10.33,3.74,14.48,8.70,-0.49,0.15,0.36,0.18
24371511,-2.83,-11.18,4.43,8.57,8.94,1.54,0.15,0.36,0.18
24380718,-2.99,-12.50,4.64,7.11,10.50,-4.76,0.15,0.37,0.19
24390183,-2.57,-13.00,4.57,16.43,14.87,-13.40,0.15,0.37,0.19
24399643,-1.93,-12.02,4.66,35.61,20.75,-17.40,0.15,0.36,0.20
24408818,-1.07,-10.64,4.77,50.82,21.99,-19.32,0.15,0.36,0.20
24418257,0.02,-8.96,4.48,56.58,22.00,-20.34,0.15,0.36,0.20
24427434,0.96,-7.60,3.85,47.13,25.45,-19.92,0.13,0.37,0.20
24436559,1.29,-6.29,3.59,26.56,29.35,-17.47,0.13,0.37,0.20
24446259,0.96,-5.85,3.62,-1.58,28.87,-14.56,0.13,0.37,0.20
24457053,0.36,-6.44,2.68,-21.09,19.74,-11.17,0.13,0.36,0.21
24466126,-0.16,-7.32,1.76,-26.18,10.93,-6.82,0.13,0.36,0.21
24479841,-0.81,-8.36,1.43,-21.48,7.51,2.66,0.13,0.36,0.20
24489181,-1.38,-8.83,2.07,-18.55,4.36,12.90,0.13,0.36,0.20
24499343,-1.89,-9.15,2.75,-16.49,-3.21,22.86,0.14,0.36,0.21
24508596,-2.16,-9.41,3.34,-16.10,-6.40,31.35,0.14,0.36,0.21
24517811,-2.36,-9.75,3.53,-14.00,-7.97,36.69,0.14,0.36,0.21
24526950,-2.50,-9.77,3.56,-8.76,-10.44,40.35,0.14,0.36,0.21
24536039,-2.19,-9.59,3.34,-2.90,-14.60,43.53,0.14,0.36,0.21
24545239,-1.77,-9.33,3.02,2.48,-15.75,45.12,0.14,0.36,0.21
24554409,-1.23,-9.27,2.63,4.23,-16.64,46.05,0.14,0.37,0.20
24563483,-0.61,-9.41,2.37,1.07,-18.20,45.74,0.14,0.37,0.20
24572731,-0.12,-9.52,2.20,0.13,-16.28,43.30,0.16,0.36,0.20
24582439,0.07,-9.42,2.09,0.94,-15.15,40.26,0.16,0.36,0.20
24591791,0.31,-9.24,1.83,4.39,-16.11,37.28,0.16,0.36,0.20
24601703,0.51,-8.91,1.40,4.89,-16.22,34.56,0.16,0.35,0.20
24611192,0.72,-8.48,1.38,3.74,-14.39,31.48,0.16,0.35,0.20
24620565,0.91,-8.02,1.40,3.29,-11.33,28.48,0.16,0.35,0.20
24629747,1.01,-7.55,1.41,2.08,-6.71,25.94,0.16,0.37,0.21
24638985,1.06,-7.16,1.31,-0.18,-3.52,23.53,0.16,0.37,0.21
24648342,0.97,-6.89,1.22,-5.57,-1.07,21.82,0.17,0.35,0.20
24657506,0.80,-6.89,1.19,-11.48,1.73,20.49,0.17,0.35,0.20
24666611,0.54,-7.10,1.14,-17.19,4.80,18.91,0.17,0.35,0.20
24676011,0.00,-7.42,1.21,-22.15,7.19,16.91,0.17,0.35,0.20
24685855,-0.34,-7.68,1.18,-25.47,8.22,14.83,0.17,0.35,0.20
24695254,-0.56,-8.18,1.23,-28.51,6.94,13.27,0.17,0.35,0.20
24704558,-0.67,-8.62,1.26,-29.47,5.97,11.99,0.17,0.35,0.20
24713762,-0.63,-8.96,1.17,-26.84,5.78,10.97,0.17,0.35,0.20
24723161,-0.50,-9.20,0.97,-23.15,4.44,9.20,0.18,0.35,0.20
24732522,-0.34,-9.19,0.70,-16.91,3.06,4.73,0.18,0.35,0.20
24741725,-0.01,-9.07,0.55,-12.01,1.02,3.06,0.18,0.35,0.20
24751061,0.19,-8.83,0.29,-8.57,-0.09,-0.75,0.18,0.34,0.20
24763231,0.32,-8.80,-0.49,-5.23,1.40,-8.18,0.18,0.34,0.20
24772780,0.05,-9.13,-0.90,-0.72,2.61,-15.67,0.17,0.36,0.19
24785762,-0.42,-9.79,-0.94,7.43,-0.68,-21.28,0.17,0.36,0.19
24795351,-0.51,-10.05,-0.33,12.71,-4.66,-26.51,0.17,0.36,0.19
24804997,-0.19,-9.78,0.35,19.03,-4.20,-30.07,0.17,0.35,0.19
24814550,0.39,-8.96,0.88,22.13,-0.11,-32.20,0.17,0.35,0.19
24824276,0.79,-8.13,1.46,17.90,4.58,-33.52,0.16,0.35,0.20
24833475,0.60,-7.77,1.89,3.93,7.64,-34.76,0.16,0.35,0.20
24842974,-0.97,-7.95,2.19,-15.31,10.26,-35.52,0.16,0.35,0.20
24852611,-2.61,-8.81,2.85,-29.45,3.79,-35.16,0.16,0.35,0.20
24861837,-2.55,-9.99,2.71,-34.30,-1.42,-33.15,0.16,0.35,0.20
24871004,-1.28,-10.96,2.28,-27.89,6.08,-27.67,0.15,0.36,0.20
24880211,-0.71,-11.66,1.72,-19.27,14.63,-17.09,0.15,0.36,0.20
24890416,-0.65,-12.48,0.84,-16.65,14.94,-1.50,0.15,0.36,0.20
24900114,-0.47,-12.84,-0.30,-10.66,16.32,9.12,0.14,0.35,0.19
24909649,-0.66,-12.57,-0.54,2.31,21.19,15.31,0.14,0.35,0.19
24918970,-0.78,-12.29,-0.46,15.38,19.84,18.76,0.14,0.35,0.19
24928546,-0.65,-11.49,-0.30,19.88,17.12,18.87,0.15,0.35,0.20
24937878,-0.30,-10.50,0.33,15.86,16.48,18.93,0.15,0.35,0.20
24946918,0.22,-9.58,1.73,0.92,17.82,19.38,0.14,0.35,0.20
24956053,0.23,-9.64,3.48,-25.26,26.15,18.23,0.14,0.35,0.20
24965160,-0.08,-11.41,4.37,-37.90,33.69,17.11,0.14,0.35,0.20
24974584,-0.59,-12.95,4.01,-27.01,38.52,17.93,0.14,0.35,0.19
24983805,-0.17,-13.76,3.42,-12.47,37.76,22.19,0.14,0.35,0.19
24993765,0.81,-13.97,3.02,0.67,35.32,23.60,0.14,0.35,0.19
25003047,1.82,-14.35,2.24,16.14,37.20,27.71,0.15,0.34,0.20
25012213,2.83,-14.05,1.77,35.08,43.75,31.26,0.15,0.34,0.20
25021652,3.40,-12.93,2.09,51.28,51.44,30.62,0.15,0.34,0.20
25030954,3.44,-11.04,3.06,58.40,57.25,24.14,0.15,0.34,0.20
25040397,2.38,-8.92,4.47,57.22,57.17,13.49,0.15,0.34,0.20
25049578,0.88,-7.29,5.35,46.95,48.07,6.87,0.14,0.33,0.21
25058849,-0.41,-5.81,5.24,31.03,37.19,-1.81,0.14,0.33,0.21
25068115,-1.03,-4.94,4.35,18.31,29.84,-4.48,0.14,0.33,0.21
25077300,-1.21,-4.61,3.07,8.03,32.85,-6.07,0.14,0.33,0.22
25086436,-1.60,-4.90,2.43,-3.24,41.40,-6.21,0.14,0.33,0.22
25096087,-2.20,-6.06,2.67,-17.21,43.66,-4.73,0.14,0.33,0.22
25105316,-2.32,-7.64,2.56,-27.45,39.44,-3.47,0.14,0.33,0.22
25114558,-1.85,-9.44,2.17,-28.83,42.43,-5.01,0.14,0.33,0.22
25124326,-0.99,-10.36,2.49,-24.47,52.89,-8.25,0.12,0.33,0.22
25134005,-0.14,-10.91,3.25,-22.39,57.99,-11.56,0.12,0.33,0.22
25143483,0.69,-11.41,3.07,-21.03,58.39,-14.92,0.12,0.33,0.22
25152754,1.49,-11.85,2.57,-18.26,61.96,-20.21,0.12,0.33,0.21
25161943,2.11,-12.15,2.30,-10.09,69.85,-25.43,0.12,0.33,0.21
25173163,2.53,-12.02,2.64,4.63,77.62,-34.59,0.11,0.33,0.20
25182204,1.89,-11.45,2.94,13.98,83.77,-41.82,0.11,0.33,0.20
25195262,1.19,-10.56,2.52,16.96,84.36,-47.80,0.10,0.33,0.21
25204763,0.38,-9.87,2.22,17.28,87.67,-49.30,0.10,0.33,0.21
25215737,-0.86,-9.11,2.25,12.76,88.64,-47.34,0.10,0.33,0.21
25225886,-1.77,-8.36,2.36,12.60,85.05,-43.60,0.08,0.33,0.22
25235429,-2.38,-7.75,2.22,12.39,80.02,-39.58,0.08,0.33,0.22
25245020,-2.85,-7.21,2.20,13.68,77.94,-37.75,0.07,0.33,0.21
25254322,-3.03,-6.74,2.41,11.69,72.90,-36.24,0.07,0.33,0.21
25263721,-2.91,-6.38,2.45,8.12,66.56,-34.75,0.07,0.33,0.21
25272835,-2.75,-6.41,2.19,1.29,64.85,-33.43,0.06,0.33,0.21
25282103,-2.68,-6.49,2.16,-4.69,64.45,-31.78,0.06,0.33,0.21
25292165,-2.47,-6.95,2.41,-15.03,58.97,-29.84,0.06,0.33,0.21
25301856,-1.87,-7.46,2.15,-20.80,54.75,-29.13,0.05,0.32,0.20
25311074,-1.47,-8.04,1.83,-22.30,54.87,-29.55,0.05,0.32,0.20
25320286,-1.29,-8.48,1.75,-20.48,53.70,-29.65,0.04,0.32,0.19
25330657,-1.13,-9.04,1.73,-16.21,50.54,-29.05,0.04,0.32,0.19
25340313,-1.02,-9.40,1.62,-10.37,49.74,-27.33,0.04,0.32,0.19
25350547,-1.00,-9.54,1.50,-1.21,48.85,-25.87,0.03,0.32,0.20
25360311,-0.99,-9.36,1.47,3.39,46.95,-22.85,0.03,0.32,0.20
25370149,-1.16,-9.11,1.22,7.30,47.74,-19.63,0.02,0.32,0.20
25380472,-1.44,-8.64,1.11,11.83,49.31,-16.79,0.02,0.32,0.20
25390208,-1.69,-8.11,1.03,12.36,50.11,-13.23,0.02,0.32,0.20
25401815,-1.91,-7.58,1.02,10.69,50.37,-8.99,0.02,0.31,0.19
25411237,-2.03,-7.26,1.12,8.65,50.61,-6.49,0.02,0.31,0.19
25422597,-2.01,-6.91,1.05,7.89,47.37,-4.75,0.01,0.31,0.19
25435092,-1.79,-6.34,1.01,2.38,45.06,-2.74,0.01,0.31,0.19
25444405,-1.59,-6.18,0.83,-5.39,48.50,0.62,0.01,0.31,0.18
25453828,-1.61,-6.40,1.02,-13.34,52.67,4.16,0.01,0.31,0.18
25465438,-1.62,-6.82,1.23,-15.87,54.08,8.16,0.01,0.31,0.18
25475385,-1.54,-7.24,1.17,-14.91,57.58,11.32,-0.01,0.30,0.18
25485311,-1.82,-7.71,1.44,-10.39,59.89,14.66,-0.01,0.30,0.18
25496344,-1.97,-8.11,1.09,-3.98,49.91,17.23,0.00,0.30,0.17
25507285,-1.92,-8.09,0.39,1.15,42.54,19.06,0.00,0.30,0.17
25516469,-1.95,-7.93,0.07,3.58,37.49,20.75,0.00,0.30,0.17
25529184,-1.96,-7.86,-0.05,1.89,28.80,24.06,0.00,0.30,0.17
25539561,-2.00,-7.82,-0.28,1.04,22.85,26.58,0.00,0.30,0.17
25549718,-2.25,-7.70,-0.54,0.39,18.85,29.36,0.00,0.29,0.16
25560368,-2.50,-7.65,-0.41,-1.24,15.11,32.17,0.00,0.29,0.16
25570404,-2.65,-7.78,-0.06,-3.73,10.60,34.70,-0.00,0.29,0.16
25579806,-2.68,-8.05,0.07,-5.54,7.44,35.44,-0.00,0.29,0.16
25592627,-2.76,-8.54,0.04,-4.67,5.79,35.89,-0.00,0.29,0.16
25605725,-2.64,-8.92,0.29,-2.07,1.86,34.62,0.01,0.28,0.17
25616554,-2.13,-9.27,0.02,-0.74,-1.30,31.69,0.01,0.28,0.17
25628014,-1.54,-9.58,-0.05,1.28,-0.52,28.27,0.02,0.28,0.15
25637407,-1.29,-9.56,0.03,3.15,0.81,25.86,0.02,0.28,0.15
25647159,-0.99,-9.59,0.27,3.65,-0.40,22.72,0.02,0.28,0.15
25656296,-0.70,-9.73,0.08,4.09,0.55,18.70,0.02,0.28,0.15
25665991,-0.86,-9.80,-0.24,2.20,3.12,16.56,0.02,0.28,0.15
25676795,-1.45,-10.39,-0.55,2.20,11.31,8.92,0.02,0.28,0.15
25686362,-2.03,-10.93,-0.47,10.32,11.58,1.52,0.02,0.28,0.15
25700052,-1.98,-11.15,-1.19,19.84,11.14,-13.95,0.03,0.28,0.13
25710660,-1.87,-10.95,-1.02,27.18,16.13,-25.60,0.03,0.28,0.13
25720086,-1.97,-9.97,0.06,33.49,18.07,-31.38,0.02,0.27,0.14
25733617,-2.52,-6.66,5.66,15.53,14.79,-28.90,0.02,0.27,0.14
25743720,-2.21,-6.38,13.98,-25.75,31.79,-28.39,0.03,0.27,0.13
25758279,-5.39,-15.65,14.72,-68.89,43.08,-38.14,0.03,0.27,0.13
25771933,-2.08,-19.60,9.69,-68.52,-68.99,-68.55,0.04,0.27,0.12
25783488,0.77,-19.60,4.05,-31.60,-59.03,-107.68,0.04,0.27,0.12
25797827,0.48,-18.19,8.21,77.99,27.55,-103.05,0.04,0.25,0.13
25813690,4.68,-11.31,5.85,109.31,6.82,-78.31,0.04,0.25,0.13
25824028,3.75,-9.94,4.08,79.25,39.87,-58.25,0.03,0.27,0.15
25834575,3.82,-9.84,3.80,36.90,36.77,-30.80,0.03,0.27,0.15
25846010,5.44,-11.43,3.65,-12.75,27.25,-0.54,0.04,0.28,0.15
25860041,5.37,-13.08,4.07,-13.74,78.45,27.42,0.04,0.28,0.15
25873302,0.52,-12.87,6.42,6.54,91.26,45.83,0.04,0.28,0.13
25883444,-3.90,-11.81,5.50,18.16,86.10,57.27,0.04,0.28,0.13
25895842,-7.88,-10.95,4.71,21.10,69.67,68.29,0.05,0.29,0.14
25913329,-9.01,-11.72,3.32,6.82,2.18,67.74,0.05,0.29,0.14
25923068,-7.88,-11.69,2.61,2.68,-19.00,62.07,0.06,0.29,0.15
25933853,-6.55,-11.00,2.36,3.09,-30.75,54.54,0.06,0.29,0.15
25942903,-5.61,-10.34,2.55,6.87,-44.01,50.72,0.06,0.30,0.15
25952039,-4.58,-9.96,2.33,8.46,-62.48,48.22,0.07,0.30,0.15
25961270,-3.65,-9.41,1.93,5.04,-74.06,49.59,0.07,0.30,0.15
25971254,-2.54,-8.71,1.67,8.82,-77.56,49.56,0.08,0.31,0.16
25980487,-1.42,-7.34,1.48,18.51,-75.48,50.26,0.08,0.31,0.16
25994387,0.19,-4.59,0.92,25.80,-73.41,53.66,0.10,0.32,0.16
26004528,0.76,-2.88,0.55,21.72,-65.38,59.00,0.10,0.32,0.16
26015644,1.35,-2.43,0.44,13.63,-59.90,66.89,0.10,0.32,0.16
26025297,1.36,-2.72,0.25,6.27,-60.54,70.30,0.11,0.32,0.17
26036437,1.38,-3.44,0.44,-3.60,-59.78,71.59,0.11,0.32,0.17
26045855,1.33,-4.16,0.62,-12.95,-59.76,70.04,0.14,0.32,0.18
26055257,1.31,-4.77,0.87,-15.41,-57.80,67.12,0.14,0.32,0.18
26064573,1.32,-5.60,1.37,-14.82,-55.76,61.62,0.14,0.32,0.18
26073882,0.97,-6.19,1.16,-13.97,-52.12,56.63,0.16,0.32,0.19
26083666,0.88,-6.97,1.40,-12.01,-48.96,51.97,0.16,0.32,0.19
26093916,0.92,-7.57,1.39,-9.63,-43.77,46.90,0.16,0.33,0.17
26103357,0.75,-7.74,1.33,-10.58,-39.26,40.35,0.16,0.33,0.17
26112531,0.92,-7.97,1.30,-12.15,-36.92,30.68,0.16,0.33,0.17
26122436,1.02,-8.05,1.22,-10.85,-29.36,19.73,0.18,0.33,0.18
26131740,0.67,-8.03,1.11,-8.85,-25.66,8.81,0.18,0.33,0.18
26141404,0.39,-8.29,0.74,-10.70,-27.40,0.88,0.18,0.33,0.18
26150594,0.52,-9.00,-0.14,-13.84,-29.15,-7.17,0.17,0.33,0.18
26160118,0.52,-10.10,-0.55,-11.38,-32.17,-19.02,0.17,0.33,0.18
26169771,0.41,-11.06,-0.45,-7.32,-36.30,-31.17,0.17,0.33,0.18
26181179,0.38,-11.69,-0.21,7.80,-41.01,-41.74,0.17,0.33,0.18
26190731,0.55,-11.75,-0.37,23.56,-42.95,-46.80,0.17,0.33,0.18
26200110,0.81,-11.19,-0.66,37.76,-43.38,-49.46,0.17,0.34,0.18
26209542,1.11,-10.19,-0.93,49.38,-43.52,-50.40,0.17,0.34,0.18
26221346,1.61,-8.96,-1.01,47.85,-38.94,-48.93,0.17,0.34,0.21
26230563,1.80,-7.93,-0.56,34.92,-33.15,-46.55,0.17,0.34,0.21
26240890,1.71,-7.57,-0.03,13.56,-24.23,-44.05,0.17,0.34,0.21
26250540,1.32,-8.10,-0.04,-5.63,-14.34,-38.22,0.16,0.33,0.21
26261442,0.53,-9.63,0.12,-20.15,-2.86,-25.32,0.16,0.33,0.21
26270909,-0.23,-11.34,0.42,-24.86,3.48,-9.66,0.15,0.34,0.20
26280076,-0.43,-12.56,0.38,-20.37,5.19,2.82,0.15,0.34,0.20
26289130,-0.25,-13.26,0.14,-11.88,10.23,13.49,0.15,0.34,0.20
26301170,-0.18,-13.01,-0.28,-0.92,18.17,20.34,0.14,0.35,0.20
26310470,-0.09,-12.29,-0.52,4.35,20.35,21.98,0.14,0.35,0.20
26322554,0.14,-11.23,-0.11,0.38,18.74,21.40,0.13,0.35,0.21
26331716,0.06,-10.72,1.41,-10.56,15.80,19.26,0.13,0.35,0.21
26341639,-0.18,-11.01,3.54,-30.54,18.88,17.63,0.13,0.35,0.21
26350712,-0.22,-12.39,4.10,-38.34,22.95,18.73,0.14,0.35,0.21
26360594,-1.27,-13.52,3.45,-34.84,36.72,25.68,0.14,0.35,0.21
26370552,-2.62,-14.57,3.77,-32.35,48.47,36.50,0.13,0.35,0.20
26380582,-2.43,-15.82,3.86,-25.39,37.02,47.37,0.13,0.35,0.20
26390019,-0.77,-17.03,3.59,-9.46,22.15,60.65,0.13,0.35,0.20
26399504,1.82,-17.24,3.90,16.35,24.07,68.64,0.13,0.36,0.21
26409436,3.00,-16.23,5.14,49.06,42.47,64.52,0.13,0.36,0.21
26418769,2.27,-13.51,6.57,70.36,50.69,50.85,0.13,0.35,0.21
26428439,1.12,-10.01,7.17,78.60,37.19,30.42,0.13,0.35,0.21
26437784,0.09,-7.31,6.09,71.63,24.76,16.06,0.13,0.35,0.21
26447246,-1.18,-5.60,4.78,50.37,16.96,7.92,0.12,0.35,0.24
26456583,-2.00,-5.03,4.16,27.36,7.47,0.01,0.12,0.35,0.24
26466190,-2.87,-5.66,3.29,8.39,8.45,-5.44,0.12,0.35,0.24
26475402,-4.02,-6.55,3.51,-5.45,12.15,-12.88,0.13,0.35,0.22
26484942,-4.24,-8.08,3.70,-21.57,5.71,-21.36,0.13,0.35,0.22
26494116,-3.67,-9.43,3.47,-29.23,-2.77,-30.11,0.12,0.35,0.22
26505280,-2.29,-10.61,3.33,-30.24,0.55,-39.54,0.12,0.35,0.22
26516035,-0.95,-11.21,3.25,-30.00,5.24,-45.29,0.12,0.35,0.22
26528279,0.74,-11.43,2.85,-23.58,8.34,-47.16,0.11,0.36,0.23
26537434,1.45,-11.41,2.32,-17.37,14.91,-46.21,0.11,0.36,0.23
26546554,1.57,-11.25,2.17,-8.94,25.11,-44.90,0.09,0.35,0.23
26555707,1.09,-10.76,2.49,-2.51,34.90,-41.95,0.09,0.35,0.23
26565094,0.58,-10.33,2.79,4.31,40.62,-39.59,0.09,0.35,0.23
26574923,0.04,-9.66,2.64,9.98,42.07,-38.22,0.08,0.36,0.23
26584099,-0.59,-9.15,2.54,10.16,42.29,-39.20,0.08,0.36,0.23
26594751,-1.62,-8.23,2.39,11.49,40.74,-41.75,0.07,0.36,0.23
26604191,-2.20,-7.56,2.26,12.32,35.16,-43.20,0.07,0.36,0.23
26613957,-2.81,-6.89,2.09,10.88,29.52,-45.18,0.07,0.36,0.23
26623424,-3.06,-6.07,1.83,9.11,25.75,-45.98,0.05,0.36,0.23
26633231,-3.26,-5.43,1.93,7.37,24.41,-46.12,0.05,0.36,0.23
26642645,-3.56,-4.77,2.22,4.37,22.09,-45.16,0.05,0.36,0.22
26660358,-3.44,-4.32,2.11,-6.91,9.46,-35.91,0.05,0.36,0.22
26670037,-3.21,-4.54,2.17,-14.33,6.42,-27.54,0.04,0.35,0.22
26679182,-2.86,-5.01,2.20,-20.90,2.68,-19.93,0.04,0.35,0.22
26688387,-2.51,-5.61,2.10,-24.74,0.15,-11.82,0.04,0.35,0.22
26697569,-2.16,-6.19,1.88,-26.92,-0.29,-6.05,0.04,0.36,0.22
26709127,-1.85,-6.94,1.65,-25.86,2.23,1.03,0.04,0.36,0.22
26718262,-1.44,-7.70,1.56,-22.13,-1.21,3.44,0.03,0.37,0.21
26732025,-1.29,-8.54,1.49,-12.72,2.45,6.60,0.03,0.37,0.21
26741807,-1.38,-8.93,1.21,-3.58,3.76,9.69,0.03,0.37,0.20
26751217,-1.45,-8.84,0.89,5.15,4.48,12.05,0.03,0.37,0.20
26760233,-1.64,-8.58,0.61,10.54,5.88,15.23,0.03,0.37,0.20
26769487,-1.88,-8.27,0.32,13.63,7.81,18.95,0.03,0.36,0.21
26779626,-2.16,-8.26,-0.11,14.42,9.84,22.78,0.03,0.36,0.21
26789741,-2.52,-8.54,-0.41,16.30,9.11,25.48,0.03,0.36,0.21
26799237,-2.74,-8.77,-0.44,20.44,8.11,25.25,0.05,0.37,0.22
26809667,-2.78,-8.77,-0.18,25.86,8.15,24.09,0.05,0.37,0.22
26819015,-2.64,-8.65,0.24,26.90,6.97,22.92,0.04,0.36,0.22
26828278,-2.52,-8.48,0.52,26.12,5.81,22.37,0.04,0.36,0.22
26838069,-2.27,-8.28,0.94,22.83,6.21,24.12,0.04,0.36,0.22
26847586,-1.82,-8.32,1.34,18.95,6.88,28.55,0.05,0.37,0.23
26857005,-0.91,-8.66,1.58,16.52,7.47,35.47,0.05,0.37,0.23
26868246,-0.25,-9.15,2.08,9.08,7.51,43.57,0.04,0.36,0.23
26877482,-0.48,-9.77,2.30,1.85,6.15,47.48,0.04,0.36,0.23
26886849,-1.44,-10.63,1.75,-5.65,8.05,46.06,0.04,0.36,0.23
26897796,-2.96,-11.77,0.00,-10.54,13.86,36.37,0.05,0.36,0.23
26907352,-4.11,-13.01,-1.16,-16.41,13.31,19.92,0.05,0.36,0.23
26916566,-4.46,-14.42,-2.33,-19.77,9.93,0.38,0.06,0.37,0.23
26927634,-4.00,-15.36,-2.31,-9.98,8.51,-24.27,0.06,0.37,0.23
26937327,-3.43,-15.06,-1.58,6.81,7.53,-34.27,0.06,0.37,0.23
26946573,-2.95,-14.01,-0.46,17.61,2.72,-37.42,0.04,0.37,0.22
26956135,-2.64,-11.98,0.99,21.30,-6.30,-30.82,0.04,0.37,0.22
26965259,-2.47,-10.10,3.54,20.72,-11.73,-22.30,0.04,0.36,0.22
26974834,-0.91,-9.22,5.59,8.65,-11.16,-14.68,0.04,0.36,0.22
26983919,-0.16,-10.03,5.94,2.82,5.21,-9.77,0.04,0.36,0.22
26993427,-1.10,-11.12,5.59,8.10,16.21,-1.77,0.04,0.36,0.22
27002748,-2.40,-11.82,5.11,15.14,2.61,1.67,0.04,0.36,0.22
27012652,-2.79,-12.07,4.28,20.51,-13.30,-2.05,0.04,0.36,0.22
27022182,-2.74,-12.33,4.01,21.32,-5.70,-13.61,0.04,0.36,0.22
27031484,-2.89,-12.21,4.23,27.48,4.89,-28.33,0.04,0.36,0.22
27043447,-2.32,-11.25,5.07,38.11,4.22,-43.36,0.04,0.36,0.23
27053705,0.10,-10.41,4.46,37.89,-5.01,-47.84,0.04,0.36,0.23
27063714,0.99,-9.84,4.22,26.00,1.28,-46.80,0.04,0.36,0.23
27073291,0.73,-9.82,3.91,6.24,2.78,-41.87,0.02,0.35,0.22
27082364,0.33,-10.03,3.60,-2.77,-7.46,-31.43,0.02,0.35,0.22
27091948,0.18,-10.12,2.76,-9.35,-12.81,-17.56,0.02,0.35,0.23
27104116,-0.17,-10.12,2.26,-9.44,-8.02,1.58,0.02,0.35,0.23
27113288,-0.96,-10.01,2.65,-0.89,-6.76,15.96,0.02,0.35,0.23
27123228,-1.71,-9.55,2.93,10.32,-8.52,30.62,0.02,0.36,0.24
27132497,-2.11,-9.08,3.45,16.11,-10.24,41.62,0.02,0.36,0.24
27143305,-2.56,-8.69,3.48,15.48,-13.91,49.97,0.02,0.36,0.23
27152481,-2.85,-8.42,3.17,13.00,-16.56,54.01,0.02,0.36,0.23
27162794,-2.84,-8.45,3.27,9.12,-22.73,56.60,0.02,0.36,0.23
27171904,-2.42,-8.42,3.14,4.64,-30.56,57.22,0.03,0.35,0.23
27181280,-1.79,-8.42,2.94,4.07,-37.09,55.62,0.03,0.35,0.23
27190681,-1.38,-8.19,2.60,5.84,-38.05,52.59,0.05,0.35,0.23
27200230,-0.73,-7.97,2.46,4.70,-38.63,50.40,0.05,0.35,0.23
27209700,-0.15,-7.76,2.31,3.46,-38.86,47.78,0.05,0.35,0.23
27220487,0.35,-7.56,1.83,1.91,-37.92,44.37,0.05,0.36,0.25
27230315,0.36,-7.12,1.69,2.40,-36.12,41.69,0.05,0.36,0.25
27244191,0.36,-6.49,1.24,-0.71,-35.90,37.56,0.06,0.36,0.24
27254045,0.36,-6.02,1.08,-4.09,-34.97,35.45,0.06,0.36,0.24
27264401,0.34,-5.79,0.77,-10.74,-33.99,32.85,0.09,0.36,0.24
27274148,0.32,-5.83,0.99,-17.33,-33.63,30.76,0.07,0.36,0.24
27283225,0.29,-6.18,0.97,-23.42,-32.95,28.97,0.07,0.36,0.24
27292415,0.18,-6.75,1.12,-28.57,-31.08,26.59,0.08,0.36,0.24
27301657,-0.02,-7.44,1.05,-30.25,-29.40,24.43,0.08,0.36,0.24
27311080,-0.27,-7.91,1.03,-28.45,-29.23,21.74,0.08,0.36,0.24
27320336,-0.52,-8.45,0.89,-25.77,-29.36,19.01,0.09,0.36,0.23
27330373,-0.60,-8.78,0.92,-21.08,-31.60,16.26,0.09,0.36,0.23
27339625,-0.56,-8.96,0.76,-17.05,-32.36,13.81,0.09,0.37,0.22
27350257,-0.31,-8.83,0.76,-16.81,-30.96,11.25,0.09,0.37,0.22
27359916,0.02,-8.91,0.52,-18.94,-29.91,6.91,0.09,0.37,0.22
27369209,0.24,-8.97,0.52,-20.49,-27.83,2.31,0.09,0.37,0.23
27378635,0.45,-9.13,0.23,-18.47,-25.80,-3.57,0.09,0.37,0.23
27387778,0.45,-9.34,-0.05,-10.71,-22.25,-8.58,0.09,0.37,0.23
27397590,0.27,-9.32,-0.50,-2.80,-24.57,-15.10,0.09,0.37,0.22
27407335,0.05,-9.45,-0.82,1.41,-26.18,-20.90,0.09,0.37,0.22
27416520,-0.16,-9.67,-0.81,6.44,-26.28,-25.36,0.09,0.37,0.22
27426779,-0.26,-9.74,-0.43,10.92,-28.89,-31.33,0.09,0.37,0.22
27436198,-0.16,-9.65,0.34,11.74,-32.59,-31.61,0.09,0.37,0.22
27451224,0.02,-9.41,1.30,7.14,-29.22,-33.35,0.09,0.37,0.22
27461561,-0.56,-9.54,1.50,0.76,-22.10,-34.26,0.09,0.37,0.22
27518488,-0.95,-13.20,-0.70,-13.02,-4.72,21.25,0.08,0.37,0.21
27530877,0.06,-12.96,-1.29,5.60,-4.77,30.31,0.08,0.37,0.21
27541093,0.60,-12.07,-1.32,17.55,-0.52,31.51,0.09,0.37,0.20
27551955,0.39,-10.71,-1.43,25.23,3.86,29.36,0.09,0.37,0.20
27561406,-0.36,-9.70,-1.58,22.93,4.48,25.41,0.09,0.37,0.20
27571203,-1.07,-8.95,-1.26,13.26,-1.13,20.76,0.10,0.37,0.21
27580898,-1.24,-8.81,-0.59,-1.18,-7.60,14.95,0.10,0.37,0.21
27590320,-0.88,-8.99,1.31,-13.78,-10.23,10.39,0.09,0.37,0.22
27599633,-0.81,-9.58,3.23,-33.39,-7.94,7.03,0.09,0.37,0.22
27609387,-0.71,-11.59,3.94,-41.36,-5.42,4.13,0.09,0.37,0.22
27618685,-0.25,-12.93,3.24,-34.90,-1.52,3.65,0.10,0.36,0.21
27629209,0.37,-13.70,3.62,-26.99,8.54,10.94,0.10,0.36,0.21
27638569,0.56,-14.44,4.39,-21.54,18.27,22.78,0.09,0.37,0.21
27648757,0.45,-15.47,4.85,-2.25,23.42,38.46,0.09,0.37,0.21
27659103,0.79,-14.92,5.03,27.85,23.38,48.74,0.09,0.37,0.21
27668753,1.26,-13.33,5.41,49.78,27.92,48.30,0.10,0.36,0.21
27678847,0.65,-11.40,5.50,65.45,35.79,42.05,0.10,0.36,0.21
27687920,-0.26,-9.23,5.17,71.50,35.84,35.83,0.10,0.36,0.25
27697437,-0.60,-7.20,4.57,65.60,28.03,30.34,0.10,0.36,0.22
27708674,-0.05,-5.18,3.98,45.23,27.58,22.94,0.10,0.36,0.22
27718559,-0.25,-4.43,4.11,19.07,37.44,17.66,0.11,0.36,0.23
27728290,-1.51,-5.33,3.27,-2.35,39.31,12.20,0.11,0.36,0.23
27737673,-2.25,-6.80,2.10,-14.05,30.25,6.24,0.11,0.36,0.23
27747478,-2.66,-8.21,1.76,-20.48,20.60,-1.76,0.11,0.37,0.23
27757371,-2.54,-9.31,2.07,-23.50,14.33,-11.80,0.11,0.37,0.23
27766862,-1.74,-10.05,2.60,-23.32,16.21,-22.56,0.11,0.36,0.22
27776575,-1.09,-10.79,2.80,-22.31,24.51,-32.35,0.11,0.36,0.22
27790168,-0.42,-11.34,3.21,-15.75,34.92,-41.45,0.10,0.37,0.22
27801867,-0.09,-11.18,3.19,-5.32,43.25,-45.12,0.10,0.37,0.22
27813424,-0.00,-10.73,3.16,-0.46,49.40,-44.02,0.09,0.37,0.23
27823455,-0.16,-10.45,2.92,3.27,52.44,-39.68,0.09,0.37,0.23
27864272,-1.46,-8.51,1.85,20.41,45.41,-31.11,0.06,0.37,0.23
27873804,-1.49,-7.73,1.69,18.48,46.65,-31.22,0.06,0.37,0.23
27883055,-1.88,-7.01,1.87,15.02,52.92,-30.00,0.06,0.37,0.23
27892765,-2.50,-6.34,2.18,10.85,56.54,-28.37,0.06,0.36,0.23
27901977,-2.77,-5.99,2.59,4.08,50.49,-27.38,0.06,0.36,0.23
27913854,-2.67,-5.73,2.40,-6.25,41.58,-24.12,0.05,0.37,0.23
27925092,-2.42,-5.90,2.03,-12.86,39.40,-21.65,0.05,0.37,0.23
27934232,-2.34,-6.20,1.92,-17.47,36.15,-20.08,0.05,0.37,0.23
27943551,-2.20,-6.61,1.79,-23.30,31.76,-17.36,0.04,0.36,0.23
27956131,-2.15,-7.49,1.55,-26.91,27.32,-13.89,0.04,0.36,0.23
27966258,-2.03,-8.39,1.65,-25.45,25.50,-10.52,0.03,0.37,0.21
27980596,-1.81,-9.09,1.41,-19.03,22.91,-6.45,0.03,0.37,0.21
27991634,-1.69,-9.21,1.39,-12.82,23.23,-3.42,0.02,0.38,0.21
28001826,-1.49,-9.16,1.32,-8.48,22.78,0.34,0.02,0.38,0.21
28011449,-1.48,-9.04,1.23,-4.40,24.44,3.18,0.02,0.38,0.21
28020575,-1.61,-8.87,0.93,-0.58,26.17,6.32,0.02,0.37,0.21
28030902,-1.78,-8.74,0.75,3.24,28.37,9.68,0.02,0.37,0.21
28041706,-1.92,-8.76,0.54,6.55,29.88,12.56,0.03,0.36,0.21
28052284,-2.05,-8.87,0.36,10.56,31.05,15.25,0.03,0.36,0.21
28063851,-2.00,-8.80,0.71,14.39,31.51,17.84,0.02,0.37,0.20
28073992,-2.02,-8.50,1.10,15.10,31.05,20.89,0.02,0.37,0.20
28084461,-1.99,-8.08,1.51,12.48,29.78,25.31,0.02,0.37,0.20
28094765,-1.83,-7.62,1.43,9.31,29.46,29.78,0.03,0.37,0.20
28104780,-1.63,-7.33,1.22,3.77,31.13,33.58,0.03,0.37,0.20
28114729,-1.32,-7.35,1.04,-5.78,33.08,37.28,0.03,0.38,0.20
28127441,-1.07,-7.83,0.89,-14.55,35.68,40.53,0.03,0.38,0.20
28137116,-0.84,-8.33,0.73,-17.32,37.37,41.62,0.03,0.38,0.21
28146691,-0.83,-8.82,0.95,-18.49,37.57,41.98,0.03,0.38,0.21
28155747,-0.92,-9.24,1.33,-20.37,35.01,41.26,0.03,0.38,0.21
28165983,-0.93,-9.65,1.74,-22.20,29.73,38.81,0.04,0.38,0.20
28175249,-1.12,-10.08,1.95,-21.44,25.36,35.45,0.04,0.38,0.20
28184748,-1.52,-10.53,1.61,-20.00,23.57,30.52,0.04,0.38,0.20
28194414,-2.30,-10.75,0.96,-18.63,22.80,22.71,0.04,0.38,0.20
28204174,-2.83,-11.22,0.44,-19.28,21.19,12.36,0.04,0.38,0.20
28214940,-2.70,-12.07,-0.16,-21.19,22.09,-1.73,0.04,0.38,0.20
28224999,-2.28,-12.72,-0.54,-17.83,27.18,-13.97,0.04,0.38,0.20
28234193,-1.99,-12.87,-0.20,-11.28,30.32,-23.65,0.04,0.38,0.20
28246812,-1.51,-12.14,0.81,0.46,29.01,-31.01,0.03,0.38,0.19
28256469,-1.07,-11.05,3.40,3.18,29.19,-30.27,0.03,0.38,0.19
28268931,0.74,-10.86,6.76,-14.18,23.95,-29.19,0.03,0.38,0.18
28278459,0.35,-12.29,7.01,-11.38,30.12,-24.84,0.03,0.38,0.18
28287939,0.11,-13.42,5.29,7.57,34.19,-23.36,0.02,0.38,0.19
28299621,-0.68,-13.48,3.84,15.66,24.13,-26.41,0.02,0.38,0.19
28310014,-1.66,-12.79,2.73,10.07,15.79,-30.36,0.02,0.38,0.19
28320218,-3.04,-12.20,3.42,5.99,16.71,-33.30,0.02,0.38,0.19
28331898,-4.53,-11.60,5.57,6.20,8.57,-34.00,0.02,0.38,0.19
28341399,-4.07,-11.41,5.90,16.07,2.68,-33.08,0.01,0.37,0.19
28350575,-2.57,-10.80,5.58,28.49,10.05,-28.25,0.01,0.37,0.19
28359824,-1.57,-9.59,4.80,34.76,20.56,-21.49,0.01,0.37,0.19
28370666,-0.64,-8.45,3.95,33.12,26.87,-13.55,0.00,0.38,0.20
28379775,0.26,-7.64,3.31,27.78,29.43,-8.96,0.00,0.38,0.20
28390323,1.17,-6.97,2.82,19.71,31.76,-6.55,-0.01,0.37,0.19
28399498,1.84,-6.46,2.82,11.94,33.99,-4.61,-0.01,0.37,0.19
28409125,2.14,-6.33,3.23,3.44,33.48,-1.37,-0.01,0.37,0.19
28418557,2.30,-6.54,3.58,-3.90,32.34,2.66,-0.00,0.37,0.20
28427669,2.21,-7.00,3.79,-8.48,33.76,8.70,-0.00,0.37,0.20
28436868,1.89,-7.46,3.90,-14.71,36.94,14.89,-0.01,0.37,0.19
28446380,1.11,-8.32,4.07,-26.37,39.14,21.08,-0.01,0.37,0.19
28455830,0.23,-9.38,4.25,-34.88,36.25,26.71,-0.01,0.37,0.19
28464975,-0.50,-10.33,4.23,-38.55,30.00,29.30,-0.01,0.38,0.20
28475307,-1.24,-11.28,4.10,-33.89,24.89,33.45,-0.01,0.38,0.20
28484392,-1.71,-11.72,4.19,-25.86,19.29,32.48,-0.01,0.38,0.20
28503780,-2.16,-11.42,4.33,-1.95,10.22,33.85,-0.01,0.38,0.18
28513828,-1.63,-10.83,4.11,7.87,3.54,34.95,0.01,0.38,0.18
28523241,-1.06,-9.92,3.83,14.53,3.08,36.02,0.01,0.38,0.18
28532496,-0.85,-9.05,3.67,16.51,3.95,37.46,0.01,0.38,0.18
28541636,-0.82,-8.22,3.62,16.10,2.51,39.07,0.01,0.39,0.18
28551829,-0.56,-7.45,3.38,12.37,-1.12,41.24,0.01,0.39,0.18
28561210,-0.13,-7.01,3.20,5.26,-3.44,42.91,0.01,0.38,0.18
28574534,0.28,-6.81,2.99,-5.74,-3.01,41.86,0.01,0.38,0.18
28584086,0.62,-7.03,2.79,-12.86,-2.17,39.43,0.01,0.38,0.18
28595658,0.87,-7.39,2.50,-18.51,0.30,34.47,0.02,0.38,0.17
28604872,0.80,-7.83,2.41,-19.76,2.51,30.29,0.02,0.38,0.17
28614620,0.73,-8.05,2.40,-19.67,3.22,26.11,0.02,0.39,0.17
28624414,0.56,-8.41,2.52,-19.86,4.17,23.69,0.02,0.39,0.17
28633540,0.26,-8.65,2.75,-18.79,5.36,21.59,0.02,0.39,0.17
28642551,-0.13,-8.82,2.94,-16.56,5.41,20.21,0.03,0.39,0.17
28651982,-0.35,-8.88,2.86,-14.81,3.79,18.23,0.03,0.39,0.17
28661672,-0.36,-8.94,2.62,-13.79,0.90,15.67,0.03,0.39,0.16
28670777,-0.28,-8.94,2.40,-13.89,-2.57,11.62,0.03,0.39,0.16
28680601,-0.09,-8.91,2.14,-12.49,-5.44,7.38,0.03,0.39,0.16
28690503,-0.02,-8.97,1.87,-10.74,-8.78,3.56,0.03,0.39,0.18
28700121,0.03,-9.02,1.87,-7.34,-12.46,0.74,0.03,0.39,0.18
28709260,0.04,-9.03,1.90,-4.65,-15.92,-2.29,0.03,0.39,0.18
28718507,0.16,-8.96,1.97,-1.20,-18.18,-4.68,0.03,0.38,0.17
28728328,0.25,-8.81,2.25,0.85,-17.27,-7.09,0.03,0.38,0.17
28737703,0.11,-8.67,2.21,1.15,-13.48,-9.27,0.03,0.38,0.17
28747269,-0.08,-8.65,2.29,1.29,-16.27,-11.25,0.03,0.38,0.17
28757499,-0.24,-8.69,2.08,0.87,-20.40,-12.14,0.03,0.38,0.17
28766736,-0.26,-8.95,2.05,0.83,-24.24,-13.87,0.03,0.39,0.17
28780363,-0.58,-9.30,2.29,0.84,-28.35,-17.00,0.03,0.39,0.17
28789535,-0.87,-9.44,2.51,-0.11,-32.72,-19.92,0.03,0.39,0.17
28799328,-1.09,-9.53,2.82,-0.05,-37.83,-23.50,0.03,0.39,0.17
28808493,-1.36,-9.43,2.93,-0.13,-39.49,-27.60,0.03,0.39,0.17
28817621,-1.53,-9.28,2.92,-0.20,-37.83,-29.63,0.02,0.38,0.17
28827056,-1.39,-9.23,2.75,-0.64,-35.27,-30.21,0.02,0.38,0.17
28836208,-0.91,-9.23,2.53,-1.72,-31.97,-28.36,0.02,0.38,0.18
28845913,-0.32,-9.21,2.33,-2.94,-24.12,-24.65,0.02,0.38,0.18
28854946,-0.13,-9.29,2.33,-3.50,-19.08,-21.11,0.02,0.38,0.18
28864819,0.24,-9.59,2.44,-1.93,-17.68,-17.56,0.02,0.36,0.18
28874495,0.49,-9.87,2.44,1.56,-18.09,-15.44,0.02,0.36,0.18
28884253,0.55,-9.98,2.23,6.76,-18.31,-11.28,0.02,0.36,0.18
28894197,0.39,-9.86,2.02,11.14,-18.82,-12.49,0.01,0.38,0.17
28903609,0.16,-9.79,1.72,13.23,-17.95,-12.79,0.01,0.38,0.17
28912919,-0.01,-9.73,1.52,14.95,-14.72,-13.86,0.01,0.38,0.18
28923067,-0.29,-9.68,1.29,16.30,-11.39,-15.90,0.01,0.38,0.18
28933011,-0.64,-9.44,1.42,14.62,-11.16,-18.02,0.01,0.38,0.18
28942708,-0.97,-9.09,2.03,5.69,-13.74,-18.68,0.01,0.38,0.18
28952391,-1.34,-9.29,2.68,-6.23,-14.77,-18.15,0.01,0.38,0.18
28963484,-1.78,-10.20,3.19,-8.37,-12.70,-17.07,0.01,0.37,0.18
28974634,-1.88,-10.28,3.22,-1.86,-11.47,-12.99,0.01,0.37,0.18
28985974,-1.61,-10.06,3.28,0.34,-7.66,-5.43,0.01,0.37,0.19
28995731,-1.56,-10.08,3.38,-3.10,-4.06,3.55,0.01,0.37,0.19
29005243,-1.46,-10.66,3.38,-5.84,-1.64,11.65,0.01,0.37,0.19
29014423,-1.27,-11.11,2.99,0.64,-0.31,17.32,0.01,0.37,0.18
29023685,-1.15,-10.96,2.49,9.99,0.69,21.89,0.01,0.37,0.18
29033231,-1.07,-10.26,2.18,16.31,0.68,24.42,0.01,0.37,0.18
29043308,-1.00,-9.56,2.22,16.76,1.20,25.54,0.00,0.38,0.19
29054034,-1.03,-9.08,2.34,14.58,3.22,24.60,0.00,0.38,0.19
29066673,-1.06,-8.74,2.50,13.48,4.68,21.97,0.01,0.38,0.18
29078041,-1.15,-8.26,2.74,11.46,4.59,18.66,0.01,0.38,0.18
29088487,-1.33,-7.93,2.86,6.83,4.03,16.43,0.02,0.37,0.19
29098220,-1.42,-7.80,2.96,1.54,2.63,14.64,0.02,0.37,0.19
29111066,-1.35,-7.84,3.19,-4.68,0.25,12.60,0.02,0.38,0.19
29121048,-1.31,-8.02,3.42,-9.90,-1.58,11.41,0.02,0.38,0.19
29131087,-1.31,-8.43,3.63,-12.75,-3.76,10.41,0.02,0.38,0.19
29140337,-1.29,-8.69,3.62,-13.32,-4.50,9.41,0.02,0.38,0.19
29154428,-1.32,-9.12,3.60,-11.87,-3.84,9.52,0.02,0.38,0.19
29163966,-1.32,-9.32,3.44,-10.74,-3.04,10.67,0.02,0.38,0.19
29174005,-1.14,-9.54,3.50,-9.95,-1.91,12.77,0.02,0.38,0.19
29183346,-1.02,-9.69,3.49,-8.65,-0.90,14.65,0.02,0.38,0.19
29193303,-0.92,-9.82,3.59,-6.82,1.15,17.08,0.02,0.38,0.19
29202482,-0.86,-9.80,3.55,-3.95,2.46,18.25,0.02,0.38,0.19
29211769,-0.84,-9.53,3.50,-0.48,4.47,18.86,0.02,0.38,0.19
29221225,-0.85,-9.19,3.51,1.46,5.69,18.00,0.02,0.38,0.19
29230387,-0.85,-8.87,3.37,2.00,6.57,17.05,0.02,0.38,0.19
29239977,-1.02,-8.59,3.33,0.84,7.66,15.51,0.03,0.38,0.19
29249133,-1.16,-8.48,3.32,-1.54,8.04,13.65,0.03,0.38,0.19
29258763,-1.23,-8.42,3.34,-3.88,7.60,12.28,0.03,0.38,0.19
29269354,-1.39,-8.48,3.39,-6.81,7.05,11.55,0.03,0.38,0.19
29278754,-1.47,-8.58,3.23,-8.56,5.31,10.73,0.03,0.38,0.19
29292368,-1.51,-8.77,3.23,-8.66,3.33,10.51,0.03,0.38,0.18
29301756,-1.49,-8.87,3.20,-9.06,2.51,10.18,0.03,0.38,0.18
29311403,-1.60,-8.96,3.30,-9.23,1.33,10.12,0.03,0.39,0.18
29320610,-1.59,-9.10,3.43,-9.53,-0.39,10.08,0.03,0.39,0.18
29330078,-1.44,-9.29,3.26,-9.37,-1.51,9.99,0.03,0.39,0.18
29339342,-1.37,-9.46,3.18,-8.49,-2.17,9.56,0.03,0.39,0.17
29348602,-1.29,-9.58,3.12,-7.60,-2.72,9.54,0.03,0.39,0.17
29357760,-1.23,-9.61,2.97,-7.26,-2.93,9.24,0.03,0.39,0.17
29367063,-1.21,-9.58,3.03,-6.26,-2.79,9.17,0.03,0.39,0.18
29376549,-1.20,-9.52,2.99,-5.80,-2.49,8.78,0.03,0.39,0.18
29386903,-1.09,-9.42,2.83,-5.00,-1.85,9.14,0.03,0.39,0.18
29397046,-1.18,-9.27,2.76,-4.75,-0.45,8.87,0.03,0.39,0.18
29406105,-1.18,-9.21,2.69,-5.47,-0.31,9.32,0.03,0.39,0.18
29415212,-1.18,-9.16,2.66,-6.15,-0.34,9.52,0.03,0.38,0.17
29424852,-1.37,-9.16,2.70,-6.32,-0.30,9.60,0.03,0.38,0.17
29434927,-1.25,-9.15,2.87,-6.81,-1.52,9.56,0.03,0.38,0.18
29444306,-1.25,-9.19,2.86,-7.24,-2.65,9.94,0.03,0.38,0.18
29454023,-1.16,-9.25,2.85,-6.41,-4.05,9.75,0.03,0.38,0.18
29463211,-1.10,-9.27,2.79,-5.30,-4.41,10.01,0.03,0.38,0.17
29474521,-1.14,-9.26,2.80,-4.80,-3.98,10.05,0.03,0.38,0.17
29483554,-1.19,-9.30,2.73,-5.13,-4.51,10.05,0.03,0.38,0.17
29496276,-1.17,-9.39,2.72,-5.84,-4.97,9.44,0.04,0.39,0.17
29505866,-1.17,-9.46,2.71,-5.20,-5.11,8.91,0.04,0.39,0.17
29516443,-1.15,-9.49,2.78,-4.18,-5.46,8.44,0.04,0.38,0.17
29525756,-1.13,-9.47,2.92,-3.04,-6.75,7.81,0.04,0.38,0.17
29535163,-1.10,-9.45,2.85,-1.57,-7.74,7.42,0.04,0.39,0.17
29544843,-1.06,-9.38,2.78,-1.14,-8.65,7.11,0.04,0.39,0.17
29554046,-0.99,-9.38,2.72,-0.74,-8.31,7.07,0.04,0.39,0.17
29563399,-0.99,-9.40,2.69,-0.06,-8.14,7.00,0.04,0.39,0.17
29572633,-1.07,-9.39,2.70,0.88,-8.26,7.26,0.04,0.39,0.17
29581771,-1.01,-9.30,2.69,1.52,-8.49,7.60,0.04,0.39,0.17
29591205,-0.96,-9.26,2.65,1.34,-7.93,7.73,0.05,0.39,0.16
29600966,-0.93,-9.26,2.75,0.71,-7.25,7.96,0.05,0.39,0.16
29610101,-0.97,-9.31,2.74,0.73,-7.27,8.29,0.04,0.39,0.18
29619746,-0.91,-9.30,2.71,1.49,-7.45,8.18,0.04,0.39,0.18
29629506,-0.88,-9.23,2.72,1.77,-7.42,8.08,0.04,0.39,0.18
29639057,-0.93,-9.18,2.75,1.53,-7.87,7.92,0.04,0.38,0.17
29648313,-0.90,-9.19,2.74,1.38,-7.71,8.21,0.04,0.38,0.17
29657716,-0.81,-9.25,2.68,1.53,-7.77,8.22,0.04,0.38,0.17
29666924,-0.77,-9.29,2.66,1.25,-7.80,8.32,0.04,0.38,0.18
29678190,-0.74,-9.49,2.70,1.60,-7.59,8.17,0.04,0.38,0.18
29687381,-0.76,-9.43,2.64,1.68,-6.87,8.58,0.05,0.39,0.17
29697074,-0.86,-9.50,2.61,2.23,-4.65,8.58,0.05,0.39,0.17
29707102,-0.92,-9.48,2.68,3.03,-6.83,8.83,0.05,0.39,0.17
29716171,-0.90,-9.45,2.71,3.88,-7.01,8.87,0.04,0.39,0.17
29725668,-0.96,-9.39,2.69,4.11,-7.01,8.79,0.04,0.39,0.17
29734937,-0.95,-9.34,2.71,4.01,-7.24,8.77,0.05,0.38,0.18
29744240,-0.99,-9.31,2.63,3.68,-7.69,8.66,0.05,0.38,0.18
29753645,-0.98,-9.31,2.71,3.48,-8.06,8.66,0.05,0.38,0.18
29765185,-1.03,-9.30,2.76,3.79,-8.65,8.61,0.05,0.40,0.19
29774475,-1.04,-9.35,2.67,3.84,-9.66,8.45,0.05,0.40,0.19
29783939,-1.00,-9.37,2.66,4.16,-9.50,8.03,0.05,0.39,0.18
29794443,-0.97,-9.38,2.57,4.24,-9.74,7.39,0.05,0.39,0.18
29804517,-0.93,-9.33,2.58,4.28,-9.27,7.29,0.05,0.39,0.18
29814180,-0.95,-9.33,2.65,3.66,-9.49,6.93,0.06,0.39,0.19
29824771,-0.94,-9.39,2.49,3.58,-10.03,6.98,0.06,0.39,0.19
29833869,-0.99,-9.38,2.69,3.93,-10.44,7.59,0.06,0.39,0.18
29843365,-1.01,-9.36,2.64,4.37,-10.92,7.82,0.06,0.39,0.18
29852923,-1.04,-9.34,2.65,4.31,-11.53,7.95,0.06,0.39,0.18
29862635,-1.01,-9.32,2.70,4.77,-11.74,7.97,0.06,0.39,0.18
29871745,-1.02,-9.19,2.56,5.03,-12.06,8.22,0.06,0.39,0.18
29883027,-0.94,-9.34,2.48,5.25,-12.08,8.15,0.05,0.38,0.18
29892512,-0.94,-9.29,2.47,5.49,-11.80,8.18,0.05,0.38,0.18
29905855,-0.97,-9.34,2.50,4.88,-11.97,8.02,0.05,0.38,0.18
29915162,-0.99,-9.38,2.55,5.01,-12.12,8.10,0.06,0.38,0.19
29926684,-0.99,-9.33,2.61,5.33,-12.06,7.64,0.06,0.38,0.19
29935973,-0.94,-9.31,2.56,5.30,-11.76,7.91,0.06,0.38,0.18
29945715,-0.91,-9.26,2.56,5.06,-11.70,7.66,0.06,0.38,0.18
29955409,-0.87,-9.25,2.46,5.11,-11.73,7.60,0.06,0.38,0.18
29965265,-0.82,-9.26,2.45,5.03,-11.63,7.20,0.06,0.38,0.18
29975628,-0.82,-9.34,2.45,5.33,-11.56,6.62,0.06,0.38,0.18
29987871,-0.79,-9.38,2.41,5.67,-11.17,6.30,0.06,0.38,0.19
30000698,-0.81,-9.49,2.34,5.78,-10.61,5.71,0.06,0.38,0.19
30012258,-0.78,-9.51,2.36,6.04,-9.90,5.96,0.07,0.38,0.19
30023526,-0.79,-9.48,2.37,6.00,-8.92,6.16,0.07,0.38,0.19
30033986,-0.62,-9.46,2.45,6.09,-8.47,6.04,0.06,0.38,0.20
30044180,-0.74,-9.40,2.40,6.57,-7.73,5.95,0.06,0.38,0.20
30054805,-0.72,-9.34,2.35,6.20,-7.01,5.80,0.06,0.38,0.20
30064740,-0.73,-9.29,2.31,5.88,-6.47,5.93,0.07,0.38,0.20
30074818,-0.75,-9.31,2.26,4.95,-6.37,5.97,0.07,0.38,0.20
30086288,-0.73,-9.34,2.37,4.18,-5.64,6.00,0.07,0.38,0.20
30096913,-0.75,-9.35,2.32,4.34,-5.03,6.12,0.07,0.38,0.20
30110693,-0.76,-9.31,2.40,4.64,-4.05,5.99,0.06,0.38,0.19
30120136,-0.75,-9.31,2.36,4.84,-3.63,5.93,0.06,0.38,0.19
30132043,-0.68,-9.33,2.24,4.33,-3.31,5.79,0.06,0.38,0.19
30141545,-0.61,-9.35,2.14,3.33,-2.96,5.84,0.07,0.38,0.19
30150910,-0.68,-9.47,2.17,2.28,-2.24,6.37,0.07,0.38,0.19
30160645,-0.75,-9.59,2.31,2.00,-1.69,6.59,0.07,0.39,0.20
30170065,-0.78,-9.64,2.43,2.96,-1.82,6.75,0.07,0.39,0.20
30179166,-0.78,-9.62,2.49,4.91,-1.48,7.06,0.07,0.39,0.20
30189974,-0.75,-9.45,2.50,6.40,-1.42,7.46,0.07,0.38,0.18
30199010,-0.79,-9.35,2.44,6.05,-0.87,7.45,0.07,0.38,0.18
30208742,-0.83,-9.30,2.38,5.79,-0.28,7.54,0.07,0.38,0.20
30218507,-0.87,-9.30,2.40,5.13,-0.28,7.60,0.07,0.38,0.20
30228155,-0.85,-9.31,2.41,4.13,0.33,7.83,0.07,0.38,0.20
30237332,-0.81,-9.24,2.42,3.89,1.23,7.70,0.08,0.38,0.19
30246713,-0.88,-9.29,2.38,3.08,2.19,7.21,0.08,0.38,0.19
30255861,-0.83,-9.27,2.30,3.25,2.85,7.04,0.08,0.38,0.19
30265074,-0.75,-9.27,2.27,3.02,2.98,6.38,0.08,0.39,0.20
30276996,-0.81,-9.32,2.24,2.48,3.54,5.83,0.08,0.39,0.20
30286765,-0.85,-9.35,2.28,2.13,3.50,5.31,0.07,0.38,0.19
30296609,-0.87,-9.37,2.33,2.06,3.29,5.04,0.07,0.38,0.19
30306136,-0.86,-9.39,2.32,1.85,3.33,4.94,0.07,0.38,0.19
30317788,-0.88,-9.41,2.26,2.22,3.10,4.69,0.08,0.38,0.19
30327936,-0.86,-9.41,2.18,1.95,3.12,4.65,0.08,0.38,0.19
30337342,-0.88,-9.43,2.23,2.51,3.50,4.14,0.07,0.38,0.19
30346890,-0.86,-9.44,2.24,2.60,3.58,4.75,0.07,0.38,0.19
30356703,-0.95,-9.46,2.24,3.05,3.62,4.78,0.07,0.38,0.19
30365781,-1.00,-9.49,2.29,3.28,3.58,4.63,0.07,0.38,0.19
30375166,-0.96,-9.47,2.21,3.75,3.87,4.70,0.07,0.38,0.19
30384163,-0.93,-9.48,2.17,4.27,4.07,4.59,0.07,0.38,0.20
30395191,-0.97,-9.41,2.22,4.35,4.21,4.30,0.07,0.38,0.20
30405027,-0.93,-9.37,2.23,4.07,4.30,3.91,0.07,0.38,0.20
30420011,-0.86,-9.35,2.16,4.06,3.74,4.12,0.07,0.38,0.20
30429942,-0.80,-9.32,2.09,3.53,4.09,3.75,0.07,0.38,0.20
30439660,-0.74,-9.31,2.03,3.35,5.01,3.67,0.07,0.38,0.20
30448886,-0.73,-9.34,2.04,3.36,5.47,3.63,0.07,0.38,0.20
30458846,-0.77,-9.36,2.00,2.68,5.64,3.67,0.07,0.37,0.19
30468478,-0.72,-9.42,1.98,2.39,5.86,3.87,0.07,0.37,0.19
30477855,-0.73,-9.46,2.01,2.26,6.01,3.65,0.07,0.37,0.19
30487485,-0.70,-9.49,1.92,2.89,6.28,4.00,0.07,0.36,0.20
30499087,-0.69,-9.51,1.96,3.12,7.21,3.93,0.07,0.36,0.20
30509575,-0.68,-9.50,1.95,3.14,7.33,3.67,0.07,0.37,0.20
30521398,-0.70,-9.46,2.05,3.00,8.15,3.85,0.07,0.37,0.20
30530748,-0.74,-9.46,2.04,2.67,8.10,3.51,0.07,0.37,0.20
30540778,-0.70,-9.46,2.03,3.01,8.12,3.42,0.07,0.38,0.20
30550700,-0.60,-9.46,1.94,3.33,8.72,3.50,0.07,0.38,0.20
30560292,-0.60,-9.46,1.82,3.04,9.63,3.16,0.07,0.37,0.20
30570161,-0.55,-9.46,1.86,2.67,10.71,2.96,0.07,0.37,0.20
30579358,-0.53,-9.44,1.86,2.41,11.06,2.77,0.07,0.37,0.20
30588548,-0.53,-9.47,1.91,2.20,11.38,2.60,0.07,0.38,0.19
30599346,-0.55,-9.54,1.92,1.83,11.73,2.56,0.07,0.38,0.19
30608971,-0.66,-9.57,1.89,1.85,12.25,2.50,0.07,0.38,0.20
30618271,-0.74,-9.56,1.92,1.93,12.23,2.36,0.07,0.38,0.20
30628683,-0.75,-9.57,1.98,2.25,11.87,2.35,0.07,0.38,0.20
30637866,-0.79,-9.54,1.98,2.46,12.05,2.20,0.07,0.38,0.20
30647284,-0.82,-9.53,2.05,3.12,12.22,2.18,0.07,0.38,0.20
30656843,-0.82,-9.51,2.01,3.74,12.09,2.69,0.06,0.37,0.20
30666062,-0.83,-9.50,2.03,4.06,11.77,2.47,0.06,0.37,0.20
30675620,-0.82,-9.47,2.00,4.27,11.86,2.40,0.06,0.37,0.20
30687035,-0.82,-9.49,1.78,4.27,11.72,2.16,0.06,0.38,0.19
30696129,-0.81,-9.49,1.78,4.41,11.65,2.20,0.06,0.38,0.19
30705349,-0.82,-9.49,1.76,4.45,11.52,1.76,0.06,0.38,0.19
30714775,-0.85,-9.51,1.83,3.89,11.21,1.94,0.07,0.38,0.20
30727055,-0.87,-9.55,1.84,3.99,10.85,1.86,0.07,0.38,0.20
30736258,-0.84,-9.54,1.83,4.17,10.72,2.05,0.07,0.37,0.20
30745389,-0.89,-9.55,1.79,4.16,10.53,2.16,0.07,0.37,0.20
30754636,-0.88,-9.54,1.91,4.61,10.64,2.79,0.07,0.37,0.20
30763769,-0.90,-9.51,1.87,4.87,10.22,2.60,0.06,0.38,0.21
30773833,-0.91,-9.50,1.90,5.38,9.93,3.07,0.06,0.38,0.21
30783385,-0.88,-9.43,1.80,5.49,9.44,3.34,0.07,0.37,0.20
30795065,-0.83,-9.42,1.69,4.72,9.56,3.18,0.07,0.37,0.20
30806388,-0.80,-9.47,1.76,3.79,10.05,3.22,0.06,0.38,0.20
30815717,-0.84,-9.50,1.74,3.64,9.64,3.25,0.06,0.38,0.20
30829454,-0.84,-9.55,1.93,3.76,9.26,2.92,0.06,0.38,0.20
30839698,-0.78,-9.52,2.01,4.73,8.61,2.52,0.06,0.38,0.20
30848848,-0.75,-9.50,1.96,5.64,8.34,2.32,0.06,0.38,0.20
30858907,-0.69,-9.45,1.88,5.41,8.78,1.91,0.06,0.38,0.21
30873930,-0.70,-9.46,1.69,5.22,9.12,1.92,0.06,0.38,0.21
30883422,-0.74,-9.49,1.76,4.92,9.13,1.68,0.06,0.37,0.21
30892877,-0.70,-9.49,1.73,4.27,9.65,1.78,0.06,0.37,0.21
30902053,-0.78,-9.53,1.85,4.38,10.08,1.93,0.06,0.37,0.21
30911206,-0.77,-9.55,1.89,4.72,10.31,2.16,0.06,0.37,0.22
30931484,-0.75,-9.50,1.86,5.10,10.21,2.35,0.06,0.37,0.21
30940532,-0.75,-9.50,1.84,5.28,10.41,2.07,0.06,0.37,0.21
30950142,-0.73,-9.52,1.86,5.14,10.27,2.02,0.06,0.37,0.21
30959296,-0.66,-9.52,1.88,5.44,10.01,1.66,0.06,0.38,0.21
30968747,-0.68,-9.45,1.79,5.31,10.11,1.72,0.06,0.38,0.21
30982495,-0.68,-9.40,1.75,5.52,10.60,1.81,0.06,0.38,0.20
30993909,-0.72,-9.38,1.85,4.81,11.25,1.82,0.06,0.38,0.20
31003207,-0.79,-9.35,1.82,4.48,10.89,2.13,0.06,0.38,0.20
31012374,-0.76,-9.40,1.80,3.99,10.99,2.35,0.06,0.38,0.21
31021799,-0.81,-9.43,1.76,3.27,10.61,2.88,0.06,0.38,0.21
31034533,-0.80,-9.35,1.72,2.24,10.19,3.11,0.05,0.38,0.21
31044174,-0.84,-9.58,1.84,1.83,10.12,3.02,0.05,0.38,0.21
31053350,-0.90,-9.57,1.82,1.80,9.76,2.81,0.05,0.38,0.21
31062501,-0.85,-9.58,1.79,1.82,9.25,3.03,0.06,0.38,0.20
31072360,-0.89,-9.56,1.85,2.08,8.59,3.08,0.06,0.38,0.20
31081553,-0.90,-9.52,1.82,2.11,8.37,2.89,0.06,0.38,0.21
31090641,-0.91,-9.49,1.86,2.03,7.80,2.95,0.06,0.38,0.21
31099957,-0.91,-9.47,1.78,1.96,7.84,3.19,0.06,0.38,0.21
31109031,-0.86,-9.45,1.83,2.02,7.72,3.05,0.05,0.38,0.21
31118304,-0.87,-9.45,1.79,1.86,7.53,2.90,0.05,0.38,0.21
31127374,-0.81,-9.46,1.72,1.62,7.52,3.11,0.05,0.38,0.21
31137333,-0.77,-9.50,1.75,1.43,7.23,2.85,0.05,0.37,0.21
31146850,-0.80,-9.52,1.64,1.55,7.06,2.66,0.05,0.37,0.21
31156234,-0.78,-9.52,1.66,1.24,6.47,2.76,0.05,0.38,0.20
31165595,-0.80,-9.57,1.67,1.34,6.16,2.93,0.05,0.38,0.20
31174788,-0.83,-9.59,1.63,1.03,5.78,3.06,0.05,0.38,0.20
31184279,-0.81,-9.61,1.62,1.46,5.41,2.92,0.05,0.38,0.22
31193467,-0.85,-9.55,1.67,1.76,5.12,2.89,0.05,0.38,0.22
31203196,-0.87,-9.59,1.70,1.61,4.60,2.94,0.05,0.38,0.22
31213979,-0.87,-9.55,1.65,1.37,4.56,2.97,0.06,0.37,0.22
31223342,-0.79,-9.57,1.64,1.45,4.56,3.38,0.06,0.37,0.22
31232683,-0.78,-9.54,1.59,0.90,4.37,3.29,0.05,0.37,0.21
31242302,-0.80,-9.57,1.61,1.23,4.21,3.26,0.05,0.37,0.21
31251534,-0.77,-9.56,1.59,0.81,4.04,3.19,0.05,0.37,0.21
31260810,-0.81,-9.57,1.61,0.93,4.16,2.87,0.05,0.37,0.21
31270075,-0.79,-9.55,1.65,0.86,3.74,2.95,0.05,0.37,0.21
31279354,-0.75,-9.57,1.75,0.91,3.54,3.12,0.05,0.37,0.20
31288762,-0.77,-9.52,1.63,0.87,3.69,3.41,0.05,0.37,0.20
31299272,-0.74,-9.46,1.63,0.81,3.83,3.55,0.05,0.37,0.20
31309105,-0.76,-9.42,1.65,0.52,4.51,3.69,0.04,0.38,0.21
31318452,-0.75,-9.44,1.59,0.37,4.73,3.61,0.04,0.38,0.21
31327816,-0.69,-9.46,1.66,0.49,4.77,4.11,0.04,0.38,0.21
31340716,-0.68,-9.47,1.65,0.33,4.98,3.91,0.05,0.36,0.20
31350065,-0.70,-9.50,1.67,0.11,4.97,3.81,0.05,0.36,0.20
31359874,-0.72,-9.54,1.59,-0.08,4.68,3.53,0.06,0.36,0.23
31369017,-0.74,-9.53,1.63,0.24,4.84,3.31,0.06,0.36,0.23
31378152,-0.70,-9.56,1.74,0.25,4.84,3.36,0.06,0.36,0.23
31387281,-0.72,-9.57,1.68,-0.17,5.00,3.05,0.05,0.38,0.21
31396489,-0.71,-9.59,1.67,-0.61,5.31,3.18,0.05,0.38,0.21
31405618,-0.72,-9.60,1.62,-0.69,5.48,2.97,0.05,0.37,0.21
31415274,-0.73,-9.62,1.70,-0.41,5.45,2.98,0.05,0.37,0.21
31424610,-0.72,-9.58,1.74,0.31,5.64,3.05,0.05,0.37,0.21
31433669,-0.75,-9.54,1.81,0.73,5.48,2.66,0.04,0.36,0.23
31443754,-0.80,-9.50,1.80,0.82,5.00,2.62,0.04,0.36,0.23
31452993,-0.76,-9.54,1.75,0.37,4.84,2.69,0.04,0.36,0.23
31462252,-0.78,-9.52,1.61,0.79,4.61,2.79,0.05,0.37,0.22
31471641,-0.85,-9.55,1.55,0.58,4.55,2.97,0.05,0.37,0.22
31480866,-0.88,-9.51,1.53,0.57,4.45,2.98,0.05,0.37,0.20
31490320,-0.88,-9.58,1.66,0.36,4.08,3.05,0.05,0.37,0.20
31499565,-0.86,-9.58,1.76,1.20,3.75,3.32,0.05,0.37,0.20
31508676,-0.85,-9.56,1.81,1.89,3.08,3.33,0.05,0.37,0.23
31517980,-0.85,-9.51,1.74,1.48,3.20,3.18,0.05,0.37,0.23
31527471,-0.82,-9.51,1.63,1.09,3.38,3.29,0.05,0.37,0.23
31536563,-0.89,-9.50,1.60,1.09,2.84,3.75,0.05,0.37,0.22
31546645,-0.87,-9.47,1.57,0.86,3.05,3.95,0.05,0.37,0.22
31555687,-0.66,-9.47,1.55,0.95,3.10,4.01,0.04,0.37,0.22
31575774,-0.71,-9.50,1.56,0.39,3.62,5.25,0.04,0.37,0.22
31585042,-0.78,-9.49,1.70,-0.55,3.35,5.66,0.04,0.37,0.21
31594495,-0.75,-9.53,1.57,-0.98,2.61,5.52,0.04,0.37,0.21
31603519,-0.78,-9.61,1.71,-0.61,2.77,5.33,0.04,0.38,0.22
31612710,-0.76,-9.58,1.85,-0.33,2.61,5.08,0.05,0.38,0.22
31621887,-0.73,-9.55,1.74,0.19,2.32,4.72,0.05,0.38,0.22
31631043,-0.76,-9.52,1.73,0.26,2.44,4.42,0.05,0.37,0.22
31640256,-0.79,-9.50,1.72,0.38,2.79,4.12,0.05,0.37,0.22
31649849,-0.78,-9.52,1.67,0.42,2.92,3.86,0.05,0.37,0.22
31659144,-0.83,-9.52,1.63,0.49,2.81,3.61,0.05,0.38,0.21
31668331,-0.84,-9.53,1.65,0.71,2.56,3.70,0.05,0.38,0.21
31677405,-0.81,-9.52,1.77,1.12,2.50,3.52,0.05,0.38,0.21
31686791,-0.77,-9.52,1.64,0.77,2.23,3.69,0.05,0.37,0.22
31696206,-0.78,-9.52,1.59,0.52,1.86,3.64,0.05,0.37,0.22
31705291,-0.82,-9.54,1.62,0.10,1.78,4.09,0.05,0.37,0.21
31714524,-0.84,-9.58,1.61,-0.13,1.64,4.13,0.05,0.37,0.21
31723854,-0.80,-9.58,1.57,0.59,1.34,4.04,0.05,0.37,0.21
31732866,-0.76,-9.57,1.62,1.00,1.78,4.19,0.04,0.37,0.21
31742045,-0.75,-9.52,1.61,0.97,1.86,4.36,0.04,0.37,0.21
31752253,-0.73,-9.54,1.60,1.03,2.34,4.22,0.04,0.37,0.21
31763192,-0.72,-9.54,1.59,0.59,2.57,3.94,0.05,0.37,0.23
31772293,-0.71,-9.52,1.55,0.79,2.56,4.02,0.05,0.37,0.23
31783222,-0.72,-9.53,1.55,0.72,2.69,3.86,0.05,0.38,0.21
31792994,-0.72,-9.53,1.57,-0.03,2.30,4.00,0.05,0.38,0.21
31802180,-0.70,-9.57,1.59,-0.09,2.50,3.93,0.05,0.38,0.21
31813514,-0.61,-9.59,1.69,0.28,2.38,3.99,0.05,0.37,0.21
31822726,-0.81,-9.61,1.67,0.59,2.13,3.89,0.05,0.37,0.21
31832232,-0.81,-9.58,1.62,1.09,2.13,4.29,0.05,0.37,0.22
31841678,-0.81,-9.58,1.53,1.65,1.61,4.92,0.05,0.37,0.22
31853075,-0.76,-9.56,1.51,1.67,1.75,4.72,0.04,0.37,0.22
31862289,-0.75,-9.53,1.52,1.84,1.63,5.14,0.04,0.37,0.22
31871782,-0.77,-9.51,1.49,1.68,1.44,5.24,0.04,0.37,0.22
31881101,-0.84,-9.52,1.59,1.37,1.46,4.96,0.04,0.37,0.21
31890479,-0.85,-9.53,1.61,1.49,1.13,4.94,0.04,0.37,0.21
31899678,-0.90,-9.57,1.58,2.06,1.49,4.97,0.04,0.37,0.21
31909218,-0.79,-9.59,1.55,2.26,0.74,5.29,0.05,0.37,0.22
31918541,-0.90,-9.56,1.62,2.01,0.27,5.32,0.05,0.37,0.22
31927720,-0.89,-9.56,1.55,2.43,-0.08,5.32,0.05,0.37,0.22
31936900,-0.84,-9.54,1.62,2.56,0.00,5.20,0.05,0.37,0.22
31946284,-0.83,-9.54,1.65,2.45,0.09,5.31,0.05,0.37,0.22
31956208,-0.82,-9.56,1.59,2.39,0.55,5.13,0.05,0.38,0.23
31965982,-0.80,-9.53,1.61,2.64,0.56,4.90,0.05,0.38,0.23
31975883,-0.82,-9.50,1.59,3.23,0.50,4.76,0.05,0.38,0.23
31985722,-0.82,-9.52,1.63,3.13,0.29,4.50,0.04,0.37,0.22
31994836,-0.81,-9.53,1.69,2.81,0.37,4.46,0.04,0.37,0.22
32004006,-0.82,-9.52,1.62,2.37,0.13,4.50,0.05,0.37,0.22
32013366,-0.82,-9.57,1.65,2.40,0.45,4.58,0.05,0.37,0.22
32022474,-0.83,-9.56,1.65,2.58,0.90,4.59,0.05,0.37,0.22
32033319,-0.78,-9.52,1.58,3.44,1.16,4.48,0.05,0.37,0.21
32042853,-0.78,-9.51,1.54,3.36,2.20,4.24,0.05,0.37,0.21
32051997,-0.76,-9.53,1.55,3.12,2.28,4.18,0.05,0.37,0.21
32061681,-0.78,-9.59,1.53,2.87,2.43,3.98,0.05,0.37,0.22
32070961,-0.80,-9.59,1.52,3.26,2.53,3.84,0.05,0.37,0.22
32080065,-0.77,-9.58,1.47,3.24,2.82,3.85,0.05,0.38,0.23
32089905,-0.80,-9.56,1.54,3.39,2.55,3.75,0.05,0.38,0.23
32099236,-0.81,-9.51,1.53,3.30,2.49,4.12,0.05,0.38,0.23
32108353,-0.79,-9.50,1.62,3.41,2.40,4.29,0.05,0.37,0.24
32721743,-0.80,-9.58,1.32,-0.65,7.47,4.10,0.05,0.38,0.20
32731217,-0.85,-9.57,1.31,-0.15,7.60,4.15,0.05,0.37,0.23
32740615,-0.82,-9.57,1.41,-0.44,7.90,4.31,0.05,0.37,0.23
