7843019,0.55,-9.53,-1.56,0.47,2.61,3.70,-0.09,0.38,0.05
7854342,0.58,-9.52,-1.57,0.47,2.53,3.75,-0.08,0.37,0.05
7864417,0.60,-9.54,-1.57,0.12,2.67,3.84,-0.08,0.37,0.05
7874878,0.61,-9.55,-1.51,0.28,2.32,3.88,-0.08,0.38,0.05
7886510,0.58,-9.53,-1.54,0.25,2.62,3.54,-0.08,0.38,0.05
7896680,0.59,-9.54,-1.56,0.31,2.67,3.67,-0.09,0.38,0.04
7906995,0.60,-9.53,-1.53,0.23,2.41,3.70,-0.09,0.38,0.04
7916904,0.60,-9.55,-1.53,0.53,2.23,3.78,-0.09,0.38,0.04
7928273,0.54,-9.55,-1.53,0.39,1.93,3.75,-0.09,0.37,0.07
7938445,0.57,-9.55,-1.53,0.56,2.07,3.69,-0.09,0.37,0.07
7948220,0.58,-9.53,-1.52,0.31,2.24,3.54,-0.08,0.37,0.04
7958241,0.56,-9.54,-1.57,0.56,2.37,3.73,-0.08,0.37,0.04
7969487,0.57,-9.57,-1.52,0.38,2.21,3.73,-0.08,0.37,0.04
7979418,0.55,-9.54,-1.55,0.17,2.54,3.91,-0.09,0.38,0.04
7989358,0.57,-9.53,-1.55,0.30,2.29,4.02,-0.09,0.38,0.04
7999248,0.59,-9.55,-1.54,0.35,2.25,3.81,-0.09,0.38,0.04
8009271,0.55,-9.54,-1.51,0.20,2.32,3.88,-0.09,0.38,0.04
8018895,0.58,-9.53,-1.57,0.17,2.38,3.75,-0.09,0.38,0.04
8029456,0.56,-9.56,-1.54,0.06,2.30,3.75,-0.09,0.37,0.04
8039056,0.55,-9.53,-1.53,0.28,2.06,3.68,-0.09,0.37,0.04
8048710,0.57,-9.56,-1.52,-0.15,2.24,3.70,-0.08,0.38,0.04
8058689,0.56,-9.54,-1.43,0.14,2.07,3.53,-0.08,0.38,0.04
8068358,0.59,-9.58,-1.51,0.19,2.15,3.90,-0.08,0.38,0.04
8077832,0.56,-9.54,-1.50,0.04,2.37,3.69,-0.08,0.38,0.05
8087368,0.56,-9.54,-1.53,0.38,2.49,3.75,-0.08,0.38,0.05
8097052,0.59,-9.55,-1.52,0.33,2.46,3.87,-0.09,0.37,0.05
8107005,0.54,-9.54,-1.52,0.19,2.43,3.49,-0.09,0.37,0.05
8116631,0.57,-9.54,-1.57,0.11,2.46,3.46,-0.09,0.37,0.05
8129932,0.57,-9.54,-1.58,0.13,2.95,3.85,-0.08,0.37,0.04
8139654,0.56,-9.52,-1.57,-0.08,2.67,3.84,-0.08,0.37,0.04
8149352,0.56,-9.54,-1.58,0.30,2.77,3.78,-0.08,0.38,0.04
8159169,0.57,-9.54,-1.53,0.20,2.36,3.81,-0.08,0.38,0.04
8169497,0.54,-9.55,-1.51,-0.02,2.28,3.68,-0.08,0.38,0.04
8179193,0.53,-9.54,-1.54,0.02,2.15,3.51,-0.09,0.38,0.04
8189075,0.56,-9.54,-1.54,-0.21,2.26,3.69,-0.09,0.38,0.04
8198794,0.56,-9.54,-1.56,0.04,2.41,3.82,-0.08,0.38,0.04
8208728,0.60,-9.55,-1.60,-0.11,2.38,3.60,-0.08,0.38,0.04
8218448,0.56,-9.57,-1.56,0.23,2.09,3.86,-0.08,0.38,0.04
8231916,0.62,-9.54,-1.52,0.10,2.09,3.61,-0.08,0.37,0.05
8242394,0.58,-9.56,-1.59,0.43,2.20,3.75,-0.08,0.37,0.05
8252053,0.58,-9.53,-1.60,0.05,2.24,3.67,-0.09,0.38,0.04
8261617,0.57,-9.54,-1.62,0.13,2.51,3.64,-0.09,0.38,0.04
8271638,0.55,-9.54,-1.52,0.03,2.55,3.77,-0.09,0.38,0.04
8281338,0.55,-9.52,-1.52,-0.08,2.44,3.88,-0.09,0.38,0.04
8291510,0.55,-9.52,-1.59,0.05,2.56,3.89,-0.09,0.38,0.04
8301315,0.59,-9.53,-1.55,-0.12,2.31,3.87,-0.09,0.36,0.06
8311145,0.56,-9.52,-1.56,-0.27,2.13,4.10,-0.09,0.36,0.06
8321375,0.57,-9.54,-1.57,-0.04,2.20,3.85,-0.09,0.37,0.06
8335515,0.58,-9.53,-1.54,-0.32,2.41,3.88,-0.09,0.37,0.06
8345257,0.56,-9.55,-1.56,-0.11,2.40,3.74,-0.08,0.37,0.05
8355049,0.55,-9.54,-1.55,-0.15,2.35,3.75,-0.08,0.37,0.05
8364447,0.59,-9.54,-1.54,0.30,2.29,3.66,-0.08,0.37,0.05
8373746,0.56,-9.54,-1.53,-0.15,2.46,3.72,-0.09,0.38,0.05
8383115,0.56,-9.56,-1.52,-2.06,2.56,3.79,-0.09,0.38,0.05
8392611,0.56,-9.54,-1.59,-0.24,2.55,3.84,-0.09,0.38,0.05
8402070,0.57,-9.53,-1.52,-0.04,2.24,3.83,-0.09,0.38,0.05
8412800,0.56,-9.54,-1.57,-0.07,2.44,3.85,-0.09,0.38,0.05
8422575,0.59,-9.53,-1.64,-0.11,2.59,3.98,-0.09,0.37,0.04
8435339,0.58,-9.55,-1.59,-0.04,2.27,3.95,-0.09,0.37,0.04
8445241,0.57,-9.55,-1.55,0.17,2.34,3.75,-0.09,0.38,0.05
8455189,0.55,-9.55,-1.40,0.15,2.36,3.83,-0.09,0.38,0.05
8464982,0.58,-9.52,-1.55,0.45,2.11,3.68,-0.09,0.38,0.05
8474389,0.55,-9.54,-1.60,0.26,2.48,3.82,-0.10,0.36,0.05
8483793,0.58,-9.52,-1.51,0.25,2.65,3.88,-0.10,0.36,0.05
8499278,0.59,-9.54,-1.53,0.18,2.62,3.79,-0.09,0.38,0.04
8508821,0.57,-9.53,-1.58,-0.11,2.37,3.51,-0.09,0.38,0.04
8518218,0.55,-9.56,-1.57,0.08,2.30,3.91,-0.09,0.38,0.04
8527649,0.56,-9.52,-1.56,0.22,2.03,4.00,-0.09,0.37,0.06
8539426,0.57,-9.55,-1.54,0.19,2.24,3.91,-0.09,0.37,0.06
8548973,0.56,-9.54,-1.56,0.04,2.36,3.75,-0.08,0.38,0.04
8558333,0.57,-9.53,-1.51,-0.07,2.15,3.63,-0.08,0.38,0.04
8568396,0.56,-9.54,-1.58,0.09,2.00,3.89,-0.08,0.38,0.04
8577810,0.55,-9.55,-1.58,0.10,2.32,3.82,-0.09,0.38,0.04
8587170,0.58,-9.56,-1.56,-0.11,2.16,3.67,-0.09,0.38,0.04
8597610,0.60,-9.55,-1.51,0.10,2.15,3.85,-0.09,0.38,0.05
8607087,0.61,-9.57,-1.52,0.32,2.10,3.99,-0.09,0.38,0.05
8617749,0.59,-9.55,-1.57,0.35,2.38,3.88,-0.09,0.38,0.05
8627192,0.56,-9.52,-1.59,0.60,1.94,3.84,-0.09,0.38,0.05
8640046,0.60,-9.52,-1.51,0.06,2.11,3.73,-0.09,0.38,0.05
8649576,0.62,-9.57,-1.48,0.16,2.16,3.89,-0.08,0.37,0.05
8659610,0.60,-9.56,-1.52,0.04,2.46,3.70,-0.08,0.37,0.05
8669640,0.57,-9.52,-1.50,0.12,2.35,3.88,-0.08,0.38,0.04
8679067,0.58,-9.53,-1.52,-0.01,2.52,3.89,-0.08,0.38,0.04
8688476,0.60,-9.54,-1.53,0.08,2.29,3.70,-0.08,0.38,0.04
8697816,0.59,-9.57,-1.51,0.33,2.03,3.70,-0.08,0.38,0.05
8707196,0.61,-9.54,-1.53,0.17,2.11,3.78,-0.08,0.38,0.05
8718713,0.61,-9.54,-1.54,0.18,2.23,3.82,-0.08,0.38,0.05
8728373,0.61,-9.54,-1.51,-0.17,2.39,3.88,-0.09,0.37,0.05
8738109,0.63,-9.55,-1.51,-0.13,2.56,3.89,-0.09,0.37,0.05
8747905,0.62,-9.54,-1.50,-0.22,2.64,3.73,-0.08,0.38,0.04
8757716,0.57,-9.54,-1.45,-0.11,2.55,4.09,-0.08,0.38,0.04
8767132,0.59,-9.55,-1.48,0.04,2.42,4.07,-0.08,0.38,0.04
8776648,0.61,-9.53,-1.47,0.07,2.49,3.99,-0.08,0.38,0.05
8786071,0.61,-9.54,-1.54,-0.37,2.79,3.92,-0.08,0.38,0.05
8796092,0.59,-9.54,-1.46,-0.24,2.67,3.92,-0.08,0.37,0.05
8807738,0.63,-9.53,-1.53,0.10,3.00,4.02,-0.08,0.37,0.05
8817072,0.59,-9.55,-1.52,-0.28,3.22,4.03,-0.08,0.37,0.05
8826611,0.60,-9.55,-1.46,-0.14,3.05,4.06,-0.08,0.37,0.05
8836113,0.61,-9.58,-1.54,0.09,3.10,4.03,-0.08,0.37,0.05
8846566,0.61,-9.56,-1.56,0.09,2.78,3.95,-0.09,0.38,0.05
8856087,0.56,-9.54,-1.49,0.34,2.70,3.89,-0.09,0.38,0.05
8865373,0.57,-9.55,-1.51,0.32,2.67,3.74,-0.09,0.38,0.05
8874710,0.59,-9.56,-1.48,0.23,2.91,3.72,-0.09,0.36,0.05
8884092,0.57,-9.55,-1.56,0.40,2.49,3.91,-0.09,0.36,0.05
8893300,0.60,-9.54,-1.50,0.27,2.50,3.81,-0.09,0.36,0.05
8904606,0.55,-9.54,-1.53,0.42,2.47,3.62,-0.09,0.38,0.05
8915013,0.57,-9.55,-1.51,0.07,2.10,3.75,-0.09,0.38,0.05
8925240,0.57,-9.53,-1.54,0.31,2.25,3.75,-0.08,0.38,0.05
8934586,0.52,-9.52,-1.53,0.04,2.28,3.78,-0.08,0.38,0.05
8947691,0.59,-9.53,-1.55,0.08,2.16,3.73,-0.08,0.38,0.04
8957739,0.61,-9.54,-1.68,0.17,2.17,3.80,-0.08,0.38,0.04
8967448,0.60,-9.57,-1.51,0.01,1.84,3.82,-0.08,0.38,0.04
8976871,0.61,-9.57,-1.49,0.35,2.16,3.77,-0.08,0.37,0.04
8986347,0.59,-9.57,-1.54,0.49,1.93,3.88,-0.08,0.37,0.04
8995407,0.59,-9.52,-1.51,0.23,1.97,3.67,-0.08,0.38,0.05
9006953,0.46,-9.52,-1.49,0.06,1.85,3.75,-0.08,0.38,0.05
9016070,0.60,-9.53,-1.52,0.04,1.96,3.92,-0.08,0.38,0.05
9025727,0.61,-9.57,-1.53,-0.11,2.26,3.72,-0.08,0.37,0.05
9035031,0.63,-9.58,-1.48,-0.04,1.90,3.83,-0.08,0.37,0.05
9044459,0.58,-9.55,-1.54,0.26,1.87,3.70,-0.09,0.38,0.04
9054207,0.62,-9.56,-1.50,0.26,1.80,3.82,-0.09,0.38,0.04
9063509,0.61,-9.50,-1.51,0.44,2.08,3.75,-0.09,0.38,0.04
9073176,0.62,-9.55,-1.55,0.04,2.15,3.84,-0.09,0.38,0.04
9082491,0.60,-9.55,-1.50,0.04,1.95,3.73,-0.09,0.38,0.04
9092148,0.56,-9.53,-1.55,-0.19,2.12,4.03,-0.09,0.38,0.04
9101698,0.57,-9.53,-1.54,0.04,2.19,3.78,-0.09,0.38,0.04
9119574,0.57,-9.52,-1.52,0.20,2.24,3.94,-0.09,0.38,0.06
9129940,0.63,-9.54,-1.51,0.08,2.14,3.74,-0.09,0.38,0.06
9139158,0.60,-9.55,-1.47,-0.17,2.09,3.81,-0.09,0.38,0.06
9152149,0.57,-9.57,-1.53,0.19,2.49,3.83,-0.08,0.38,0.05
9161873,0.58,-9.58,-1.46,0.20,2.43,3.80,-0.08,0.38,0.05
9172190,0.59,-9.54,-1.53,0.08,2.26,3.75,-0.09,0.38,0.04
9181277,0.60,-9.54,-1.52,0.17,2.31,3.75,-0.09,0.38,0.04
9191353,0.61,-9.53,-1.50,0.04,2.59,3.88,-0.09,0.38,0.04
9200776,0.57,-9.53,-1.53,-0.17,2.58,3.61,-0.08,0.38,0.05
9211633,0.56,-9.50,-1.61,0.23,2.61,3.84,-0.08,0.38,0.05
9221454,0.59,-9.53,-1.52,-0.11,3.04,4.10,-0.09,0.37,0.04
9230831,0.58,-9.57,-1.53,0.09,2.99,3.77,-0.09,0.37,0.04
9240186,0.60,-9.54,-1.52,-0.06,2.43,3.76,-0.09,0.37,0.04
9249544,0.46,-9.56,-1.52,-0.04,2.83,3.79,-0.09,0.37,0.08
9259543,0.60,-9.56,-1.49,-0.11,2.57,3.61,-0.09,0.37,0.08
9269092,0.56,-9.54,-1.52,-0.21,2.92,3.93,-0.08,0.38,0.04
9278432,0.59,-9.55,-1.48,-0.17,2.57,3.84,-0.08,0.38,0.04
9287940,0.57,-9.54,-1.50,-0.03,2.76,3.75,-0.08,0.38,0.04
9297873,0.59,-9.58,-1.51,0.10,2.37,4.03,-0.09,0.38,0.05
9315177,0.58,-9.54,-1.53,0.25,2.47,3.65,-0.09,0.38,0.05
9994050,0.64,-9.58,-1.42,0.75,-4.79,2.00,-0.09,0.38,0.05
10003718,0.63,-9.57,-1.43,0.64,-5.03,2.11,-0.09,0.38,0.05
10012902,0.58,-9.53,-1.42,0.35,-4.60,2.25,-0.09,0.38,0.05
10025205,0.59,-9.53,-1.43,-0.10,-4.09,1.75,-0.09,0.37,0.05
10039824,0.56,-9.52,-1.49,-0.93,-3.84,2.19,-0.09,0.37,0.05
10049550,0.58,-9.57,-1.47,-1.22,-3.42,2.16,-0.08,0.38,0.06
10058918,0.62,-9.54,-1.49,-0.97,-2.80,2.41,-0.08,0.38,0.06
10068424,0.58,-9.57,-1.46,-1.09,-3.64,4.37,-0.09,0.37,0.05
10078109,0.61,-9.55,-1.49,-0.94,-3.61,2.17,-0.09,0.37,0.05
10087759,0.60,-9.56,-1.48,-1.08,-3.28,2.03,-0.09,0.37,0.05
10097017,0.60,-9.55,-1.54,-1.17,-3.55,1.98,-0.10,0.37,0.07
10106378,0.56,-9.38,-1.51,-1.30,-3.80,2.05,-0.10,0.37,0.07
10116000,0.55,-9.46,-1.51,-1.21,-3.21,2.28,-0.10,0.37,0.07
10125260,0.52,-9.51,-1.52,-1.64,-3.49,2.03,-0.09,0.38,0.06
10134819,0.52,-9.59,-1.56,-1.09,-3.30,2.04,-0.09,0.38,0.06
10145476,0.56,-9.60,-1.51,-0.88,-3.10,2.48,-0.09,0.37,0.06
10158656,0.58,-9.55,-1.48,-1.06,-2.46,2.43,-0.09,0.37,0.06
10170260,0.61,-9.55,-1.54,-1.22,-1.15,2.51,-0.10,0.37,0.06
10180034,0.67,-9.50,-1.54,-1.01,-0.48,2.82,-0.10,0.37,0.06
10189682,0.61,-9.50,-1.52,-1.24,0.14,2.52,-0.10,0.37,0.06
10204131,0.52,-9.52,-1.56,-1.05,1.03,2.77,-0.09,0.38,0.05
10215181,0.49,-9.60,-1.53,-1.01,1.83,3.06,-0.09,0.38,0.05
10228980,0.36,-9.68,-1.58,-0.75,1.70,3.10,-0.09,0.38,0.05
10243116,0.26,-9.61,-1.51,-0.94,1.01,2.96,-0.10,0.37,0.05
10253483,0.23,-9.58,-1.45,-0.86,0.20,2.68,-0.10,0.37,0.05
10262877,0.23,-9.51,-1.49,-0.79,-1.08,2.24,-0.10,0.37,0.05
10272298,0.20,-9.46,-1.44,-0.31,-2.24,2.26,-0.09,0.36,0.06
10282541,0.24,-9.49,-1.38,0.04,-3.71,2.39,-0.09,0.36,0.06
10293641,0.30,-9.52,-1.46,-0.09,-4.83,0.01,-0.10,0.38,0.05
10303848,0.32,-9.57,-1.47,0.50,-5.36,1.90,-0.10,0.38,0.05
10312977,0.34,-9.54,-1.45,0.77,-6.05,1.72,-0.10,0.38,0.05
10325036,0.39,-9.58,-1.49,0.82,-6.37,1.44,-0.10,0.35,0.05
10334775,0.44,-9.59,-1.42,1.61,-6.51,1.53,-0.10,0.35,0.05
10345003,0.48,-9.61,-1.34,1.82,-7.25,1.46,-0.09,0.37,0.06
10354549,0.49,-9.56,-1.44,1.64,-7.74,1.20,-0.09,0.37,0.06
10363940,0.46,-9.55,-1.39,1.25,-7.72,1.12,-0.09,0.37,0.06
10373278,0.48,-9.59,-1.41,1.24,-8.22,0.99,-0.09,0.38,0.05
10382956,0.54,-9.57,-1.33,1.63,-8.26,0.90,-0.09,0.38,0.05
10392198,0.58,-9.58,-1.31,1.24,-8.56,0.94,-0.09,0.37,0.06
10401341,0.63,-9.56,-1.28,0.94,-8.47,0.75,-0.09,0.37,0.06
10410617,0.64,-9.59,-1.38,0.66,-8.22,0.92,-0.09,0.37,0.06
10419959,0.64,-9.61,-1.36,1.14,-7.96,0.97,-0.10,0.37,0.05
10430512,0.63,-9.58,-1.38,1.70,-7.73,0.56,-0.10,0.37,0.05
10440436,0.68,-9.61,-1.39,1.80,-7.13,1.03,-0.10,0.37,0.05
10449621,0.66,-9.57,-1.36,2.52,-6.58,0.75,-0.09,0.38,0.05
10461188,0.67,-9.55,-1.34,2.22,-6.20,0.96,-0.09,0.38,0.05
10470582,0.64,-9.59,-1.36,2.92,-5.99,1.22,-0.11,0.38,0.05
10484664,0.64,-9.57,-1.25,3.00,-5.49,1.22,-0.11,0.38,0.05
10494260,0.62,-9.54,-1.27,2.25,-5.07,0.97,-0.10,0.37,0.06
10503985,0.62,-9.55,-1.29,2.02,-4.80,1.03,-0.10,0.37,0.06
10513118,0.59,-9.58,-1.33,1.38,-4.65,1.11,-0.10,0.37,0.06
10522337,0.55,-9.61,-1.35,1.36,-4.51,1.15,-0.09,0.37,0.07
10531412,0.56,-9.60,-1.35,1.71,-4.37,1.41,-0.09,0.37,0.07
10542297,0.50,-9.58,-1.51,1.13,-4.66,1.43,-0.09,0.37,0.06
10551607,0.37,-9.46,-1.37,0.64,-3.65,1.46,-0.09,0.37,0.06
10561140,0.31,-9.47,-1.28,-0.71,-4.06,1.28,-0.09,0.37,0.06
10571149,0.53,-9.56,-1.31,-0.13,-4.92,1.53,-0.10,0.36,0.08
10580338,0.70,-9.63,-1.31,0.07,-4.67,1.58,-0.10,0.36,0.08
10590551,0.46,-9.68,-1.28,0.42,-3.77,1.44,-0.10,0.36,0.08
10599744,0.60,-9.64,-1.38,1.32,-3.37,1.68,-0.10,0.37,0.07
10608790,0.64,-9.61,-1.32,1.62,-3.11,1.61,-0.10,0.37,0.07
10617934,0.58,-9.59,-1.30,2.16,-2.90,1.37,-0.09,0.37,0.07
10627223,0.58,-9.60,-1.52,1.85,-2.68,1.32,-0.09,0.37,0.07
10636758,0.52,-9.56,-1.41,2.21,-2.06,1.01,-0.09,0.37,0.07
10653275,0.43,-9.55,-1.38,2.26,-2.13,1.14,-0.09,0.37,0.06
10662777,0.45,-9.52,-1.45,1.76,-3.06,0.93,-0.09,0.37,0.06
10672034,0.46,-9.54,-1.40,1.29,-3.23,0.83,-0.10,0.37,0.08
10681214,0.46,-9.50,-1.51,1.43,-3.33,1.16,-0.10,0.37,0.08
10691731,0.50,-9.51,-1.47,1.44,-3.58,1.28,-0.10,0.38,0.07
10701203,0.47,-9.52,-1.47,1.29,-3.90,1.18,-0.10,0.38,0.07
10710271,0.45,-9.54,-1.47,1.77,-4.31,1.08,-0.10,0.38,0.07
10719873,0.39,-9.56,-1.47,2.01,-4.28,0.85,-0.09,0.37,0.07
10729042,0.41,-9.54,-1.53,2.92,-4.46,0.94,-0.09,0.37,0.07
10738354,0.38,-9.57,-1.55,2.85,-4.96,0.94,-0.09,0.37,0.07
10747680,0.34,-9.60,-1.54,2.76,-5.34,0.86,-0.09,0.37,0.08
10756891,0.37,-9.65,-1.69,3.18,-5.60,0.85,-0.09,0.37,0.08
10766337,0.31,-9.64,-1.65,2.96,-5.14,0.90,-0.10,0.37,0.07
10775654,0.33,-9.64,-1.70,2.87,-5.78,0.90,-0.10,0.37,0.07
10784841,0.29,-9.58,-1.68,2.79,-6.04,0.75,-0.10,0.37,0.07
10794780,0.28,-9.52,-1.65,2.57,-6.67,0.77,-0.10,0.37,0.08
10804574,0.27,-9.47,-1.60,1.63,-7.04,0.77,-0.10,0.37,0.08
10814113,0.36,-9.45,-1.61,0.73,-7.66,0.80,-0.10,0.37,0.08
10823758,0.32,-9.44,-1.58,-0.61,-7.80,1.23,-0.11,0.37,0.08
10832987,0.29,-9.48,-1.67,-1.56,-8.15,0.97,-0.11,0.37,0.08
10842555,0.34,-9.56,-1.58,-1.20,-9.56,1.18,-0.10,0.36,0.07
10851763,0.35,-9.58,-1.64,-0.83,-9.69,1.12,-0.10,0.36,0.07
10860946,0.33,-9.65,-1.59,-0.17,-10.08,1.11,-0.10,0.36,0.07
10870400,0.36,-9.64,-1.61,0.27,-10.62,1.01,-0.10,0.37,0.09
10881145,0.32,-9.62,-1.58,0.96,-10.26,1.03,-0.10,0.37,0.09
10896710,0.36,-9.61,-1.46,2.02,-11.10,0.80,-0.10,0.37,0.07
10906325,0.37,-9.58,-1.43,1.76,-11.38,0.58,-0.10,0.37,0.07
10915844,0.42,-9.58,-1.32,1.27,-12.17,0.42,-0.10,0.37,0.09
10926230,0.39,-9.58,-1.62,0.49,-13.06,0.13,-0.10,0.37,0.09
10935799,0.39,-9.63,-1.45,0.78,-13.34,-0.23,-0.10,0.37,0.09
10945205,0.42,-9.55,-1.46,0.78,-13.35,-0.11,-0.10,0.36,0.08
10957246,0.36,-9.47,-1.37,-1.59,-11.67,-0.45,-0.10,0.36,0.08
10970061,0.30,-9.60,-1.36,-2.56,-11.43,-0.53,-0.10,0.34,0.09
10979217,0.31,-9.59,-1.43,-1.83,-10.74,-0.36,-0.10,0.34,0.09
10991664,0.30,-9.56,-1.39,-2.40,-10.05,-0.02,-0.10,0.36,0.09
11001337,0.20,-9.57,-1.42,-2.53,-9.29,0.18,-0.10,0.36,0.09
11013080,0.03,-9.59,-1.44,-3.69,-8.07,-0.04,-0.10,0.36,0.09
11024498,-0.16,-9.47,-1.28,-7.69,-7.79,-0.36,-0.10,0.37,0.07
11033644,-0.36,-9.53,-1.36,-12.66,-7.63,-0.67,-0.10,0.37,0.07
11042916,-0.39,-9.52,-1.12,-17.58,-9.23,-1.64,-0.09,0.37,0.08
11064043,-0.39,-9.69,-1.17,-21.80,-14.66,-2.51,-0.09,0.37,0.08
11074276,-0.31,-9.76,-1.19,-17.65,-14.96,-2.62,-0.10,0.36,0.07
11083642,-0.08,-9.70,-1.04,-15.04,-15.97,-2.50,-0.10,0.36,0.07
11099518,0.04,-9.57,-1.10,-15.10,-16.67,-2.85,-0.11,0.37,0.08
11113685,-0.09,-9.48,-0.79,-14.82,-15.77,-3.92,-0.11,0.37,0.08
11122975,-0.31,-9.52,-0.76,-15.12,-15.78,-4.82,-0.11,0.37,0.08
11132167,-0.50,-9.40,-0.83,-15.56,-18.46,-5.81,-0.11,0.37,0.08
11141139,-0.74,-9.47,-0.79,-18.00,-18.22,-6.37,-0.10,0.37,0.08
11150279,-0.85,-9.52,-0.84,-21.62,-19.79,-6.43,-0.10,0.37,0.08
11161994,-0.67,-9.34,-0.84,-26.94,-23.81,-7.33,-0.10,0.37,0.08
11171847,-0.80,-9.54,-0.49,-30.38,-25.51,-6.92,-0.10,0.37,0.08
11181229,-0.94,-9.52,-0.61,-31.59,-29.92,-6.62,-0.10,0.37,0.08
11195541,-0.83,-9.43,-0.83,-31.01,-28.62,-4.41,-0.11,0.36,0.08
11205800,-0.86,-9.56,-0.42,-33.48,-30.33,-3.75,-0.11,0.36,0.08
11215077,-0.69,-9.54,-0.49,-35.95,-32.63,-3.41,-0.11,0.36,0.07
11224165,-0.79,-9.57,-0.62,-37.90,-31.89,-3.75,-0.11,0.36,0.07
11233437,-0.97,-9.62,-0.68,-39.01,-31.16,-4.79,-0.11,0.36,0.07
11242872,-1.02,-9.70,-0.48,-39.25,-31.37,-5.59,-0.11,0.36,0.07
11252237,-0.98,-9.97,-0.42,-37.65,-35.83,-5.73,-0.11,0.36,0.07
11261298,-0.96,-10.05,-0.20,-35.45,-38.44,-5.44,-0.11,0.36,0.07
11270535,-0.99,-9.99,-0.12,-33.95,-42.94,-5.22,-0.11,0.36,0.07
11279563,-0.97,-9.85,-0.36,-32.56,-46.62,-4.59,-0.11,0.36,0.07
11289238,-1.12,-9.80,-0.03,-31.68,-47.08,-4.10,-0.11,0.36,0.07
11298718,-1.10,-9.70,-0.08,-29.78,-51.66,-3.72,-0.11,0.36,0.06
11308428,-1.15,-9.73,-0.13,-27.50,-53.72,-3.23,-0.11,0.36,0.06
11321878,-1.15,-9.68,0.07,-26.52,-55.31,-2.39,-0.11,0.36,0.05
11331011,-1.04,-9.51,0.00,-26.14,-57.36,-1.43,-0.11,0.36,0.05
11340449,-1.09,-9.69,0.26,-25.12,-59.41,-0.56,-0.11,0.36,0.06
11350074,-1.08,-9.58,0.21,-24.62,-59.96,0.23,-0.11,0.36,0.06
11364295,-1.11,-9.39,0.41,-23.49,-63.31,2.28,-0.11,0.36,0.06
11374046,-1.07,-9.38,0.36,-22.74,-66.09,3.82,-0.12,0.36,0.06
11384774,-1.16,-9.46,0.29,-22.89,-66.04,4.51,-0.12,0.36,0.06
11394431,-1.01,-9.48,0.41,-23.53,-67.82,5.81,-0.12,0.36,0.06
11408134,-1.06,-9.68,0.28,-22.55,-69.17,6.64,-0.12,0.36,0.06
11418061,-1.24,-9.69,0.54,-21.80,-69.60,7.15,-0.11,0.36,0.08
11429294,-1.15,-9.50,0.73,-24.18,-72.25,7.97,-0.11,0.36,0.08
11439799,-1.12,-9.51,0.70,-24.31,-74.01,9.11,-0.11,0.36,0.07
11453849,-1.01,-9.77,0.84,-23.51,-75.31,9.78,-0.11,0.36,0.07
11465003,-0.86,-9.75,1.02,-24.40,-74.54,10.11,-0.11,0.36,0.08
11474543,-0.70,-9.67,0.87,-25.33,-74.53,9.84,-0.11,0.36,0.08
11486679,-0.63,-9.73,0.96,-23.94,-71.61,9.74,-0.11,0.36,0.08
11514501,-0.51,-9.53,0.94,-20.74,-62.79,8.79,-0.11,0.33,0.08
11526665,-0.48,-9.46,0.64,-19.25,-57.41,8.93,-0.10,0.36,0.08
11535843,-0.45,-9.26,1.00,-19.41,-53.78,9.94,-0.10,0.36,0.08
11553765,-0.62,-9.08,1.23,-25.31,-51.37,13.00,-0.10,0.36,0.09
11565526,-0.85,-9.22,0.85,-25.61,-50.90,13.56,-0.10,0.37,0.08
11574657,-1.01,-9.49,1.00,-24.79,-50.49,14.42,-0.10,0.37,0.08
11584526,-0.94,-9.65,0.97,-23.34,-51.06,15.15,-0.10,0.37,0.08
11593657,-0.97,-9.83,0.72,-20.71,-48.95,15.95,-0.10,0.37,0.09
11604361,-1.02,-9.82,0.80,-19.22,-53.72,16.68,-0.10,0.37,0.09
11614475,-1.25,-9.81,0.80,-15.09,-46.64,17.34,-0.10,0.37,0.09
11624621,-1.41,-9.76,0.84,-11.16,-47.78,17.91,-0.10,0.37,0.09
11633760,-1.53,-9.54,0.81,-9.44,-49.94,18.40,-0.10,0.37,0.09
11642938,-1.65,-9.41,0.85,-6.76,-50.35,19.08,-0.09,0.37,0.09
11652081,-1.75,-9.33,0.85,-4.60,-51.55,19.50,-0.09,0.37,0.09
11661069,-1.77,-9.38,1.01,-3.22,-53.32,19.40,-0.09,0.37,0.09
11670963,-1.72,-9.15,1.24,-2.32,-55.61,19.15,-0.09,0.38,0.10
11680104,-1.55,-9.00,1.28,-3.33,-57.49,19.35,-0.09,0.38,0.10
11690246,-1.30,-9.24,1.19,-3.75,-59.60,19.77,-0.09,0.37,0.10
11699948,-1.22,-9.22,1.13,-1.10,-56.45,20.46,-0.09,0.37,0.10
11714094,-1.13,-9.29,1.02,2.05,-52.63,21.34,-0.09,0.37,0.09
11723717,-1.27,-9.16,0.96,3.76,-50.47,21.56,-0.08,0.37,0.09
11732741,-1.27,-9.20,0.97,5.65,-49.81,22.24,-0.08,0.37,0.09
11741860,-1.40,-9.17,0.98,7.24,-46.61,22.91,-0.08,0.38,0.10
11750935,-1.49,-9.18,0.97,7.65,-44.90,23.80,-0.08,0.38,0.10
11760104,-1.59,-9.04,0.89,7.33,-42.53,24.07,-0.08,0.38,0.10
11772206,-1.82,-9.04,0.80,7.29,-40.20,24.72,-0.07,0.38,0.12
11781311,-1.87,-9.21,0.71,8.24,-38.74,25.31,-0.07,0.38,0.12
11790441,-1.92,-9.16,0.67,9.06,-37.89,26.88,-0.07,0.37,0.12
11799619,-1.90,-9.15,0.64,11.17,-36.13,27.41,-0.07,0.37,0.12
11808719,-2.00,-9.00,0.60,12.46,-33.86,27.69,-0.07,0.37,0.12
11818254,-2.10,-8.96,0.76,12.78,-32.63,28.18,-0.06,0.38,0.12
11827956,-2.06,-8.96,0.41,12.30,-33.93,29.18,-0.06,0.38,0.12
11837613,-2.34,-9.10,0.36,13.32,-31.12,30.19,-0.06,0.38,0.12
11846670,-2.67,-9.18,-0.06,13.37,-31.47,30.74,-0.06,0.38,0.14
11856138,-3.15,-9.16,-0.56,15.23,-32.14,30.29,-0.06,0.38,0.14
11865502,-3.74,-8.99,-0.63,16.26,-33.57,30.62,-0.06,0.38,0.14
11875656,-4.03,-9.11,-0.23,12.96,-37.80,31.89,-0.06,0.38,0.14
11885524,-3.79,-9.38,1.30,3.80,-45.76,31.40,-0.06,0.38,0.14
11895516,-2.61,-11.94,3.03,-4.78,-66.79,27.96,-0.05,0.37,0.13
11905287,-1.26,-14.76,3.09,-3.20,-86.30,23.35,-0.05,0.37,0.13
11918081,-1.71,-17.00,2.39,12.02,-104.69,16.84,-0.04,0.38,0.14
11927354,-2.22,-16.89,2.15,26.35,-108.64,13.03,-0.04,0.38,0.14
11937476,-1.81,-14.52,2.92,41.85,-109.44,10.84,-0.04,0.38,0.14
11947040,-0.17,-12.22,2.89,43.57,-108.84,8.70,-0.04,0.38,0.15
11956605,1.59,-10.97,2.59,40.29,-108.28,7.76,-0.04,0.38,0.15
11965644,2.36,-10.27,2.13,37.89,-97.14,7.38,-0.03,0.38,0.16
11977756,2.75,-8.73,2.51,39.23,-88.87,9.35,-0.03,0.38,0.16
11988092,2.51,-8.06,2.40,39.87,-88.06,11.91,-0.03,0.38,0.16
11997883,2.23,-9.39,2.26,40.53,-88.60,15.27,-0.02,0.37,0.17
12007398,2.02,-11.52,1.98,44.86,-95.21,17.16,-0.02,0.37,0.17
12020264,2.72,-13.78,1.23,53.29,-106.29,14.40,-0.02,0.37,0.19
12029524,2.56,-13.84,0.74,57.93,-101.28,9.44,-0.02,0.37,0.19
12039297,2.25,-13.31,0.16,59.65,-96.95,6.71,-0.00,0.36,0.20
12048378,1.58,-12.28,-0.26,67.59,-85.30,4.84,-0.00,0.36,0.20
12057884,1.26,-10.35,0.47,75.50,-77.71,3.84,-0.00,0.36,0.20
12068655,1.21,-9.03,1.64,69.71,-77.58,2.36,0.01,0.37,0.22
12079628,0.88,-8.68,1.72,62.49,-81.85,-0.15,0.01,0.37,0.22
12089207,0.88,-8.90,2.37,52.68,-98.93,-2.50,0.01,0.34,0.23
12099228,1.19,-9.38,1.04,42.80,-97.40,-1.78,0.01,0.34,0.23
12110899,0.80,-9.88,1.24,45.45,-89.60,0.53,0.01,0.34,0.23
12123250,1.21,-9.31,1.33,45.66,-96.05,3.73,0.01,0.35,0.23
12132757,1.49,-8.89,1.14,41.54,-97.95,7.67,0.01,0.35,0.23
12142334,1.66,-8.78,0.98,45.10,-98.28,11.49,0.03,0.34,0.27
12151582,1.82,-8.22,0.54,49.37,-99.43,12.31,0.03,0.34,0.27
12160606,1.89,-8.03,0.39,54.07,-93.05,12.07,0.03,0.34,0.27
12170045,1.74,-7.62,0.46,56.83,-84.77,12.33,0.03,0.34,0.26
12194674,0.95,-7.68,-0.11,60.01,-67.58,19.89,0.04,0.33,0.27
12204288,0.93,-7.74,0.02,60.45,-61.78,21.95,0.04,0.33,0.27
12213325,0.60,-7.72,-0.18,58.21,-56.76,21.70,0.04,0.30,0.29
12225979,-0.22,-8.03,-0.49,54.55,-53.98,21.52,0.05,0.32,0.29
12235624,-0.77,-8.22,-0.43,53.10,-57.44,20.61,0.05,0.32,0.29
12245267,-0.82,-8.35,-0.40,53.37,-66.06,18.25,0.07,0.32,0.30
12254686,-0.84,-7.95,-0.72,50.33,-72.79,15.71,0.07,0.32,0.30
12264143,-0.74,-7.91,-0.98,44.26,-76.85,14.08,0.07,0.31,0.31
12273478,-0.43,-7.97,-0.82,38.85,-79.87,13.17,0.07,0.31,0.31
12283938,0.14,-7.98,-0.53,33.17,-85.06,11.73,0.07,0.31,0.31
12293321,0.30,-7.80,-0.60,27.48,-87.65,11.64,0.08,0.29,0.32
12303138,0.66,-7.77,-0.62,19.17,-87.47,11.90,0.08,0.29,0.32
12312139,1.02,-7.62,-0.79,13.99,-85.19,12.75,0.08,0.29,0.32
12321841,1.46,-7.39,-0.90,4.87,-82.67,14.38,0.10,0.30,0.31
12331235,1.67,-7.49,-0.84,-7.17,-76.21,15.85,0.10,0.30,0.31
12340758,1.87,-7.74,-0.64,-18.17,-69.48,16.86,0.11,0.30,0.32
12350038,2.27,-8.00,-0.77,-27.92,-66.29,15.86,0.11,0.30,0.32
12359439,3.01,-7.93,-0.44,-39.83,-54.18,13.66,0.11,0.30,0.32
12368500,2.77,-7.77,-0.89,-59.52,-36.74,12.77,0.12,0.30,0.32
12377657,1.36,-9.04,-2.42,-60.19,-31.33,12.25,0.12,0.30,0.32
12386957,1.24,-9.69,-2.74,-33.36,-35.60,12.49,0.12,0.30,0.32
12396518,1.36,-8.87,-2.49,-11.10,-32.05,11.72,0.13,0.31,0.31
12406938,0.81,-7.94,-2.60,-1.46,-23.00,9.11,0.13,0.31,0.31
12416112,0.59,-6.91,-1.95,3.40,-19.24,7.07,0.13,0.31,0.32
12428923,0.03,-7.65,-1.44,-1.12,-17.65,6.08,0.13,0.31,0.32
12438140,0.03,-7.36,-1.45,-1.95,-24.75,4.49,0.13,0.31,0.31
12448061,0.33,-7.52,-1.89,-9.16,-25.93,3.52,0.14,0.31,0.31
12457565,0.42,-8.63,-3.19,-9.06,-24.11,4.06,0.14,0.31,0.31
12466827,0.58,-9.37,-3.84,3.19,-19.57,4.74,0.14,0.32,0.30
12476160,0.62,-9.41,-3.66,14.42,-12.92,5.49,0.14,0.32,0.30
12487672,0.46,-9.40,-3.11,15.93,-6.69,5.42,0.14,0.32,0.30
12497114,0.29,-9.35,-2.67,11.25,-6.93,3.83,0.14,0.31,0.32
12509285,0.07,-9.39,-3.49,1.29,-1.54,1.11,0.14,0.31,0.32
12518647,0.33,-9.83,-3.81,-7.11,4.13,-1.81,0.14,0.31,0.32
12533285,0.94,-10.48,-3.52,-18.96,13.13,-2.57,0.14,0.31,0.32
12542625,0.45,-10.98,-4.43,-29.54,15.42,2.76,0.15,0.31,0.31
12552051,-0.56,-11.90,-4.96,-19.01,14.82,8.64,0.15,0.31,0.31
12561249,-0.99,-11.61,-4.76,-3.89,3.14,10.91,0.15,0.31,0.31
12570662,-1.82,-10.73,-4.69,5.07,-7.39,12.91,0.15,0.31,0.31
12579847,-2.45,-10.06,-5.59,8.49,-14.80,12.78,0.15,0.31,0.31
12590785,-1.88,-10.08,-4.11,17.30,-38.54,7.19,0.16,0.31,0.32
12599924,0.75,-10.64,0.39,19.47,-59.22,1.01,0.16,0.31,0.32
12610024,5.99,-15.32,6.06,15.79,-86.04,-0.34,0.16,0.31,0.32
12619900,10.53,-19.60,3.57,29.55,-74.10,10.80,0.17,0.31,0.32
12629329,11.44,-19.60,-1.63,31.07,3.75,23.34,0.17,0.31,0.32
12639152,6.44,-15.48,-4.05,29.62,53.36,22.18,0.18,0.30,0.31
12648376,1.90,-12.20,-3.53,13.97,50.66,18.37,0.18,0.30,0.31
12657403,-0.17,-12.32,-1.77,-2.28,60.64,22.92,0.18,0.30,0.31
12666625,-1.48,-11.53,-1.25,7.70,45.76,24.04,0.18,0.31,0.33
12675880,-1.24,-8.71,-0.45,33.34,26.60,14.28,0.18,0.31,0.33
12687999,1.45,-6.48,0.47,33.50,-2.07,0.83,0.18,0.30,0.33
12699502,3.98,-7.39,3.07,5.79,4.83,3.68,0.18,0.30,0.33
12708626,5.70,-8.98,-0.47,-13.80,-11.84,8.01,0.18,0.30,0.33
12717581,5.31,-11.09,-0.33,-27.50,12.38,14.18,0.18,0.30,0.32
12726910,3.73,-13.45,-2.84,-10.56,20.29,14.85,0.18,0.30,0.32
12737431,3.10,-11.55,-0.56,16.65,58.38,7.03,0.18,0.30,0.31
12746681,2.24,-10.56,0.79,0.41,56.86,1.32,0.19,0.30,0.31
12757052,1.73,-10.87,0.41,-8.33,55.96,-8.96,0.19,0.30,0.31
12766585,1.48,-10.93,0.28,-12.56,50.74,-14.06,0.18,0.30,0.31
12775740,0.56,-10.43,-0.11,-10.56,45.05,-18.32,0.18,0.30,0.31
12785552,0.39,-9.98,0.13,-9.46,38.61,-21.08,0.18,0.30,0.31
12796815,0.46,-9.05,0.55,-4.16,31.35,-26.15,0.17,0.31,0.32
12807543,0.93,-7.27,0.61,-24.05,16.65,-32.72,0.17,0.31,0.32
12818741,1.51,-7.09,0.40,-45.24,8.10,-37.81,0.16,0.31,0.32
12828068,1.95,-6.31,0.41,-61.76,11.27,-39.17,0.16,0.31,0.32
12839835,2.24,-7.60,0.84,-78.16,15.26,-40.31,0.15,0.32,0.29
12848969,1.78,-7.83,0.70,-75.08,16.26,-39.48,0.15,0.32,0.29
12860691,1.80,-8.18,0.92,-73.60,15.86,-37.28,0.15,0.32,0.29
12869982,1.54,-8.65,0.35,-68.77,18.26,-36.21,0.12,0.32,0.28
12878998,0.76,-8.60,0.90,-56.10,26.64,-38.04,0.12,0.32,0.28
12888449,0.55,-9.29,1.11,-46.71,32.02,-38.32,0.12,0.33,0.27
12899003,0.52,-8.17,0.52,-39.89,37.91,-35.50,0.12,0.33,0.27
12908425,0.07,-7.70,0.79,-36.55,42.67,-31.44,0.12,0.33,0.27
12919768,0.47,-7.46,1.61,-35.06,36.60,-24.64,0.10,0.34,0.26
12929777,0.76,-6.59,1.03,-35.84,35.16,-21.85,0.10,0.34,0.26
12942795,0.63,-6.42,0.44,-25.61,48.26,-18.11,0.10,0.34,0.27
12952053,0.05,-6.71,0.04,-25.20,47.63,-9.91,0.10,0.34,0.27
12961388,0.35,-6.79,0.30,-21.50,45.89,-1.74,0.10,0.34,0.27
12970854,0.55,-7.16,-0.18,-17.66,42.68,4.97,0.09,0.35,0.25
12979869,0.14,-7.21,-1.22,-14.39,35.29,10.83,0.09,0.35,0.25
12990266,-0.37,-7.94,-0.49,-3.97,44.13,16.91,0.08,0.35,0.26
13007042,-1.11,-7.88,-0.32,13.64,23.12,23.69,0.08,0.35,0.26
13016307,-1.26,-7.55,-0.75,27.94,15.28,29.16,0.08,0.35,0.25
13028600,-1.69,-7.22,-1.31,43.96,17.59,34.46,0.08,0.35,0.25
13038206,-1.52,-7.26,-2.02,49.04,7.80,33.26,0.09,0.34,0.26
13049485,-1.87,-7.22,-2.03,47.11,3.75,32.07,0.09,0.34,0.26
13064067,-0.97,-7.33,-2.13,44.43,-6.26,30.66,0.08,0.34,0.27
13080614,-0.50,-7.72,-2.87,34.34,0.89,25.24,0.08,0.34,0.27
13093921,-0.55,-7.55,-2.84,20.48,9.83,17.65,0.09,0.34,0.27
13104086,-0.29,-7.87,-2.29,8.54,12.21,10.19,0.09,0.34,0.27
13113230,0.46,-8.19,-1.87,-0.17,17.82,3.00,0.09,0.33,0.29
13123030,0.43,-8.80,-1.18,-7.35,22.72,-5.73,0.09,0.33,0.29
13132232,0.43,-9.62,-1.19,-13.00,18.59,-14.01,0.09,0.33,0.29
13141809,0.43,-10.35,-2.45,-19.95,21.10,-18.70,0.08,0.34,0.28
13151514,0.69,-11.82,-3.60,-23.23,26.20,-17.96,0.08,0.34,0.28
13161231,0.96,-11.33,-4.34,-23.68,43.18,-16.99,0.08,0.34,0.28
13170242,0.30,-11.19,-4.73,-26.76,58.05,-14.58,0.07,0.34,0.27
13179419,-0.70,-11.25,-4.99,-31.11,68.04,-11.46,0.07,0.34,0.27
13188774,-1.64,-10.58,-4.76,-33.66,71.57,-8.53,0.06,0.35,0.26
13197819,-3.00,-10.24,-4.88,-39.68,73.58,-5.39,0.06,0.35,0.26
13209973,-3.91,-10.99,-4.07,-58.42,71.48,-9.12,0.06,0.35,0.26
13220806,-2.10,-14.38,1.01,-64.93,52.28,-21.32,0.05,0.35,0.26
13231503,-5.00,-17.03,4.03,-53.29,35.59,-37.03,0.05,0.35,0.26
13241922,-7.64,-18.40,4.77,-38.12,-36.43,-52.52,0.05,0.36,0.25
13254820,1.76,-16.09,3.20,-33.67,-104.03,-58.37,0.05,0.36,0.25
13265969,2.62,-15.92,4.18,-19.62,-66.82,-53.17,0.05,0.36,0.25
13276244,4.14,-14.12,2.37,-7.21,-74.31,-51.81,0.05,0.36,0.25
13289381,3.27,-12.55,3.12,12.01,-45.05,-42.99,0.05,0.36,0.25
13299942,3.01,-11.72,2.68,27.06,-43.54,-30.39,0.05,0.36,0.25
13309424,1.77,-11.95,4.15,38.40,-28.66,-19.83,0.05,0.36,0.25
13318864,1.16,-12.41,3.96,44.97,-39.55,-13.14,0.05,0.36,0.27
13327960,1.98,-13.41,3.14,45.79,-43.71,-9.15,0.05,0.36,0.27
13337290,2.43,-13.69,2.35,53.14,-40.08,-4.96,0.04,0.35,0.26
13346519,2.63,-13.35,1.42,53.20,-30.14,-1.21,0.04,0.35,0.26
13356370,3.03,-13.31,0.77,48.65,-14.99,-0.82,0.04,0.35,0.26
13370597,3.36,-13.43,0.87,45.37,10.08,3.12,0.05,0.35,0.28
13379787,3.08,-13.31,0.74,37.15,19.24,8.15,0.05,0.35,0.28
13389798,2.42,-13.19,0.46,33.20,28.68,14.02,0.05,0.35,0.28
13403191,1.45,-11.64,0.54,24.18,33.85,20.02,0.05,0.35,0.28
13418792,0.23,-10.40,0.24,9.05,35.25,27.20,0.04,0.35,0.29
13428105,-0.43,-9.93,-0.01,8.06,31.44,30.51,0.04,0.35,0.29
13437397,-0.70,-9.25,-0.03,6.65,23.74,34.03,0.05,0.34,0.28
13447116,-1.08,-8.62,-0.23,6.60,15.86,36.65,0.05,0.34,0.28
13459942,-1.32,-7.47,0.06,14.25,2.46,35.55,0.05,0.34,0.28
13470194,-1.57,-7.06,0.38,18.47,-7.53,35.66,0.05,0.35,0.29
13479640,-1.69,-6.96,0.42,23.07,-18.75,36.37,0.05,0.35,0.29
13488751,-1.58,-6.78,0.49,30.26,-28.73,38.33,0.05,0.34,0.29
13502072,-0.96,-5.98,0.13,44.90,-42.12,39.56,0.05,0.34,0.29
13514602,-0.80,-3.90,0.20,61.93,-43.12,39.72,0.06,0.33,0.30
13524162,0.19,-3.77,-0.58,55.29,-53.40,35.01,0.06,0.33,0.30
13533489,0.78,-2.05,-1.20,53.76,-45.06,29.62,0.06,0.33,0.30
13542881,1.15,-3.04,-1.31,24.53,-34.28,32.02,0.08,0.33,0.31
13556201,0.43,-3.45,0.04,15.91,-26.68,28.74,0.08,0.33,0.31
13566173,0.51,-3.93,-0.18,8.85,-33.55,25.58,0.09,0.33,0.31
13576608,0.52,-3.92,-0.62,7.32,-30.99,22.50,0.09,0.33,0.31
13586845,1.02,-4.03,-0.97,-0.09,-29.15,18.05,0.10,0.33,0.31
13596032,1.43,-3.89,-0.99,-20.06,-26.50,14.77,0.10,0.33,0.31
13605071,1.22,-4.06,-1.66,-35.65,-22.30,13.27,0.10,0.33,0.31
13615771,0.16,-4.88,-2.29,-44.14,-16.48,11.13,0.10,0.33,0.32
13625725,-0.72,-6.06,-3.35,-30.80,-23.57,11.02,0.10,0.33,0.32
13636769,-0.93,-6.40,-2.49,-6.88,-28.00,12.98,0.11,0.33,0.31
13647700,-1.27,-6.21,-1.77,5.49,-35.10,14.03,0.11,0.33,0.31
13663378,-1.00,-7.06,-0.12,14.77,-47.11,12.01,0.12,0.34,0.31
13674398,0.38,-6.60,-0.30,-6.12,-47.19,6.40,0.12,0.34,0.31
13684506,1.54,-7.57,-2.52,-28.85,-31.69,-4.01,0.12,0.34,0.31
13694131,1.89,-9.81,-3.81,-33.08,-11.17,-13.34,0.12,0.34,0.31
13705467,2.83,-11.52,-2.37,-23.07,0.83,-21.15,0.12,0.34,0.31
13718597,2.91,-13.15,-2.28,-25.21,10.03,-16.24,0.12,0.34,0.30
13728287,1.41,-14.06,-4.59,-16.07,19.08,-5.97,0.12,0.34,0.30
13737928,-0.11,-14.50,-5.13,-1.86,14.81,5.61,0.12,0.34,0.30
13747131,-1.04,-13.99,-6.09,14.55,7.58,13.55,0.12,0.34,0.30
13761661,-3.25,-12.02,-5.94,33.78,2.24,16.02,0.12,0.34,0.29
13780507,-4.78,-10.14,-6.86,25.80,-36.86,14.20,0.12,0.34,0.29
13791105,-4.49,-11.05,-6.03,15.59,-65.05,11.05,0.12,0.34,0.29
13801283,-0.90,-13.16,0.71,19.77,-101.03,10.69,0.12,0.34,0.29
13811011,6.42,-15.84,7.51,17.72,-129.78,17.18,0.14,0.34,0.30
13824397,12.95,-19.60,2.76,-2.87,-29.47,55.05,0.14,0.34,0.30
13833981,16.02,-19.60,3.10,-11.00,8.52,65.74,0.14,0.34,0.30
13843410,11.45,-15.21,-1.34,10.28,54.47,67.74,0.15,0.33,0.30
13853141,1.95,-14.20,-6.21,51.60,58.16,67.99,0.15,0.33,0.30
13864040,-1.75,-11.53,-2.18,80.23,55.06,62.90,0.16,0.33,0.31
13874356,-3.10,-9.55,0.06,78.64,22.87,47.76,0.16,0.33,0.31
13883535,-0.96,-6.18,2.63,82.09,15.47,27.13,0.16,0.33,0.31
13894062,3.11,-6.44,5.76,31.11,5.49,10.92,0.15,0.32,0.32
13908250,3.72,-11.63,1.16,10.32,-16.33,9.95,0.15,0.32,0.32
13922578,3.12,-14.31,0.15,17.79,1.01,15.31,0.15,0.32,0.32
13933286,3.36,-12.91,0.91,22.01,22.23,12.77,0.15,0.32,0.32
13943315,3.44,-11.08,-0.04,14.31,27.61,3.47,0.16,0.31,0.32
13953926,3.39,-9.63,-0.08,1.50,31.86,-8.10,0.16,0.31,0.32
13966846,2.47,-9.43,0.49,-8.73,25.84,-17.29,0.16,0.30,0.32
13977776,1.82,-9.49,-0.78,-8.39,28.97,-23.32,0.16,0.30,0.32
13988151,1.25,-9.78,-0.64,-7.39,35.15,-26.78,0.15,0.32,0.33
13998934,1.19,-9.39,-0.41,-6.17,33.26,-30.22,0.15,0.32,0.33
14011629,1.16,-8.60,-0.01,-21.30,30.34,-30.70,0.14,0.32,0.32
14025137,0.66,-8.51,-0.62,-33.79,28.20,-30.13,0.14,0.32,0.32
14034761,0.97,-8.35,-0.84,-40.85,24.53,-28.28,0.14,0.32,0.32
14044955,1.70,-7.75,-1.25,-44.61,16.08,-24.91,0.13,0.32,0.32
14054531,1.47,-7.34,-1.73,-35.50,23.27,-25.24,0.13,0.32,0.32
14069281,1.53,-6.33,-0.66,-34.81,30.40,-27.60,0.13,0.32,0.31
14081735,1.23,-5.90,-1.19,-35.68,38.14,-29.59,0.13,0.32,0.31
14092487,0.85,-5.30,-0.71,-35.06,55.21,-30.28,0.12,0.31,0.30
14102068,-0.17,-5.13,-0.09,-34.23,62.40,-29.43,0.12,0.31,0.30
14114117,-0.85,-4.94,0.45,-35.77,58.41,-26.15,0.11,0.34,0.30
14127266,-1.51,-4.84,0.25,-39.82,55.53,-14.45,0.11,0.34,0.30
14137939,-1.28,-5.72,1.02,-44.63,42.25,-0.21,0.10,0.34,0.29
14147599,-1.30,-6.87,0.52,-45.68,19.96,5.94,0.10,0.34,0.29
14156770,-0.80,-6.74,-1.05,-38.44,16.90,13.16,0.10,0.34,0.29
14170043,-0.46,-6.38,-0.68,-25.03,16.17,16.89,0.10,0.33,0.29
14180586,-0.32,-6.68,-0.62,-17.13,16.33,24.75,0.10,0.33,0.29
14192544,0.07,-6.84,-1.09,-3.26,2.49,29.09,0.10,0.35,0.30
14201850,0.28,-6.34,-1.55,5.79,3.71,31.01,0.10,0.35,0.30
14210844,-0.19,-6.11,-1.18,13.51,7.53,32.58,0.11,0.34,0.28
14220615,-0.57,-5.91,-0.49,12.10,1.31,32.86,0.11,0.34,0.28
14231219,-0.62,-5.63,-0.74,5.84,-14.31,31.33,0.11,0.34,0.28
14244097,-0.28,-5.30,-1.42,2.16,-13.27,32.72,0.11,0.34,0.28
14254240,-0.11,-5.60,-0.67,-7.11,-12.95,33.16,0.11,0.34,0.28
14264276,0.22,-6.53,-0.64,-9.17,-13.22,32.38,0.11,0.34,0.29
14278431,0.81,-7.57,-0.43,-8.57,-12.01,31.79,0.11,0.34,0.29
14287995,1.52,-7.99,-1.45,-7.60,-4.07,29.48,0.12,0.34,0.29
14298808,1.34,-7.95,-2.24,-8.76,20.23,25.05,0.12,0.34,0.29
14308799,0.54,-8.12,-1.67,-14.63,36.21,20.61,0.12,0.34,0.29
14320010,-0.48,-7.95,-0.99,-18.03,43.30,11.32,0.13,0.34,0.28
14331573,-1.91,-8.79,-1.22,-25.76,35.10,-1.95,0.13,0.34,0.28
14340725,-1.44,-10.33,-2.52,-31.57,20.91,-21.06,0.12,0.34,0.29
14350884,0.81,-10.94,-4.16,-32.60,19.00,-37.81,0.12,0.34,0.29
14360623,2.46,-10.70,-4.48,-35.09,42.29,-44.69,0.10,0.35,0.28
14380454,3.12,-10.77,-4.83,-63.53,99.63,-39.35,0.10,0.35,0.28
14390128,1.85,-12.37,-0.74,-75.20,117.48,-46.08,0.09,0.34,0.27
14400946,0.79,-14.43,2.90,-58.50,101.06,-54.22,0.09,0.34,0.27
14410739,-3.98,-16.84,5.47,-33.21,77.27,-60.53,0.08,0.36,0.25
14422370,-6.42,-19.60,3.91,-15.23,-2.07,-68.76,0.08,0.36,0.25
14438939,-1.40,-17.19,0.88,-0.74,-37.92,-66.86,0.06,0.35,0.26
14455197,3.31,-15.09,0.68,10.97,-39.54,-53.10,0.06,0.35,0.26
14464828,4.01,-14.47,1.55,17.37,-27.31,-41.95,0.06,0.35,0.26
14478726,2.88,-15.65,4.72,32.02,-23.20,-34.99,0.06,0.35,0.26
14491768,2.18,-16.20,2.44,34.20,-20.58,-33.33,0.06,0.34,0.26
14502704,2.03,-17.38,1.11,44.07,-19.34,-24.15,0.06,0.34,0.26
14515534,1.75,-17.44,0.91,57.00,-20.53,-8.46,0.06,0.35,0.27
14527910,2.84,-15.69,0.14,62.64,-19.82,-3.39,0.06,0.35,0.27
14539590,2.94,-13.79,-0.69,54.64,-1.40,-3.39,0.06,0.34,0.28
14551165,2.54,-13.00,-0.95,45.78,16.21,0.18,0.06,0.34,0.28
14561295,2.27,-12.59,-0.85,43.22,25.73,8.85,0.06,0.33,0.28
14571272,1.97,-12.21,-0.80,40.91,31.18,20.91,0.06,0.33,0.28
14589196,-0.17,-10.14,0.35,30.34,42.24,30.42,0.05,0.33,0.30
14603960,-1.21,-7.44,0.79,1.02,11.07,33.35,0.05,0.33,0.30
14615534,-1.68,-6.88,0.33,-12.12,8.59,34.62,0.05,0.33,0.29
14628504,-1.97,-5.94,0.12,-13.33,-14.92,35.86,0.05,0.33,0.29
14653202,-0.90,-4.28,0.12,-14.13,-36.37,37.81,0.05,0.31,0.30
14662310,0.14,-4.11,0.75,-7.16,-39.31,36.88,0.07,0.33,0.29
14672282,0.44,-3.86,-0.45,2.79,-48.76,37.33,0.07,0.33,0.29
14683557,0.37,-2.48,0.69,14.19,-46.34,39.79,0.07,0.33,0.29
14693207,1.29,-2.50,0.17,10.76,-49.77,41.68,0.08,0.34,0.28
14703287,1.09,-3.67,-1.26,13.84,-33.53,39.67,0.08,0.34,0.28
14713243,0.74,-3.13,-0.69,25.84,-27.28,36.65,0.09,0.33,0.29
14723388,1.17,-2.60,-0.48,24.44,-23.14,34.15,0.09,0.33,0.29
14732484,0.86,-2.79,-0.93,14.68,-22.09,30.56,0.09,0.33,0.29
14748116,-0.17,-3.14,-0.85,7.42,-8.24,22.10,0.10,0.32,0.30
14758360,-0.66,-3.43,-0.84,1.74,-11.96,16.67,0.10,0.32,0.30
14768359,-1.20,-3.33,-1.05,-7.39,-18.04,12.48,0.11,0.33,0.29
14778973,-1.05,-3.41,-1.06,-25.47,-31.14,6.51,0.11,0.33,0.29
14790306,-1.33,-3.81,-2.72,-38.90,-34.53,4.25,0.10,0.33,0.29
14799969,-2.04,-5.10,-2.59,-35.88,-30.01,4.11,0.10,0.33,0.29
14810529,-2.06,-7.10,-2.97,-23.11,-37.68,3.71,0.11,0.33,0.28
14820414,-2.22,-8.13,-2.19,-8.22,-42.78,1.92,0.11,0.33,0.28
14833340,-1.54,-8.43,-0.12,1.41,-56.53,-2.58,0.11,0.33,0.28
14851523,0.67,-7.90,-0.60,-17.12,-63.11,-17.80,0.11,0.33,0.30
14863240,2.84,-8.39,0.32,-27.73,-52.62,-21.51,0.12,0.33,0.29
14872656,4.69,-9.54,-0.93,-37.62,-44.34,-21.16,0.12,0.33,0.29
14882209,5.04,-12.64,-4.32,-59.16,-12.06,-11.82,0.12,0.33,0.29
14893639,2.48,-16.55,-7.04,-33.98,28.85,0.47,0.12,0.34,0.28
14902871,0.86,-17.15,-7.09,6.20,30.72,8.88,0.12,0.34,0.28
14912634,-0.97,-14.43,-6.54,42.70,25.87,11.96,0.12,0.34,0.28
14922152,-2.84,-12.36,-6.33,54.28,20.55,13.14,0.12,0.34,0.28
14935108,-4.24,-11.33,-6.87,48.24,-9.86,17.60,0.11,0.34,0.29
14958333,-5.72,-11.34,-4.37,73.59,-90.58,8.51,0.11,0.34,0.29
14967811,1.62,-12.01,10.36,95.11,-139.75,1.30,0.12,0.33,0.29
14977277,8.58,-15.78,14.73,42.33,-114.37,33.62,0.12,0.33,0.29
14990833,15.92,-19.60,5.70,-124.43,49.64,108.17,0.14,0.32,0.30
15001318,17.52,-19.60,2.40,-63.70,3.62,110.54,0.14,0.32,0.30
15021179,-2.86,-11.88,-4.91,124.79,107.72,68.64,0.15,0.32,0.29
15031263,-2.00,-8.03,5.33,98.07,110.34,20.38,0.15,0.32,0.29
15041197,1.77,-7.65,5.29,66.43,55.67,1.32,0.14,0.31,0.32
15053713,3.79,-7.17,2.52,58.59,20.94,-26.02,0.14,0.31,0.32
15064649,0.58,-14.77,-1.25,15.94,-14.93,-28.25,0.13,0.31,0.33
15075626,1.46,-17.44,1.96,72.75,18.52,-25.15,0.13,0.31,0.33
15085251,1.39,-12.94,-1.89,46.92,21.38,-17.67,0.14,0.29,0.33
15097056,1.21,-13.04,1.89,-35.97,14.11,-10.74,0.14,0.29,0.33
15107832,1.70,-15.34,-1.31,1.09,-5.04,-12.01,0.14,0.29,0.33
15119356,1.76,-11.33,-0.77,9.85,17.86,-16.44,0.13,0.29,0.33
15130079,1.23,-11.28,-0.72,1.72,5.68,-21.39,0.13,0.29,0.33
15140902,0.68,-10.58,-0.37,6.42,-3.70,-27.80,0.13,0.28,0.35
15152248,1.54,-9.48,-1.09,-6.90,-2.42,-29.09,0.13,0.28,0.35
15163577,1.48,-10.07,-0.85,-13.57,0.77,-27.40,0.12,0.29,0.33
15175892,2.50,-8.30,-1.31,-0.25,5.61,-29.30,0.12,0.29,0.33
15187884,2.84,-7.48,-0.73,-4.87,15.44,-25.20,0.12,0.28,0.33
15200778,2.60,-7.08,-1.12,-2.82,14.99,-22.47,0.12,0.28,0.33
15211360,2.39,-6.43,-0.76,-4.88,29.06,-17.89,0.11,0.30,0.34
15222263,1.83,-4.94,-0.26,-13.74,37.96,-15.57,0.11,0.30,0.34
15232909,1.20,-4.80,-0.01,-28.94,47.74,-13.13,0.11,0.30,0.34
15244139,0.84,-4.73,-0.29,-34.56,58.89,-11.04,0.10,0.30,0.33
15255533,0.08,-4.74,0.40,-42.68,66.58,-7.70,0.10,0.30,0.33
15264612,0.24,-5.17,0.95,-50.05,65.56,-3.08,0.10,0.31,0.34
15275646,-0.06,-5.77,0.38,-46.94,63.32,6.23,0.10,0.31,0.34
15285927,-0.48,-6.00,1.23,-42.66,56.76,15.84,0.09,0.31,0.32
15300946,-0.55,-5.56,-0.47,-35.75,42.84,28.23,0.09,0.31,0.32
15310656,-0.51,-5.46,-0.26,-37.62,44.63,35.53,0.08,0.31,0.32
15320325,-0.71,-5.65,0.30,-34.94,36.79,38.01,0.08,0.31,0.32
15329900,-0.60,-5.14,0.04,-33.66,27.27,38.17,0.08,0.31,0.32
15344579,0.02,-4.33,0.27,-33.63,17.06,37.11,0.08,0.32,0.32
15360457,0.36,-4.69,-0.04,-34.19,0.15,41.54,0.08,0.32,0.29
15370165,0.61,-5.26,-0.68,-36.13,-2.80,40.99,0.08,0.32,0.29
15380018,0.79,-5.91,-0.75,-34.23,-0.82,39.57,0.08,0.32,0.29
15391210,0.47,-6.52,-0.75,-28.39,5.67,39.88,0.09,0.32,0.29
15407518,0.59,-7.42,-1.32,-22.25,30.91,44.64,0.09,0.32,0.29
15424084,0.69,-8.06,-2.30,-22.87,52.49,40.05,0.09,0.32,0.29
15435355,0.40,-7.97,-2.37,-25.66,62.39,34.92,0.09,0.32,0.28
15448504,-0.73,-8.44,-1.98,-24.14,71.93,24.53,0.09,0.32,0.28
15463478,-2.38,-9.34,-2.47,-27.95,70.78,1.19,0.08,0.33,0.27
15473751,-2.43,-10.40,-3.41,-33.11,65.75,-15.01,0.08,0.33,0.27
15483377,-1.39,-10.79,-4.10,-37.06,60.42,-23.83,0.08,0.33,0.27
15493832,-0.00,-10.98,-3.87,-38.99,60.10,-28.42,0.08,0.33,0.27
15513501,0.70,-11.60,-2.71,-34.33,80.00,-27.01,0.05,0.34,0.27
15524433,-0.57,-10.69,-3.49,-28.28,99.43,-17.40,0.05,0.34,0.27
15536014,-2.09,-9.94,-3.20,-22.76,120.16,-7.39,0.05,0.35,0.25
15550508,-2.25,-5.62,-8.49,-64.87,130.34,-5.55,0.05,0.35,0.25
15565897,2.83,-10.42,9.39,-74.10,68.94,-44.18,0.03,0.35,0.24
15575760,-4.92,-13.22,16.17,-26.91,41.05,-52.05,0.03,0.35,0.24
15585062,-3.16,-19.60,9.30,-43.81,-151.70,-70.32,0.02,0.35,0.25
15594675,3.99,-19.60,4.02,11.03,-169.50,-83.41,0.02,0.35,0.25
15605341,2.32,-17.96,5.67,25.11,-151.05,-88.91,0.02,0.35,0.25
15614762,4.86,-17.45,0.12,18.01,-130.25,-81.03,0.03,0.35,0.23
15624328,5.52,-18.92,0.65,42.15,-75.52,-70.95,0.03,0.35,0.23
15635531,4.91,-16.64,1.84,48.66,-28.18,-45.90,0.03,0.35,0.25
15644707,5.28,-17.74,1.25,47.23,-21.87,-27.15,0.03,0.35,0.25
15653856,4.60,-18.07,1.78,62.13,13.07,-19.18,0.03,0.35,0.25
15663702,2.81,-15.61,2.69,59.19,8.07,-8.25,0.03,0.34,0.25
15672903,2.61,-14.62,1.02,56.03,11.56,-1.01,0.03,0.34,0.25
15682880,2.26,-14.82,0.74,56.45,13.74,2.22,0.03,0.33,0.26
15692012,0.91,-15.45,0.98,50.19,13.54,3.61,0.03,0.33,0.26
15701152,0.21,-14.14,-0.53,38.38,12.56,2.80,0.03,0.33,0.26
15711608,-0.92,-13.71,-0.20,26.18,18.18,2.05,0.03,0.33,0.25
15721352,-1.45,-13.28,-0.38,21.73,7.55,3.12,0.03,0.33,0.25
15730430,-1.36,-12.38,-0.10,21.20,-2.69,7.43,0.03,0.33,0.25
15740107,-0.77,-11.47,-0.31,11.70,-11.65,15.40,0.03,0.33,0.24
15755525,-1.69,-10.78,-0.42,-2.20,-23.13,22.38,0.03,0.33,0.24
15766801,-2.17,-9.91,-0.32,-2.77,-38.17,23.98,0.04,0.33,0.24
15778368,-2.10,-8.93,0.02,-4.35,-47.08,25.09,0.04,0.33,0.24
15787812,-1.67,-7.66,0.20,-2.99,-57.35,22.49,0.05,0.34,0.26
15799088,-0.49,-6.29,0.23,-2.18,-63.55,19.02,0.05,0.34,0.26
15810217,-0.14,-5.97,0.34,-3.01,-73.06,19.83,0.07,0.33,0.24
15819493,0.07,-6.08,0.11,0.63,-71.25,24.24,0.07,0.33,0.24
15828758,0.23,-5.27,-0.02,9.90,-73.11,29.80,0.07,0.33,0.24
15839578,0.74,-4.44,-0.15,22.50,-71.22,32.92,0.08,0.34,0.24
15851208,0.86,-2.56,0.04,34.61,-58.92,35.36,0.08,0.34,0.24
15860438,1.05,-3.10,0.02,27.59,-51.63,39.27,0.10,0.33,0.24
15869710,0.94,-2.39,-0.12,28.37,-46.66,38.81,0.10,0.33,0.24
15879015,0.57,-1.74,0.06,22.75,-42.75,34.48,0.10,0.33,0.24
15888433,0.78,-1.41,-0.01,11.78,-47.56,28.33,0.11,0.32,0.24
15899098,0.81,-1.12,-0.47,-3.88,-47.24,21.63,0.11,0.32,0.24
15912411,0.21,-1.17,-0.35,-23.09,-49.21,15.21,0.13,0.32,0.25
15925168,-0.12,-2.20,-1.49,-41.24,-46.49,6.45,0.13,0.32,0.25
15934588,-0.68,-3.24,-1.61,-43.36,-39.09,2.12,0.15,0.33,0.23
15943754,-1.30,-4.20,-1.90,-36.18,-42.41,0.98,0.15,0.33,0.23
15952996,-1.74,-5.06,-2.30,-21.32,-49.79,0.65,0.15,0.33,0.23
15970040,-1.20,-5.05,-1.20,1.94,-52.84,0.60,0.16,0.33,0.21
15979647,0.78,-4.00,1.81,-28.77,-71.95,1.23,0.16,0.33,0.21
15989180,1.37,-4.54,0.06,-69.44,-82.01,-0.71,0.17,0.34,0.22
16002134,-0.48,-10.68,-2.15,-10.15,-62.62,-3.17,0.17,0.34,0.22
16014335,2.54,-10.45,0.04,39.19,-71.24,-5.28,0.19,0.35,0.20
16023953,3.70,-9.04,-1.83,-12.63,-14.81,-9.56,0.19,0.35,0.20
16036486,0.52,-15.60,-3.39,-17.42,-0.86,-5.78,0.20,0.33,0.20
16048647,1.46,-15.57,-6.44,43.66,-21.22,2.90,0.20,0.33,0.20
16061903,-0.39,-12.42,-6.84,51.89,-6.15,6.61,0.21,0.34,0.20
16077707,-3.76,-11.68,-7.27,41.48,-5.57,9.39,0.21,0.34,0.20
16118827,11.55,-19.60,-1.47,-28.40,-7.67,101.06,0.24,0.31,0.26
16128921,11.53,-19.60,0.55,-16.11,32.53,105.01,0.24,0.31,0.26
16138488,5.92,-13.18,-8.97,131.48,60.45,76.19,0.26,0.33,0.20
16149334,-3.84,-4.44,-8.34,76.06,90.41,31.03,0.26,0.33,0.20
16163822,-5.23,-8.17,4.54,20.49,16.57,-13.27,0.27,0.33,0.22
16179623,2.06,-7.76,8.84,21.59,-8.65,-27.90,0.27,0.33,0.22
16190456,3.93,-13.03,-0.19,-44.18,-54.22,-12.54,0.28,0.32,0.21
16201970,4.47,-19.60,-0.17,9.41,-21.05,10.80,0.28,0.32,0.21
16218662,6.29,-13.62,0.56,-9.40,28.99,26.19,0.29,0.31,0.22
16239033,4.73,-17.24,-0.48,-20.09,35.42,19.05,0.28,0.33,0.21
16249577,3.64,-13.33,-0.33,25.73,58.77,2.59,0.28,0.33,0.21
16259908,2.09,-11.52,-0.12,23.12,60.31,-10.54,0.28,0.33,0.20
16281525,-0.53,-10.45,0.64,4.93,59.90,-30.73,0.28,0.32,0.22
16291598,-1.23,-10.44,0.31,-6.23,38.88,-30.30,0.27,0.32,0.22
16300964,-0.80,-10.07,0.02,-8.26,25.00,-28.31,0.27,0.32,0.22
16310547,-0.55,-9.24,-0.02,-9.14,18.08,-25.06,0.26,0.34,0.22
16323978,0.42,-8.03,0.01,-16.28,12.05,-22.61,0.26,0.34,0.22
16333750,1.16,-7.17,-0.40,-26.49,15.93,-21.65,0.25,0.34,0.22
16343240,1.49,-6.57,-0.49,-30.72,21.50,-23.14,0.25,0.34,0.22
16353081,1.67,-5.84,-0.03,-34.54,29.27,-25.90,0.25,0.34,0.22
16364021,1.87,-5.14,-0.04,-40.85,36.83,-26.34,0.25,0.34,0.22
16374212,1.85,-5.14,0.36,-41.68,47.08,-24.63,0.25,0.34,0.22
16387572,1.19,-4.46,0.19,-36.72,54.42,-15.67,0.23,0.35,0.23
16399283,0.99,-4.58,-0.41,-36.58,77.92,-3.53,0.23,0.35,0.23
16408769,1.00,-5.22,-0.08,-39.63,80.56,0.77,0.22,0.36,0.21
16418263,0.72,-5.45,-0.47,-40.75,87.75,5.68,0.22,0.36,0.21
16427938,-0.18,-5.77,0.01,-30.31,84.27,11.14,0.22,0.36,0.21
16437051,-0.19,-5.01,0.02,-31.71,88.12,18.06,0.21,0.36,0.23
16446437,-0.86,-4.74,0.23,-33.64,86.11,26.29,0.21,0.36,0.23
16456283,-1.26,-4.86,-0.01,-35.88,76.38,33.53,0.21,0.36,0.23
16465861,-1.40,-5.64,0.01,-30.51,71.09,37.06,0.20,0.36,0.23
16475407,-1.47,-5.16,-0.07,-26.17,60.12,39.40,0.20,0.36,0.23
16488571,-1.71,-4.80,0.27,-27.04,49.76,43.40,0.20,0.37,0.23
16497918,-1.79,-5.07,0.11,-26.42,25.98,45.15,0.20,0.37,0.23
16507641,-2.15,-5.00,-0.39,-23.23,15.69,48.63,0.20,0.36,0.21
16516909,-1.68,-5.34,-0.64,-23.90,2.90,51.41,0.20,0.36,0.21
16526796,-1.05,-6.05,-0.91,-23.08,-8.67,50.02,0.20,0.36,0.21
16535991,-0.70,-6.57,-1.47,-22.88,-19.81,47.49,0.21,0.37,0.22
16545143,-0.70,-7.17,-1.75,-20.17,-13.83,46.13,0.21,0.37,0.22
16554493,-0.75,-8.47,-1.45,-12.65,-3.15,46.91,0.21,0.37,0.22
16563553,0.02,-8.78,-2.19,-6.92,2.42,47.72,0.21,0.37,0.22
16572710,0.78,-9.02,-2.52,-4.97,18.50,45.55,0.21,0.37,0.22
16585286,0.44,-9.58,-2.59,-7.32,29.89,34.00,0.22,0.36,0.22
16594375,0.00,-9.36,-2.89,-9.56,34.91,23.76,0.22,0.36,0.22
16605138,-1.36,-9.04,-1.97,-13.47,43.78,8.65,0.22,0.36,0.22
16614379,-4.01,-8.77,-1.25,-16.38,44.71,-3.17,0.22,0.36,0.22
16627506,-2.89,-10.33,-3.21,-26.92,6.63,-24.11,0.22,0.36,0.22
16637162,-0.35,-10.45,-4.06,-31.20,-7.92,-31.30,0.20,0.36,0.22
16650380,2.64,-11.05,-4.08,-36.08,-1.04,-31.26,0.20,0.36,0.22
16659451,3.98,-11.25,-4.70,-43.26,23.28,-32.97,0.19,0.37,0.22
16670463,2.99,-11.68,-4.00,-58.14,73.96,-38.48,0.19,0.37,0.22
16679843,0.89,-12.25,-2.40,-78.15,104.00,-50.12,0.19,0.37,0.22
16693325,-1.69,-15.63,7.29,-40.68,94.80,-63.86,0.18,0.38,0.23
16703133,-8.41,-17.55,8.27,-5.14,75.42,-69.28,0.18,0.38,0.23
16712153,-4.79,-19.60,4.96,-20.30,-74.86,-77.81,0.15,0.38,0.23
16721477,1.70,-17.85,2.47,6.94,-76.69,-78.55,0.15,0.38,0.23
16732777,1.77,-14.65,3.75,-8.77,-93.69,-70.58,0.14,0.39,0.22
16742101,4.66,-13.32,3.14,-4.20,-106.56,-63.04,0.14,0.39,0.22
16751708,4.89,-14.04,4.19,19.23,-62.04,-55.78,0.14,0.39,0.22
16761260,2.70,-14.90,3.65,31.59,-39.69,-47.87,0.13,0.37,0.23
16770849,0.70,-15.83,3.89,37.65,-35.21,-44.78,0.13,0.37,0.23
16779924,0.95,-16.12,3.20,40.00,-32.47,-37.14,0.13,0.37,0.23
16794316,1.83,-17.27,3.33,44.99,-49.38,-20.72,0.12,0.38,0.24
16804219,2.11,-16.85,2.56,49.79,-44.71,-14.02,0.12,0.38,0.24
16813354,1.94,-16.09,2.33,52.88,-32.84,-9.28,0.11,0.38,0.25
16822939,1.49,-15.03,1.73,52.59,-24.64,-4.33,0.11,0.38,0.25
16833672,1.31,-14.34,1.30,54.11,-14.98,1.72,0.12,0.38,0.26
16843259,1.13,-13.69,1.35,55.35,-11.34,7.44,0.12,0.38,0.26
16852909,1.17,-13.10,0.94,51.63,-10.35,14.98,0.12,0.38,0.26
16866100,0.84,-11.35,0.64,45.83,-8.71,25.81,0.11,0.37,0.27
16875324,0.42,-10.33,0.31,37.13,-6.87,32.25,0.11,0.37,0.27
16884668,0.23,-9.28,0.50,30.84,-11.65,34.53,0.12,0.37,0.28
16906982,-0.32,-7.03,-0.78,15.26,-23.06,34.41,0.13,0.37,0.29
16938053,-0.63,-4.24,0.07,14.67,-40.78,30.72,0.15,0.36,0.28
16948066,-0.91,-3.78,0.35,5.08,-59.19,31.75,0.15,0.36,0.28
16957570,-0.82,-3.80,0.33,3.08,-65.28,32.27,0.15,0.36,0.30
16966984,-0.65,-4.53,0.10,3.67,-65.32,32.43,0.15,0.36,0.30
16985128,-1.03,-3.90,0.82,12.36,-83.82,37.21,0.16,0.36,0.29
17020275,1.60,-4.19,-1.04,39.63,-77.11,29.88,0.17,0.36,0.30
17030061,1.95,-3.14,-1.80,32.10,-64.68,20.42,0.17,0.36,0.30
17042271,2.11,-2.96,-1.76,7.11,-45.05,16.71,0.19,0.35,0.32
17051667,1.04,-3.36,-1.19,-3.88,-30.72,14.38,0.19,0.35,0.32
17061313,-0.45,-3.00,-0.97,-15.90,-36.09,9.33,0.19,0.33,0.31
17070467,-1.01,-2.91,-2.63,-31.55,-42.77,2.34,0.19,0.33,0.31
17080059,-1.39,-3.58,-2.73,-35.01,-39.05,-2.28,0.19,0.33,0.30
17091369,-1.74,-4.75,-1.17,-20.41,-39.83,-3.61,0.19,0.35,0.30
17102910,-1.47,-5.87,0.25,1.95,-56.00,-3.81,0.19,0.35,0.30
17112330,-0.12,-7.07,0.90,24.25,-77.42,-1.92,0.19,0.35,0.30
17121790,2.51,-6.59,2.54,21.62,-89.99,3.34,0.19,0.35,0.30
17131201,3.98,-5.29,0.70,-33.23,-88.21,5.68,0.20,0.35,0.30
17141296,2.20,-8.54,-6.39,-70.18,-46.77,-0.61,0.20,0.35,0.30
17152213,0.66,-13.56,-3.95,-1.72,3.32,-1.67,0.20,0.35,0.30
17163477,3.05,-12.58,-0.05,21.32,-10.25,-1.71,0.20,0.36,0.31
17181469,0.24,-13.76,-4.76,-20.33,50.92,2.54,0.20,0.36,0.30
17205057,-2.85,-11.44,-7.20,11.85,19.40,7.41,0.20,0.35,0.31
17214227,-4.71,-11.67,-7.80,10.67,8.27,6.46,0.19,0.35,0.31
17226430,-5.37,-12.63,-8.48,25.49,-23.07,5.06,0.19,0.35,0.31
17244004,-6.27,-10.19,-11.30,51.38,-83.26,3.75,0.19,0.34,0.30
17254649,-5.56,-7.68,-7.75,57.38,-109.76,-2.40,0.19,0.34,0.30
17264742,1.42,-11.63,10.09,140.33,-155.92,-13.43,0.19,0.35,0.31
17275336,10.72,-9.73,19.60,70.00,-71.71,21.13,0.19,0.35,0.31
17285019,13.47,-19.60,7.90,-152.40,1.91,99.94,0.20,0.34,0.31
17294808,18.08,-19.60,-2.47,-106.13,-72.61,106.06,0.20,0.34,0.31
17310158,3.37,-9.71,2.60,73.53,164.00,72.68,0.21,0.32,0.32
17331016,3.93,-19.11,0.57,43.91,96.95,15.80,0.21,0.35,0.32
17391177,1.00,-14.97,0.18,-1.21,12.23,-24.66,0.18,0.34,0.33
17415037,0.80,-13.00,0.38,24.00,39.10,-12.21,0.17,0.35,0.34
17425392,0.63,-10.47,0.43,-1.35,17.97,-13.13,0.17,0.35,0.34
17436642,0.69,-10.57,-0.06,-12.50,19.89,-16.22,0.14,0.34,0.35
17455466,1.54,-9.57,0.09,-17.95,8.80,-18.65,0.15,0.35,0.35
17468271,2.44,-9.06,0.57,-21.31,1.09,-21.13,0.15,0.35,0.35
17477991,3.11,-7.66,-0.26,-24.06,-0.67,-20.74,0.15,0.35,0.35
17496650,4.01,-6.18,-0.58,-24.99,-0.94,-18.98,0.14,0.35,0.33
17513643,2.35,-5.39,-0.10,-25.62,40.03,-10.19,0.14,0.34,0.34
17524365,1.90,-4.67,-0.61,-29.94,66.99,-6.82,0.14,0.34,0.34
17533646,0.91,-4.12,0.03,-28.80,77.39,-4.80,0.11,0.36,0.33
17542791,1.23,-4.84,0.19,-32.66,90.58,-3.26,0.11,0.36,0.33
17556133,1.46,-4.94,0.34,-42.73,112.68,5.08,0.11,0.36,0.32
17567018,0.48,-5.79,1.74,-42.60,110.72,11.18,0.11,0.36,0.32
17576666,-0.56,-5.85,0.48,-38.20,106.72,25.28,0.11,0.36,0.32
17586247,-0.83,-5.35,0.51,-32.87,101.61,33.58,0.09,0.37,0.30
17597307,-0.95,-5.32,0.81,-32.20,83.48,36.53,0.09,0.37,0.30
17617964,-0.71,-4.80,0.33,-21.08,54.36,35.55,0.09,0.38,0.31
17629310,-1.11,-4.78,-0.47,-17.57,42.15,34.38,0.09,0.38,0.30
17642903,-1.43,-4.64,-0.82,-19.12,31.36,36.67,0.08,0.38,0.30
17659788,-1.19,-4.44,-1.22,-22.70,23.10,39.22,0.08,0.38,0.30
17675035,-1.30,-5.48,-1.47,-21.32,16.31,42.88,0.08,0.38,0.30
17685584,-1.29,-6.39,-1.10,-18.03,13.11,44.31,0.08,0.39,0.30
17697850,-0.68,-7.59,-2.19,-17.96,11.71,45.45,0.08,0.39,0.30
17716463,0.37,-9.19,-2.80,-25.85,14.73,39.11,0.10,0.37,0.29
17725898,0.67,-9.27,-3.25,-23.63,23.24,28.54,0.10,0.37,0.29
17735083,-0.30,-9.08,-3.29,-20.95,39.08,18.06,0.09,0.39,0.30
17744327,-1.39,-9.40,-2.76,-20.73,51.60,14.72,0.09,0.39,0.30
17755936,-2.98,-9.30,-2.37,-22.27,57.61,5.11,0.08,0.40,0.27
17766242,-2.56,-9.81,-3.41,-27.17,48.26,-5.59,0.08,0.40,0.27
17776078,-0.68,-10.31,-4.43,-33.40,38.43,-14.81,0.08,0.40,0.27
17787724,1.64,-10.55,-3.98,-40.15,44.71,-19.85,0.07,0.40,0.26
17798813,3.04,-10.88,-3.17,-38.26,57.71,-22.19,0.07,0.40,0.26
17812549,2.95,-10.13,-4.84,-58.68,100.58,-26.37,0.06,0.40,0.26
17825444,1.33,-13.32,1.66,-83.68,133.84,-60.48,0.06,0.40,0.26
17836505,2.95,-17.32,10.38,-31.78,75.01,-66.30,0.03,0.40,0.25
17846112,-6.29,-17.83,10.45,-17.61,44.83,-67.85,0.03,0.40,0.25
17861672,2.71,-18.74,1.42,15.85,-110.03,-82.81,0.01,0.41,0.24
17871002,1.05,-16.24,4.13,22.34,-60.17,-79.82,0.01,0.41,0.24
17880589,2.97,-14.32,-2.32,6.80,-91.39,-70.74,0.01,0.40,0.25
17889769,2.94,-13.90,0.02,17.40,-12.85,-58.25,0.01,0.40,0.25
17905777,1.64,-15.83,7.81,39.17,-3.85,-43.70,-0.01,0.39,0.26
17916209,1.87,-16.09,2.81,34.26,-23.65,-38.12,-0.01,0.39,0.26
17926892,2.75,-18.00,1.40,50.23,-15.32,-28.23,-0.01,0.39,0.26
17937044,1.80,-17.71,2.31,59.62,-6.00,-15.93,-0.00,0.39,0.26
17946708,1.75,-17.33,0.99,59.02,-9.33,-5.46,-0.00,0.39,0.26
17959308,0.68,-15.79,0.54,54.15,-2.30,2.37,-0.01,0.38,0.27
17968563,0.36,-14.85,-0.76,43.76,0.63,2.69,-0.01,0.38,0.27
17979604,-0.25,-14.08,-0.60,38.28,7.30,6.43,-0.02,0.38,0.26
17989187,-0.93,-13.37,-0.22,36.73,-0.27,13.80,-0.02,0.38,0.26
17998324,-1.72,-12.50,-0.17,34.43,-13.51,22.44,-0.02,0.38,0.26
18009498,-1.77,-10.87,-0.59,32.42,-28.25,31.33,-0.01,0.37,0.27
18029606,-1.71,-9.06,-0.73,30.75,-46.19,33.37,-0.01,0.37,0.29
18039350,-1.69,-7.98,-0.27,31.45,-50.33,31.00,-0.01,0.37,0.29
18049042,-1.68,-7.49,-0.20,24.84,-56.41,29.65,-0.01,0.37,0.29
18067170,-1.51,-5.89,0.60,23.47,-89.74,22.10,0.01,0.37,0.29
18077187,-0.38,-5.60,-0.10,26.11,-94.65,22.20,0.01,0.37,0.29
18086965,-0.57,-4.13,0.64,28.97,-98.58,26.45,0.02,0.37,0.32
18122333,0.52,-1.55,-0.28,15.09,-73.11,34.83,0.04,0.36,0.32
18131600,0.10,-1.36,-0.11,10.97,-67.24,32.16,0.06,0.36,0.32
18141392,0.33,-1.55,-0.09,9.21,-64.79,27.19,0.06,0.36,0.32
18151234,0.88,-1.70,0.33,3.97,-67.53,22.02,0.06,0.36,0.32
18193675,1.24,-3.51,-1.19,-38.18,-42.67,-0.40,0.08,0.35,0.31
18203343,0.73,-4.04,-0.84,-45.33,-40.52,-1.87,0.08,0.36,0.32
18212563,0.50,-4.20,-1.49,-51.16,-41.80,-0.95,0.08,0.36,0.32
18229572,-0.37,-5.46,-1.92,-45.90,-45.71,6.55,0.09,0.36,0.31
18239266,-1.20,-6.30,-1.57,-27.09,-42.44,9.88,0.09,0.36,0.31
18248549,-1.18,-7.02,0.49,-11.57,-54.25,8.32,0.09,0.36,0.31
18258679,1.73,-7.04,4.03,-21.02,-82.17,4.35,0.10,0.36,0.31
18272633,2.01,-8.27,-4.25,-47.41,-74.80,-1.34,0.10,0.36,0.31
18281904,2.51,-12.31,-6.36,-5.23,-42.88,0.95,0.10,0.37,0.30
18318523,0.65,-12.90,-5.02,11.32,7.57,5.90,0.10,0.36,0.30
18331989,-1.20,-11.68,-6.50,39.39,23.04,16.46,0.10,0.36,0.31
18345462,-3.42,-11.15,-5.80,39.51,17.40,21.20,0.10,0.36,0.31
18354689,-5.64,-10.96,-6.97,36.63,-7.57,20.38,0.11,0.35,0.31
18378490,-6.87,-10.45,-10.38,46.88,-75.36,14.60,0.10,0.36,0.32
18391547,-1.70,-12.99,2.75,122.51,-147.21,1.98,0.10,0.36,0.32
18416950,16.14,-19.60,-4.38,-142.82,19.31,110.11,0.14,0.31,0.34
18429888,13.13,-19.60,-0.24,8.22,85.79,119.04,0.14,0.34,0.33
18439566,-0.59,-9.32,-8.41,124.62,113.93,80.32,0.14,0.34,0.33
18449030,-1.08,-5.41,0.45,36.94,97.34,34.84,0.14,0.34,0.33
18458252,1.52,-10.29,7.38,6.86,59.97,8.31,0.15,0.32,0.33
18476110,4.39,-10.51,1.64,36.31,38.37,-12.65,0.15,0.32,0.33
18485416,1.93,-13.49,3.17,-32.95,49.39,-13.49,0.14,0.33,0.33
18495184,1.13,-19.60,-2.86,1.47,-0.59,-10.53,0.14,0.33,0.33
18504853,3.65,-16.38,1.09,48.90,33.89,-5.87,0.13,0.33,0.34
18514140,4.59,-10.74,-1.36,7.88,45.72,-5.80,0.13,0.33,0.34
18529470,3.43,-15.72,2.00,-47.03,30.16,-5.85,0.13,0.33,0.34
18538971,4.03,-15.19,-2.29,3.38,32.38,-10.40,0.13,0.33,0.34
18550504,2.12,-12.02,0.61,8.25,58.35,-16.85,0.13,0.33,0.34
18560562,1.47,-11.66,-0.97,11.62,41.93,-27.17,0.13,0.34,0.33
18574842,0.14,-10.24,-0.24,1.99,41.79,-36.10,0.13,0.34,0.33
18584488,0.30,-10.08,-0.49,1.09,39.27,-37.01,0.12,0.33,0.33
18593785,0.76,-8.99,-0.38,-2.84,33.42,-37.69,0.12,0.33,0.33
18623666,1.83,-6.14,-0.78,-11.44,43.68,-39.43,0.11,0.33,0.33
18634013,1.76,-5.17,-0.06,-21.03,53.72,-33.92,0.08,0.33,0.32
18643171,1.94,-4.54,-0.30,-24.46,61.93,-25.37,0.08,0.33,0.32
18653419,2.41,-4.74,-0.02,-27.36,81.78,-15.23,0.08,0.34,0.33
18662826,1.27,-4.65,0.55,-26.81,87.89,-8.73,0.08,0.34,0.33
18677107,0.09,-4.09,-0.15,-30.20,100.22,5.65,0.08,0.34,0.29
18686748,0.12,-4.02,0.22,-33.49,108.62,13.87,0.07,0.34,0.32
18697762,-0.18,-4.58,0.66,-38.02,112.08,22.67,0.07,0.34,0.32
18707328,-0.68,-4.98,0.77,-40.11,107.17,25.81,0.06,0.34,0.31
18717289,-0.56,-4.97,1.01,-41.19,91.60,30.08,0.06,0.34,0.31
18727022,-0.84,-5.01,1.16,-40.07,84.93,26.39,0.06,0.34,0.31
18736693,-1.68,-3.68,-0.13,-47.26,70.11,34.78,0.06,0.35,0.30
18745864,-1.52,-3.75,0.47,-46.29,65.24,35.22,0.06,0.35,0.30
18755693,-1.38,-3.59,0.81,-49.69,51.96,38.23,0.05,0.35,0.31
18764838,-0.65,-4.63,1.02,-46.58,34.17,37.69,0.05,0.35,0.31
18780978,0.54,-5.49,-0.12,-42.65,-8.58,43.84,0.05,0.36,0.29
18791606,0.66,-5.48,-1.03,-38.16,-21.87,47.98,0.05,0.36,0.29
18800749,0.48,-5.27,-1.70,-35.53,-16.32,49.67,0.05,0.36,0.29
18810009,-0.19,-5.09,-1.94,-32.28,8.31,48.19,0.07,0.37,0.28
18825627,-0.83,-6.94,-1.91,-24.40,29.75,46.64,0.07,0.37,0.28
18839146,-0.30,-7.07,-1.42,-16.43,33.06,45.68,0.07,0.37,0.27
18848393,0.03,-7.41,-1.18,-16.98,38.15,42.72,0.07,0.37,0.27
18859651,0.55,-7.62,-2.20,-19.92,45.53,34.02,0.07,0.36,0.27
18869246,0.22,-7.87,-2.85,-20.10,56.22,28.93,0.07,0.36,0.27
18883679,-1.73,-8.68,-1.96,-20.55,69.81,16.42,0.07,0.33,0.27
18893906,-3.38,-8.91,-1.69,-22.58,66.33,3.62,0.07,0.33,0.27
18903424,-3.08,-9.86,-2.70,-28.16,49.83,-13.84,0.07,0.39,0.27
18912748,-1.69,-10.29,-4.20,-32.34,37.61,-24.82,0.07,0.39,0.27
18931691,0.72,-9.76,-7.66,-62.46,53.87,-36.57,0.05,0.39,0.26
18941312,2.17,-13.03,-3.75,-94.12,61.05,-56.36,0.05,0.39,0.26
18950523,3.17,-18.09,5.66,-52.35,26.93,-73.30,0.05,0.39,0.26
18964630,-9.57,-19.60,7.28,-7.94,31.20,-91.99,0.04,0.39,0.25
18974053,-6.52,-19.60,6.46,38.30,-26.01,-109.72,0.04,0.39,0.25
18984262,-2.08,-18.70,2.73,17.48,-100.38,-100.94,0.03,0.39,0.24
18994046,3.55,-14.96,0.56,0.09,-136.39,-89.80,0.03,0.39,0.24
19003411,8.95,-14.02,-0.20,-25.03,-163.18,-68.33,0.02,0.38,0.24
19012645,9.76,-13.04,-2.31,-9.12,-73.68,-51.50,0.02,0.38,0.24
19034178,1.86,-17.00,1.81,18.47,34.05,-33.85,0.00,0.38,0.25
19043629,-0.70,-18.59,3.13,36.66,26.87,-31.67,0.00,0.38,0.25
19069224,0.65,-17.34,3.04,53.03,-65.70,-19.28,0.01,0.36,0.25
19078424,0.78,-16.34,2.42,49.60,-73.64,-15.32,0.02,0.36,0.27
19109406,3.56,-13.19,1.56,43.54,-59.15,-9.84,0.02,0.36,0.26
19118730,3.45,-11.61,0.82,30.85,-47.86,0.57,0.02,0.36,0.26
19154626,0.63,-8.59,0.08,4.78,-10.53,29.49,0.03,0.36,0.27
19166743,0.18,-8.27,-0.38,13.88,-17.95,32.38,0.03,0.36,0.27
19176887,-0.61,-7.65,-0.12,22.90,-17.89,35.05,0.04,0.36,0.28
19191920,-1.66,-6.69,0.91,31.11,-29.29,41.63,0.04,0.36,0.28
19201749,-0.90,-5.75,1.14,37.90,-48.00,43.60,0.05,0.35,0.28
19219765,0.23,-4.48,1.54,53.31,-64.72,48.03,0.05,0.35,0.28
19230445,1.56,-3.31,0.80,54.92,-71.64,46.54,0.06,0.35,0.29
19241040,1.44,-2.70,-0.60,52.48,-48.75,43.06,0.06,0.35,0.29
19263848,0.39,-2.22,-0.45,41.69,-35.21,28.24,0.07,0.35,0.30
19273383,0.52,-2.23,-0.57,35.43,-36.99,23.26,0.07,0.35,0.30
19290782,0.69,-1.57,-0.96,6.73,-44.41,12.68,0.08,0.34,0.31
19304696,0.04,-1.20,-1.19,-25.09,-35.56,5.67,0.09,0.33,0.31
19314068,-0.75,-1.87,-1.80,-42.37,-37.97,5.93,0.09,0.33,0.31
19325865,-1.75,-3.53,-2.59,-36.56,-42.62,9.35,0.09,0.33,0.31
19355757,-0.54,-5.55,0.69,-29.49,-65.85,19.00,0.10,0.34,0.31
19365815,0.16,-7.85,-1.84,-47.57,-72.34,20.04,0.10,0.34,0.31
19375517,-0.45,-11.78,-5.52,-19.37,-56.79,17.08,0.10,0.34,0.31
19402945,0.12,-11.52,-2.62,28.31,1.66,-13.16,0.12,0.34,0.30
19413572,0.50,-13.65,-2.04,13.32,2.35,-21.45,0.12,0.34,0.30
19425084,2.17,-16.88,-2.93,1.21,-21.39,-16.06,0.12,0.34,0.30
19440472,4.76,-16.77,-0.32,18.86,-29.79,10.64,0.11,0.34,0.30
19455785,13.38,-19.60,3.04,-13.68,13.62,37.93,0.12,0.34,0.31
19465424,9.32,-19.60,-6.33,-25.13,114.66,63.35,0.12,0.34,0.31
19476286,-3.32,-19.60,-13.84,-16.04,90.56,87.42,0.13,0.35,0.30
19487018,-6.89,-19.60,-9.63,53.82,22.18,73.09,0.13,0.35,0.30
19497230,-6.45,-16.27,-7.88,69.57,14.81,53.73,0.13,0.35,0.30
19507044,-8.01,-13.79,-8.21,63.56,-22.38,36.26,0.13,0.32,0.32
19521576,-3.38,-5.85,4.12,94.61,-104.40,3.27,0.13,0.32,0.32
19531334,5.37,-5.20,18.83,-21.25,-72.80,8.93,0.15,0.31,0.32
19560413,8.79,-19.60,-5.44,18.08,-39.08,55.23,0.14,0.28,0.37
19570784,8.12,-13.59,3.00,4.42,43.80,55.31,0.14,0.28,0.37
19579970,8.48,-8.89,-0.64,1.54,34.89,43.63,0.15,0.32,0.32
19589983,6.90,-5.95,0.57,-4.60,62.40,25.39,0.15,0.32,0.32
19600396,4.84,-7.52,0.43,-23.15,47.90,4.61,0.15,0.32,0.32
19610118,2.82,-10.52,-0.75,-8.83,39.89,-7.38,0.16,0.32,0.32
19619660,1.65,-11.28,-1.29,16.75,36.42,-17.81,0.16,0.32,0.32
19629254,-0.41,-9.50,-0.29,20.42,51.64,-22.30,0.16,0.32,0.32
19639094,-2.02,-7.16,0.83,-2.62,43.26,-26.97,0.16,0.32,0.32
19648475,-1.44,-6.59,1.66,-31.72,17.05,-30.12,0.16,0.32,0.32
19658252,-0.93,-6.67,1.17,-50.30,1.86,-32.85,0.15,0.32,0.31
19667788,-0.92,-6.87,0.89,-55.53,-10.82,-31.05,0.15,0.32,0.31
19677376,-1.05,-6.79,0.01,-52.12,-21.27,-29.35,0.14,0.33,0.31
19687687,-0.04,-6.65,-0.28,-49.11,-24.12,-30.16,0.14,0.33,0.31
19701609,0.94,-5.35,0.02,-49.55,-20.00,-32.77,0.14,0.34,0.30
19711692,1.73,-5.30,0.07,-49.13,-10.53,-37.16,0.14,0.34,0.30
19721606,1.57,-5.51,0.86,-45.16,-9.89,-44.86,0.14,0.34,0.30
19731192,1.57,-6.20,0.18,-43.43,-17.46,-51.57,0.12,0.34,0.30
19741365,1.87,-5.94,0.73,-34.84,-1.46,-55.70,0.12,0.34,0.30
19750816,2.31,-4.74,-0.41,-31.70,4.51,-54.76,0.13,0.34,0.28
19760201,3.27,-3.83,-0.01,-25.83,45.92,-40.96,0.13,0.34,0.28
19769782,3.41,-5.45,1.06,-27.51,78.46,-24.95,0.13,0.34,0.28
19781381,1.46,-8.33,1.20,-22.21,80.39,-19.49,0.10,0.35,0.30
19791340,0.93,-6.69,-0.15,-4.57,67.95,-19.88,0.10,0.35,0.30
19804344,0.33,-5.49,0.38,-3.82,78.87,-10.05,0.11,0.35,0.28
19814725,-0.20,-4.26,0.67,0.50,79.08,-4.30,0.11,0.35,0.28
19824504,-0.32,-4.16,1.33,-0.79,75.39,2.69,0.11,0.35,0.28
19833926,-1.26,-5.12,1.50,-4.76,62.69,9.39,0.09,0.35,0.28
19845725,-2.15,-5.84,-0.18,-0.65,40.54,22.60,0.09,0.35,0.28
19855710,-1.89,-5.99,-0.12,7.12,24.01,31.09,0.09,0.34,0.28
19870285,-1.60,-7.16,-1.08,16.27,0.37,37.70,0.09,0.34,0.28
19880292,-1.41,-8.37,-0.59,18.50,-1.64,38.44,0.09,0.34,0.29
19890723,-1.00,-8.92,0.30,18.46,-5.67,35.30,0.09,0.34,0.29
19900506,-0.05,-8.88,-0.43,15.02,-7.60,25.30,0.09,0.35,0.27
19912456,1.48,-8.99,-2.57,8.05,2.97,15.66,0.09,0.35,0.27
19925938,1.36,-7.71,-3.94,1.82,32.25,0.93,0.10,0.35,0.28
19935554,-0.20,-7.56,-3.94,-6.10,53.10,-2.21,0.10,0.35,0.28
19945894,-1.92,-7.97,-4.04,-17.89,66.33,-5.57,0.10,0.35,0.28
19955815,-3.09,-9.67,-3.97,-28.39,63.33,-10.42,0.10,0.35,0.30
19972651,-2.81,-12.31,-5.06,-42.14,40.94,-18.09,0.10,0.35,0.30
19983852,-1.76,-12.89,-4.85,-47.90,30.34,-22.73,0.09,0.36,0.28
20015578,1.89,-13.81,-4.64,-55.22,92.06,-18.33,0.08,0.36,0.27
20036479,-1.32,-18.73,6.75,-47.59,94.35,-36.63,0.06,0.37,0.26
20046137,-7.39,-17.38,6.14,-33.50,55.12,-55.88,0.06,0.37,0.26
20063702,2.75,-15.57,4.47,-18.04,-53.71,-67.35,0.04,0.35,0.25
20076442,2.84,-14.26,4.39,-9.91,-33.22,-66.26,0.04,0.37,0.24
20086716,2.64,-13.47,3.21,6.48,-7.47,-55.83,0.04,0.37,0.24
20115115,0.70,-14.23,3.80,47.93,-22.06,-31.72,0.04,0.37,0.25
20125935,0.05,-14.05,3.01,46.52,-36.85,-26.78,0.03,0.36,0.25
20135956,0.41,-14.11,2.92,50.66,-42.43,-19.70,0.03,0.36,0.25
20147280,1.32,-13.92,1.92,47.38,-43.44,-9.19,0.03,0.36,0.25
20157515,1.28,-14.54,1.10,42.76,-33.31,-1.06,0.03,0.36,0.26
20204058,-0.04,-9.92,0.57,2.46,1.44,25.20,0.04,0.33,0.27
20215977,-0.63,-8.96,0.44,-3.26,-7.53,32.24,0.04,0.33,0.27
20226468,-0.91,-8.74,-0.05,3.93,-18.02,39.38,0.04,0.35,0.27
20280866,-0.78,-4.10,0.70,54.75,-51.09,45.88,0.04,0.31,0.33
20293489,-0.79,-3.02,0.96,66.90,-52.01,52.06,0.04,0.31,0.33
20303948,-0.02,-3.06,0.92,71.14,-63.80,51.32,0.07,0.32,0.29
20315557,0.47,-1.94,0.07,68.79,-71.01,46.20,0.07,0.32,0.29
20326124,1.14,-1.45,-0.62,55.95,-59.16,42.71,0.10,0.33,0.29
20342685,1.52,-1.91,-0.57,26.45,-46.10,33.68,0.10,0.33,0.29
20352489,1.15,-2.55,-0.65,11.36,-40.10,27.00,0.11,0.33,0.31
20361944,1.20,-3.35,-1.36,-0.63,-36.42,21.04,0.11,0.33,0.31
20396757,-0.89,-4.69,-2.32,-4.73,-41.30,10.94,0.12,0.32,0.31
20410509,-1.48,-5.85,-2.67,21.47,-45.98,12.17,0.12,0.32,0.31
20421066,-1.20,-6.17,-1.50,39.05,-60.33,10.85,0.12,0.32,0.31
20430763,-0.46,-6.50,-0.91,38.50,-74.54,8.64,0.12,0.32,0.33
20440493,0.27,-7.43,-2.52,39.82,-73.36,3.46,0.12,0.32,0.33
20449850,1.19,-8.07,-2.90,42.42,-71.94,-0.44,0.14,0.31,0.31
20460878,2.10,-7.59,-3.89,37.72,-57.74,-6.33,0.14,0.31,0.31
20470272,2.82,-6.25,-3.53,15.37,-35.73,-13.25,0.14,0.31,0.31
20485767,3.88,-10.41,-5.46,-52.16,23.05,-21.59,0.14,0.31,0.31
20498091,3.63,-15.69,-4.93,-62.01,56.61,-8.35,0.14,0.31,0.31
20507918,2.22,-18.07,-3.94,-43.53,55.49,5.72,0.14,0.32,0.31
20520527,-1.23,-15.65,-4.84,-27.19,55.79,20.29,0.14,0.32,0.31
20530948,-3.17,-13.36,-5.90,-8.66,23.40,27.05,0.13,0.31,0.32
20540472,-3.25,-12.04,-7.38,6.89,-0.91,28.52,0.13,0.31,0.32
20550233,-3.32,-11.39,-8.11,13.36,-15.51,26.50,0.13,0.32,0.31
20561913,-5.12,-12.33,-10.00,4.08,-26.84,28.67,0.13,0.32,0.31
20575634,-6.71,-13.79,-8.78,29.62,-75.30,21.97,0.14,0.33,0.30
20585372,-0.61,-13.41,3.94,51.28,-113.43,5.28,0.14,0.33,0.30
20597958,10.84,-15.51,11.84,-12.55,-70.58,7.37,0.14,0.33,0.30
20609477,13.96,-19.60,-1.29,-85.62,30.92,49.50,0.15,0.32,0.30
20622654,8.61,-19.60,-3.11,25.42,38.44,59.74,0.15,0.32,0.30
20635542,-0.65,-12.01,-1.91,80.50,72.25,60.27,0.17,0.32,0.30
20645041,-4.99,-8.61,1.94,72.01,38.15,54.74,0.17,0.32,0.30
20654374,-2.07,-4.95,1.15,64.64,-4.64,37.27,0.16,0.29,0.32
20664619,2.65,-3.75,6.48,16.98,2.59,20.65,0.16,0.29,0.32
20675417,4.42,-8.02,3.77,-25.73,-21.74,7.18,0.17,0.31,0.32
20688325,5.14,-12.50,-0.14,-0.94,-21.23,-1.42,0.17,0.31,0.32
20701440,4.39,-14.28,0.55,26.35,18.50,0.57,0.17,0.31,0.33
20710780,3.66,-13.18,-0.13,28.70,29.59,1.93,0.17,0.31,0.33
20724284,2.71,-11.12,1.22,-6.97,35.64,-2.76,0.17,0.30,0.33
20733946,2.75,-10.82,-0.02,-26.32,33.63,-8.65,0.17,0.30,0.33
20745774,2.47,-10.45,-0.60,-20.74,34.69,-20.28,0.17,0.30,0.33
20755928,1.92,-9.76,-0.06,-12.83,37.91,-27.49,0.16,0.31,0.33
20765236,1.16,-8.89,0.09,-12.49,33.11,-32.42,0.16,0.31,0.33
20775077,1.62,-7.69,-0.18,-17.54,24.70,-39.80,0.15,0.32,0.32
20798137,1.32,-6.91,0.16,-45.37,26.31,-44.81,0.15,0.32,0.32
20807874,1.52,-6.27,-0.08,-47.85,27.95,-43.22,0.13,0.33,0.31
20817496,2.18,-5.74,-0.20,-49.02,30.68,-39.17,0.13,0.33,0.31
20830735,2.27,-4.73,0.48,-44.40,44.23,-35.88,0.11,0.33,0.30
20840400,2.15,-5.63,0.62,-48.59,55.50,-31.12,0.11,0.33,0.30
20849865,1.69,-5.83,1.39,-50.05,68.92,-26.41,0.11,0.32,0.29
20859665,0.38,-5.91,1.88,-51.12,38.54,-28.17,0.11,0.32,0.29
20871750,1.59,-5.16,0.01,-45.71,45.43,-21.02,0.11,0.32,0.29
20881387,1.56,-4.73,-0.38,-46.49,75.63,-14.50,0.10,0.34,0.29
20892360,1.36,-5.42,0.13,-46.56,83.18,-8.86,0.10,0.34,0.29
20905340,0.05,-5.84,0.45,-42.94,79.21,1.97,0.09,0.34,0.30
20914716,-0.86,-5.65,0.74,-38.94,71.13,9.41,0.09,0.34,0.30
20929094,-1.86,-5.78,0.59,-35.99,58.80,23.56,0.08,0.35,0.29
20939210,-1.65,-6.61,1.01,-28.81,40.89,22.86,0.08,0.35,0.29
20952681,-1.56,-5.75,0.70,-22.96,18.92,20.22,0.09,0.35,0.27
20962164,-1.08,-5.25,0.67,-18.81,5.47,22.46,0.09,0.35,0.27
20971582,-0.85,-5.36,0.41,-10.63,-6.04,26.84,0.09,0.35,0.27
20981762,-0.80,-6.07,-0.41,-3.65,-16.43,32.02,0.09,0.36,0.27
20996461,-0.68,-7.52,-0.45,8.53,-24.40,37.33,0.09,0.36,0.27
21007436,-0.13,-8.53,-0.86,14.45,-27.42,38.98,0.10,0.36,0.27
21017003,0.24,-9.75,-1.48,17.40,-15.46,38.85,0.10,0.36,0.27
21026751,0.90,-10.85,-1.94,20.55,2.93,34.40,0.11,0.35,0.27
21036942,1.14,-10.10,-2.62,22.01,28.25,28.42,0.11,0.35,0.27
21046487,0.97,-9.35,-2.03,18.51,45.10,22.60,0.11,0.35,0.27
21057971,0.06,-9.56,-2.64,6.82,56.48,12.33,0.11,0.35,0.28
21069698,-2.19,-9.69,-3.48,-4.18,61.56,-0.27,0.11,0.35,0.28
21079505,-3.32,-10.63,-4.86,-15.66,54.70,-14.41,0.11,0.32,0.28
21108476,1.09,-11.40,-6.79,-41.08,43.44,-15.68,0.10,0.36,0.27
21118676,1.08,-11.73,-6.74,-54.89,67.76,-18.52,0.10,0.36,0.27
21128353,0.72,-15.29,-1.74,-63.54,83.28,-29.05,0.08,0.36,0.29
21138718,0.21,-18.26,-0.00,-52.72,84.66,-47.65,0.08,0.36,0.29
21148170,-6.19,-19.05,4.19,-41.47,87.02,-66.21,0.05,0.36,0.25
21158539,-7.70,-18.32,5.18,-25.93,49.23,-79.21,0.07,0.36,0.25
21168703,-0.40,-16.79,3.72,-23.66,-17.78,-88.11,0.07,0.36,0.25
21181889,3.29,-15.04,2.95,-33.77,-66.29,-83.64,0.04,0.37,0.28
21193869,5.18,-12.09,2.48,-23.56,-33.31,-69.40,0.04,0.37,0.28
21206714,4.65,-12.76,2.76,-2.56,26.94,-52.93,0.04,0.37,0.25
21216045,3.29,-14.08,4.01,7.38,25.75,-43.72,0.04,0.37,0.25
21227281,-0.21,-15.78,3.95,30.89,-0.68,-44.83,0.03,0.37,0.24
21237145,-0.38,-15.17,3.19,36.89,-25.03,-37.70,0.03,0.37,0.24
21246987,-0.83,-15.79,2.73,41.41,-34.90,-28.32,0.03,0.37,0.24
21256422,0.10,-16.05,2.05,40.40,-44.67,-20.81,0.02,0.36,0.25
21266288,1.18,-15.89,0.46,38.96,-45.29,-11.15,0.02,0.36,0.25
21275722,1.52,-15.39,0.62,43.69,-29.54,-3.39,0.02,0.35,0.25
21285072,1.60,-13.87,0.66,40.75,-23.87,2.84,0.02,0.35,0.25
21300959,1.22,-11.41,0.60,31.63,-14.27,13.48,0.03,0.35,0.27
21310505,0.72,-10.01,1.36,18.19,-11.66,21.50,0.03,0.35,0.27
21322321,0.50,-9.29,1.23,0.39,-18.01,32.81,0.03,0.35,0.27
21332477,-0.07,-8.83,0.50,-3.31,-22.22,39.47,0.04,0.34,0.28
21344120,0.08,-7.96,0.44,2.24,-23.49,44.80,0.04,0.34,0.28
21353909,0.15,-6.84,0.47,10.56,-26.84,47.80,0.04,0.34,0.26
21363629,0.37,-6.81,-0.30,17.39,-30.55,50.17,0.04,0.34,0.26
21374914,-0.16,-6.54,0.86,32.09,-31.09,53.31,0.05,0.35,0.28
21385391,-0.40,-4.91,0.92,44.83,-38.18,52.40,0.05,0.35,0.28
21405679,0.08,-2.71,0.53,61.54,-38.48,51.45,0.07,0.34,0.28
21417161,0.28,-2.69,0.66,64.40,-37.98,49.89,0.07,0.34,0.28
21427736,-0.00,-2.89,0.29,66.92,-39.56,49.88,0.06,0.33,0.29
21442763,0.30,-3.09,-0.32,60.18,-39.08,38.33,0.06,0.33,0.29
21452663,0.64,-3.21,-0.34,41.18,-36.52,32.99,0.08,0.33,0.30
21463005,0.49,-3.58,-0.35,22.69,-28.98,27.49,0.08,0.33,0.30
21473025,0.33,-3.96,-0.67,11.28,-29.82,22.97,0.10,0.33,0.30
21487994,0.42,-3.36,-0.12,-3.22,-24.13,17.63,0.10,0.33,0.30
21500972,0.08,-4.45,-0.99,-15.99,-25.66,11.86,0.10,0.33,0.30
21510612,-0.78,-4.32,-1.62,-4.47,-29.46,5.81,0.10,0.33,0.30
21523762,-0.85,-5.03,-2.24,8.19,-37.76,8.02,0.10,0.33,0.31
21533543,-0.60,-4.55,-1.67,13.77,-39.05,7.95,0.10,0.33,0.31
21547688,-0.18,-5.66,-2.13,16.14,-36.83,4.05,0.12,0.33,0.31
21575774,1.78,-8.41,-3.14,43.81,-27.48,-6.36,0.12,0.33,0.31
21630471,0.60,-16.32,-4.01,-19.33,12.32,-7.90,0.12,0.32,0.33
21651246,-0.80,-13.57,-7.18,-10.89,-2.84,20.90,0.11,0.33,0.31
21660713,-0.57,-12.22,-7.14,1.50,-15.84,26.47,0.11,0.33,0.31
21681853,-2.40,-11.64,-9.96,2.56,-28.20,34.68,0.12,0.33,0.31
21692727,-4.88,-12.26,-10.56,15.02,-53.65,35.21,0.12,0.33,0.31
21704993,-2.22,-11.76,-4.52,53.76,-104.07,22.92,0.12,0.33,0.30
21714382,4.62,-13.62,10.63,84.65,-127.90,10.69,0.12,0.33,0.30
21724550,10.54,-18.48,11.97,50.30,-48.71,33.73,0.14,0.32,0.31
21733922,13.18,-19.60,1.37,-8.67,31.25,57.69,0.14,0.32,0.31
21748714,10.59,-15.28,-3.25,-11.91,34.11,72.16,0.15,0.32,0.31
21758299,1.83,-7.80,-2.70,27.11,82.01,68.17,0.15,0.32,0.31
21769553,-3.46,-8.44,-2.33,17.16,57.01,56.98,0.15,0.32,0.31
21779401,-2.67,-11.34,-0.27,32.90,37.50,46.86,0.14,0.32,0.31
21788914,0.42,-9.20,2.82,67.44,49.34,26.96,0.14,0.32,0.31
21798678,2.31,-8.25,3.27,22.60,19.24,3.38,0.15,0.31,0.32
21808213,3.44,-11.05,0.84,13.74,14.81,-12.81,0.15,0.31,0.32
21817672,3.31,-11.22,-0.37,5.44,16.19,-19.92,0.15,0.31,0.32
21828771,2.62,-13.66,-1.63,3.10,20.94,-19.99,0.13,0.31,0.33
21839193,2.20,-12.93,-0.88,9.08,30.88,-15.86,0.13,0.31,0.33
21853885,1.58,-10.11,-0.09,-14.74,28.40,-13.55,0.14,0.29,0.35
21863825,1.72,-10.21,-0.02,-29.86,21.21,-16.45,0.14,0.29,0.35
21873455,1.27,-10.41,-0.66,-26.58,19.55,-23.93,0.13,0.32,0.32
21887822,1.38,-9.16,-0.37,-19.48,20.13,-35.11,0.13,0.32,0.32
21897839,1.25,-8.02,0.01,-21.03,25.14,-41.83,0.12,0.31,0.32
21909712,1.40,-7.13,0.80,-34.79,22.19,-47.28,0.12,0.31,0.32
21920979,1.76,-6.14,0.07,-46.35,20.97,-48.70,0.12,0.31,0.32
21930387,2.16,-6.14,0.29,-54.15,26.07,-44.73,0.11,0.32,0.32
21941119,2.39,-5.90,-0.58,-53.35,37.90,-34.62,0.11,0.32,0.32
21954250,2.53,-6.86,0.57,-55.90,53.44,-27.03,0.10,0.32,0.31
21963790,1.19,-6.34,1.57,-51.92,54.82,-25.75,0.10,0.32,0.31
21973260,0.85,-5.68,0.75,-47.39,33.28,-28.29,0.10,0.33,0.32
21983297,1.51,-5.17,-0.43,-46.10,63.90,-24.28,0.10,0.33,0.32
21993009,0.65,-5.55,0.65,-46.18,92.70,-17.50,0.10,0.33,0.32
22002496,0.23,-6.26,1.31,-42.34,90.86,-11.13,0.09,0.32,0.32
22016506,-0.52,-5.74,0.50,-30.64,84.86,0.44,0.09,0.32,0.32
22026493,-0.55,-5.57,0.90,-26.51,72.90,13.09,0.07,0.34,0.30
22036132,-0.66,-6.20,0.57,-26.00,57.31,25.68,0.07,0.34,0.30
22046066,-1.50,-6.84,-0.08,-20.10,45.71,33.17,0.07,0.34,0.26
22056418,-2.05,-6.51,-0.39,-14.97,39.99,36.56,0.07,0.34,0.29
22065761,-2.24,-5.53,0.39,-14.49,29.74,36.00,0.07,0.34,0.29
22077385,-1.81,-5.04,1.01,-20.87,7.81,33.50,0.08,0.34,0.29
22087195,-1.04,-4.90,-0.02,-21.99,-10.92,31.25,0.08,0.34,0.29
22096685,-0.47,-5.47,-0.03,-20.41,-19.22,33.18,0.08,0.34,0.28
22106670,-0.50,-5.69,-0.45,-19.55,-25.05,34.76,0.08,0.34,0.28
22116029,-0.93,-6.29,-0.92,-17.35,-25.21,36.89,0.08,0.34,0.28
22125470,-1.14,-7.22,-1.35,-11.78,-24.75,39.05,0.08,0.36,0.28
22134749,-0.92,-8.17,-1.66,-3.83,-22.84,40.40,0.08,0.36,0.28
22144225,-0.30,-8.97,-1.71,1.37,-13.69,40.80,0.08,0.36,0.28
22157661,0.59,-10.32,-1.73,4.56,-0.87,35.46,0.09,0.36,0.28
22167264,0.73,-10.36,-2.79,4.53,10.75,28.11,0.09,0.36,0.28
22178762,0.08,-9.70,-2.99,-0.43,28.47,21.20,0.10,0.32,0.28
22187950,-0.98,-9.18,-2.43,-4.89,38.97,15.45,0.10,0.32,0.28
22197242,-2.41,-9.58,-1.77,-11.09,42.94,5.27,0.09,0.34,0.27
22207486,-2.67,-10.51,-2.40,-20.57,33.69,-14.09,0.09,0.34,0.27
22217204,-0.93,-11.57,-4.75,-32.34,13.69,-27.46,0.09,0.34,0.27
22227380,1.18,-12.15,-6.14,-39.22,8.09,-34.12,0.08,0.35,0.28
22240746,1.98,-12.18,-5.88,-43.78,28.36,-32.44,0.08,0.35,0.28
22250129,2.13,-12.13,-5.26,-48.36,50.92,-25.73,0.08,0.35,0.26
22261332,1.26,-11.82,-4.80,-55.66,83.64,-19.92,0.08,0.35,0.26
22271290,-0.43,-12.79,-2.89,-67.38,105.87,-20.27,0.07,0.36,0.25
22281888,-1.06,-15.15,0.87,-70.31,105.53,-29.08,0.07,0.36,0.25
22291156,-3.31,-17.18,5.41,-55.40,88.13,-42.31,0.07,0.36,0.25
22300682,-6.67,-16.90,6.39,-38.21,56.28,-60.54,0.04,0.37,0.24
22310070,-1.38,-16.28,6.73,-32.28,-54.44,-72.06,0.04,0.37,0.24
22319790,2.10,-14.82,5.02,-11.80,-58.97,-74.65,0.04,0.37,0.24
22329213,2.30,-14.98,3.91,-20.07,-81.42,-70.47,0.04,0.37,0.24
22340015,2.51,-13.95,2.54,5.48,-51.68,-63.37,0.04,0.37,0.24
22350168,2.33,-12.89,1.14,13.24,-16.10,-51.00,0.02,0.37,0.23
22363076,1.49,-14.35,4.09,39.33,-26.64,-33.15,0.02,0.37,0.23
22374498,0.87,-14.87,4.42,48.20,-35.55,-24.01,0.03,0.37,0.24
22383950,0.78,-15.12,3.95,50.93,-48.55,-19.44,0.03,0.37,0.24
22393843,0.97,-15.34,2.97,55.83,-48.24,-16.62,0.03,0.37,0.24
22410846,1.07,-14.94,1.61,57.01,-43.73,-8.39,0.04,0.36,0.25
22422709,1.93,-13.61,-0.22,55.12,-31.45,0.11,0.03,0.35,0.27
22432690,1.83,-13.22,-0.60,51.44,-13.52,12.34,0.03,0.35,0.27
22441949,1.44,-12.80,-0.21,47.41,-1.37,20.41,0.03,0.35,0.27
22451344,0.81,-11.75,-0.18,42.18,-0.19,25.98,0.03,0.33,0.28
22464947,-0.15,-10.64,-0.11,34.15,-5.99,31.24,0.03,0.33,0.28
22474790,-1.16,-10.00,-0.11,31.53,-12.11,34.00,0.04,0.34,0.28
22488298,-1.67,-9.05,-0.04,34.76,-30.71,34.31,0.04,0.34,0.28
22497895,-1.62,-7.95,-0.10,37.35,-39.40,33.01,0.06,0.34,0.28
22507211,-1.17,-6.85,-0.09,37.76,-47.16,32.82,0.06,0.34,0.28
22516565,-1.04,-6.10,0.14,38.40,-46.32,33.34,0.06,0.34,0.28
22533803,-0.94,-4.72,1.19,47.15,-66.42,36.03,0.07,0.34,0.30
22544490,-0.39,-4.17,1.08,55.76,-74.09,39.81,0.07,0.34,0.30
22554548,0.19,-3.15,1.25,62.19,-82.69,40.98,0.08,0.33,0.30
22569494,1.13,-1.60,0.23,59.75,-86.41,37.48,0.08,0.33,0.30
22579296,2.03,-1.63,-0.74,47.60,-80.79,33.70,0.09,0.32,0.31
22590533,2.62,-1.85,-1.46,30.40,-60.21,31.22,0.09,0.32,0.31
22603413,2.29,-3.28,-1.21,16.00,-39.64,29.06,0.11,0.32,0.31
22616016,1.32,-3.00,-0.22,6.77,-31.23,26.95,0.11,0.32,0.31
22647207,-0.82,-4.79,-1.51,-11.45,-32.96,12.85,0.11,0.32,0.31
22661986,-0.27,-3.76,-0.03,-13.12,-45.65,9.73,0.11,0.32,0.31
22673447,-0.51,-4.07,-1.89,-19.51,-47.51,6.94,0.12,0.32,0.31
22683744,-1.06,-5.22,-2.37,-5.36,-44.26,6.24,0.12,0.32,0.31
22698502,1.19,-6.08,1.19,3.68,-41.62,4.60,0.13,0.31,0.31
22711146,1.83,-7.84,-2.58,-24.47,-53.79,-1.26,0.13,0.31,0.31
22722687,2.28,-10.93,-8.35,-8.60,-32.63,-3.22,0.13,0.32,0.30
22738272,1.61,-11.39,-4.64,35.10,10.99,-5.50,0.13,0.32,0.30
22761601,0.30,-11.46,-2.71,-21.73,33.17,-15.44,0.14,0.32,0.32
22773605,-0.91,-14.05,-4.06,-39.46,28.32,-1.94,0.13,0.32,0.31
22803328,-2.84,-13.35,-7.45,-0.25,0.48,22.72,0.13,0.32,0.30
22817002,-3.88,-12.10,-8.03,8.60,-15.85,18.42,0.13,0.32,0.30
22869619,14.75,-19.60,-2.48,-42.34,59.21,59.40,0.14,0.32,0.31
22880597,11.03,-19.23,-0.12,1.36,48.39,58.71,0.16,0.32,0.29
22902122,-0.97,-9.25,-0.78,30.96,64.57,54.69,0.16,0.31,0.31
22911534,-3.01,-8.41,1.07,36.91,31.09,44.34,0.16,0.31,0.31
22921503,-0.03,-5.92,-0.46,59.75,9.46,22.58,0.16,0.31,0.32
22942270,3.26,-7.87,3.45,-8.23,14.61,-12.31,0.16,0.31,0.32
22957906,3.75,-12.77,-0.04,-11.77,16.71,-15.83,0.16,0.31,0.32
22967577,2.92,-15.06,-1.19,-5.86,24.93,-8.93,0.16,0.31,0.32
22977988,2.60,-14.10,-0.55,9.53,37.48,0.35,0.15,0.31,0.31
22987712,2.62,-12.21,-0.24,-1.13,43.73,3.16,0.15,0.31,0.31
22997274,2.29,-10.49,0.98,-18.41,48.01,-0.65,0.15,0.31,0.31
23007229,2.28,-10.69,0.22,-31.77,44.92,-7.44,0.15,0.31,0.31
23016653,1.90,-10.64,0.05,-26.87,45.33,-15.99,0.15,0.31,0.31
23027371,1.53,-9.51,0.30,-22.73,46.13,-24.78,0.14,0.31,0.31
23037004,1.32,-8.81,0.45,-22.88,41.64,-34.35,0.14,0.31,0.31
23046375,1.53,-7.60,0.68,-33.35,33.74,-42.53,0.12,0.32,0.31
23058359,1.58,-6.01,0.44,-52.46,29.80,-44.09,0.12,0.32,0.31
23067713,1.70,-5.98,-0.48,-62.90,27.70,-43.22,0.12,0.32,0.31
23080530,2.37,-5.45,-0.76,-66.11,36.08,-34.47,0.12,0.33,0.30
23090526,3.14,-6.92,-0.76,-65.95,46.25,-27.97,0.12,0.33,0.30
23099876,2.13,-7.15,0.37,-58.92,54.66,-23.18,0.11,0.33,0.29
23109867,1.11,-5.52,-0.45,-50.53,66.85,-21.46,0.11,0.33,0.29
23119806,0.44,-5.06,0.75,-47.07,83.12,-21.87,0.10,0.33,0.27
23129631,-0.22,-5.36,1.72,-41.50,78.29,-21.44,0.10,0.33,0.27
23139366,-0.51,-5.31,1.25,-35.67,75.43,-19.15,0.10,0.33,0.27
23149045,-0.81,-5.42,0.97,-30.81,74.51,-14.92,0.07,0.35,0.29
23158570,-0.77,-5.62,1.77,-43.48,63.24,-5.84,0.07,0.35,0.29
23168505,0.08,-8.13,0.91,-38.12,49.91,-0.34,0.07,0.35,0.29
23181408,-0.38,-7.84,-0.64,-26.92,41.86,11.70,0.07,0.36,0.27
23191656,-0.60,-6.98,-0.33,-17.53,43.29,16.81,0.07,0.36,0.27
23203344,-0.61,-6.26,0.33,-11.18,36.64,20.49,0.07,0.35,0.26
23214641,-0.68,-5.54,-0.02,-10.68,23.44,24.08,0.07,0.35,0.26
23228114,-1.26,-5.52,0.24,-5.61,12.81,27.17,0.08,0.36,0.27
23241697,-1.13,-5.22,0.53,-5.65,2.03,30.34,0.08,0.36,0.27
23251450,-1.14,-6.61,0.41,-6.89,-13.98,33.15,0.07,0.35,0.25
23260955,-0.56,-7.29,-0.56,-7.30,-31.24,33.11,0.07,0.35,0.25
23270632,-0.25,-7.90,-0.49,-3.14,-34.66,33.29,0.08,0.36,0.26
23283875,-0.12,-9.00,-0.62,7.79,-33.17,35.60,0.08,0.36,0.26
23293595,0.58,-9.79,-1.79,7.13,-31.91,34.48,0.08,0.36,0.26
23305461,0.39,-9.78,-3.05,8.50,4.93,26.55,0.09,0.36,0.25
23314847,-0.14,-9.35,-3.13,4.19,31.57,22.16,0.09,0.36,0.25
23324632,-0.37,-8.63,-1.92,-3.13,50.68,18.68,0.09,0.36,0.26
23334476,-0.79,-8.44,-1.11,-7.09,53.34,16.12,0.09,0.36,0.26
23344549,-2.60,-9.69,-1.17,-13.18,56.74,9.18,0.10,0.36,0.25
23354012,-2.69,-11.41,-2.77,-19.79,37.86,-6.05,0.10,0.36,0.25
23364641,-0.58,-12.56,-4.83,-28.75,19.44,-19.10,0.10,0.36,0.25
23373989,1.62,-12.56,-5.82,-34.29,13.91,-22.08,0.09,0.35,0.26
23387419,2.47,-12.81,-5.55,-35.54,50.33,-14.59,0.09,0.35,0.26
23401060,1.14,-12.41,-4.16,-36.14,92.66,-8.37,0.06,0.37,0.28
23414405,-1.38,-12.19,-2.81,-48.32,128.79,-5.69,0.06,0.37,0.28
23424301,-1.42,-14.33,-0.60,-47.17,139.61,-17.78,0.06,0.37,0.27
23447888,-5.35,-15.90,8.59,-9.24,73.78,-61.89,0.04,0.37,0.22
23457857,0.43,-16.96,5.96,-11.12,-81.23,-82.02,0.04,0.37,0.22
23468615,3.38,-14.19,4.19,-33.74,-111.28,-77.67,0.04,0.37,0.22
23480840,3.60,-13.19,2.67,-5.53,-51.79,-70.64,0.04,0.37,0.23
23494060,3.43,-10.37,2.14,4.79,-51.00,-57.54,0.04,0.36,0.24
23504113,2.12,-12.36,2.23,17.40,-34.08,-47.49,0.04,0.36,0.24
23515910,0.67,-14.20,4.35,52.02,-9.60,-38.97,0.04,0.36,0.24
23528173,-1.10,-14.02,3.26,53.49,-20.12,-33.11,0.03,0.36,0.24
23541275,-0.74,-14.60,2.13,54.49,-33.11,-27.53,0.03,0.36,0.24
23553874,0.22,-15.57,1.97,57.43,-34.59,-17.99,0.02,0.35,0.25
23563271,1.09,-15.56,0.03,51.83,-41.54,-15.86,0.02,0.35,0.25
23573247,1.21,-14.62,0.35,54.80,-30.98,-12.08,0.03,0.35,0.27
23582509,0.93,-13.56,0.54,51.28,-25.72,-5.47,0.03,0.35,0.27
23592944,0.96,-12.94,0.43,44.76,-26.45,2.72,0.03,0.35,0.27
23602713,0.98,-12.12,0.80,39.68,-26.36,11.36,0.03,0.34,0.28
23612755,0.56,-10.79,0.79,29.01,-27.90,20.41,0.03,0.34,0.28
23629314,-0.25,-9.58,-0.01,12.42,-29.30,28.87,0.05,0.34,0.27
23639551,-0.49,-9.29,-0.20,15.71,-28.08,32.91,0.05,0.34,0.27
23651326,-0.99,-8.37,0.05,21.80,-33.29,37.03,0.02,0.34,0.30
23689228,-0.60,-4.46,1.46,38.40,-72.00,42.44,0.04,0.33,0.27
23736971,1.59,-2.29,-0.74,48.91,-72.79,34.12,0.08,0.33,0.30
23746829,1.97,-2.52,-1.28,38.00,-62.94,30.69,0.10,0.32,0.31
23760607,1.16,-3.00,-1.07,26.62,-44.28,27.59,0.10,0.32,0.31
23773252,0.59,-4.00,-1.74,21.00,-35.84,21.12,0.10,0.29,0.29
23782650,0.21,-4.67,-1.29,20.21,-29.07,14.77,0.10,0.29,0.29
23796160,-0.65,-4.87,-1.29,16.12,-34.03,6.84,0.12,0.30,0.31
23806179,-0.95,-4.93,-1.55,9.82,-39.61,0.31,0.12,0.30,0.31
23817349,-1.05,-4.59,-2.05,13.31,-39.28,-4.53,0.12,0.30,0.31
23826939,-1.16,-4.39,-2.44,17.49,-43.24,-7.63,0.12,0.31,0.30
23865662,2.23,-6.81,-1.10,-9.47,-74.83,-6.22,0.12,0.28,0.31
23891408,2.69,-13.83,-4.44,-15.80,13.91,-3.88,0.12,0.30,0.31
23903468,1.54,-15.96,-2.47,-13.08,34.62,-2.75,0.13,0.31,0.31
23929868,1.02,-12.48,-5.70,6.57,9.04,19.42,0.13,0.30,0.31
23939598,0.53,-10.58,-5.98,15.72,15.11,23.36,0.13,0.30,0.31
23949120,-0.96,-10.83,-6.27,11.06,16.56,21.89,0.13,0.27,0.31
23959535,-2.89,-11.51,-7.06,11.34,15.05,20.86,0.13,0.27,0.31
23969093,-3.91,-11.82,-7.40,11.08,-1.86,19.69,0.13,0.30,0.30
23979280,-4.27,-11.94,-7.95,9.41,-20.54,18.37,0.13,0.30,0.30
23989762,-5.50,-11.42,-10.09,3.08,-40.71,16.40,0.13,0.30,0.30
24002047,-5.57,-10.51,-9.99,27.11,-75.25,7.69,0.13,0.30,0.30
24011915,-2.35,-9.31,-5.39,51.21,-110.69,-2.67,0.13,0.30,0.30
24021495,5.43,-11.99,7.17,84.77,-131.34,-7.56,0.15,0.29,0.31
24031052,11.76,-13.76,13.20,29.28,-103.35,14.63,0.15,0.29,0.31
24041005,11.57,-19.60,0.94,-111.22,25.25,73.96,0.15,0.29,0.31
24051010,13.73,-19.60,8.32,-90.28,35.18,97.96,0.15,0.29,0.30
24066567,7.03,-4.90,1.69,61.54,88.96,86.33,0.15,0.29,0.30
24077143,2.32,-6.35,-3.63,20.62,77.83,68.19,0.16,0.30,0.32
24089087,-0.82,-11.93,-0.38,11.25,72.40,40.80,0.16,0.30,0.32
24103915,0.40,-5.81,1.28,68.11,65.02,-2.92,0.14,0.29,0.31
24114080,1.42,-7.53,2.66,15.17,37.91,-26.44,0.14,0.29,0.31
24124048,2.65,-10.40,-1.34,3.71,25.16,-39.89,0.13,0.27,0.34
24133956,1.02,-16.27,-3.41,22.38,12.53,-39.01,0.13,0.27,0.34
24143893,0.88,-16.94,-0.17,85.97,31.50,-32.17,0.14,0.27,0.32
24154317,-0.21,-8.53,2.40,40.19,37.36,-25.21,0.14,0.27,0.32
24174098,0.69,-13.02,1.17,5.50,14.43,-21.80,0.13,0.26,0.33
24183692,0.36,-10.33,-1.29,1.87,3.05,-19.45,0.13,0.26,0.33
24193232,1.03,-8.78,0.69,-4.67,16.20,-23.69,0.13,0.28,0.32
24206955,1.38,-7.48,0.99,-22.09,-4.09,-32.07,0.13,0.28,0.32
24217007,1.86,-6.64,0.20,-31.64,2.64,-34.96,0.13,0.28,0.32
24226905,2.28,-6.79,0.40,-40.39,13.08,-30.57,0.13,0.28,0.32
24237095,2.72,-7.59,-0.19,-45.86,23.84,-24.78,0.13,0.28,0.32
24246833,3.11,-8.41,0.47,-46.70,31.89,-20.84,0.13,0.29,0.31
24256389,3.41,-8.66,0.26,-42.39,34.90,-16.10,0.13,0.29,0.31
24265899,3.36,-7.73,-0.36,-37.05,46.68,-12.32,0.13,0.29,0.31
24275768,2.92,-7.14,-0.43,-30.17,57.48,-12.34,0.12,0.29,0.31
24288517,2.93,-6.75,-0.35,-23.34,85.82,-7.43,0.12,0.29,0.31
24298471,2.66,-6.29,-0.15,-22.31,107.50,-3.00,0.11,0.29,0.31
24309875,1.08,-5.90,0.37,-24.53,123.15,3.30,0.11,0.29,0.31
24320626,0.13,-6.15,0.84,-27.06,121.93,9.97,0.09,0.30,0.31
24331381,-0.66,-6.49,0.32,-24.60,115.10,21.59,0.09,0.30,0.31
24341730,-0.78,-6.46,0.00,-19.90,105.71,32.59,0.09,0.30,0.31
24351212,-1.18,-6.54,-0.64,-19.41,98.44,40.13,0.08,0.30,0.29
24361089,-1.29,-7.08,-0.82,-17.04,90.43,45.66,0.08,0.30,0.29
24377535,-1.99,-6.94,-1.01,-11.12,72.21,45.44,0.08,0.30,0.29
24390877,-2.61,-7.37,-1.80,-9.06,61.30,44.67,0.08,0.30,0.29
24404738,-3.09,-7.27,-2.01,-5.85,46.93,44.64,0.07,0.30,0.28
24415501,-3.17,-7.68,-2.51,-5.35,37.44,44.74,0.07,0.30,0.28
24425163,-3.01,-8.29,-2.46,-3.28,26.31,44.70,0.07,0.31,0.29
24434451,-2.93,-8.63,-2.34,-0.48,9.67,42.75,0.07,0.31,0.29
24443936,-2.68,-8.94,-2.05,0.47,-7.70,39.26,0.08,0.31,0.27
24453313,-2.33,-9.14,-1.68,4.31,-24.95,31.96,0.08,0.31,0.27
24462616,-1.53,-8.69,-1.91,2.99,-33.43,27.95,0.08,0.31,0.27
24476287,0.20,-7.94,-2.36,-1.54,-29.17,18.98,0.08,0.28,0.30
24485639,0.80,-7.20,-2.27,-6.61,-17.80,15.36,0.08,0.28,0.30
24494995,1.00,-7.41,-1.30,-11.83,-7.46,11.42,0.08,0.30,0.28
24504361,1.79,-7.56,-1.36,-18.68,-5.04,8.71,0.08,0.30,0.28
24514342,2.19,-8.25,-1.19,-24.60,4.45,6.60,0.08,0.30,0.28
24524172,1.79,-9.12,-1.47,-25.66,16.11,4.78,0.08,0.30,0.28
24533494,1.41,-9.67,-1.20,-23.61,22.97,-0.04,0.08,0.30,0.28
24542953,1.98,-9.85,-1.75,-21.02,29.65,-7.73,0.08,0.31,0.28
24552454,2.65,-9.82,-2.22,-19.99,41.12,-14.88,0.08,0.31,0.28
24561872,3.77,-9.89,-2.74,-19.24,54.60,-20.64,0.08,0.31,0.28
24573057,4.52,-8.87,-3.65,-23.73,80.43,-22.44,0.07,0.31,0.28
24582474,3.87,-8.32,-3.88,-39.99,105.42,-22.57,0.07,0.31,0.28
24592315,2.45,-8.89,-2.18,-60.32,116.70,-26.76,0.06,0.30,0.26
24601826,0.94,-12.78,3.44,-53.42,101.86,-34.01,0.06,0.30,0.26
24615079,-0.53,-17.88,2.32,-16.86,61.33,-45.24,0.06,0.30,0.26
24625272,-3.77,-19.60,0.75,7.40,56.73,-58.61,0.04,0.31,0.25
24636312,-2.06,-18.55,2.80,43.48,30.37,-67.49,0.04,0.31,0.25
24645920,-1.06,-14.27,3.20,37.07,-19.51,-72.09,0.03,0.30,0.25
24656501,0.31,-11.08,0.89,11.12,-68.57,-69.33,0.03,0.30,0.25
24665982,2.99,-10.00,2.06,7.44,-72.02,-63.15,0.03,0.30,0.25
24675885,5.04,-10.88,2.41,8.45,-66.54,-53.72,0.03,0.30,0.26
24685442,5.53,-12.24,1.62,15.35,-41.50,-48.42,0.03,0.30,0.26
24694933,4.96,-14.15,0.88,20.23,-20.68,-41.56,0.02,0.30,0.28
24704733,4.88,-16.29,0.12,25.81,0.60,-33.35,0.02,0.30,0.28
24718135,2.84,-17.39,-0.38,34.69,13.94,-19.90,0.01,0.28,0.27
24727840,2.01,-16.33,-0.65,41.50,15.05,-3.79,0.01,0.28,0.27
24739842,0.93,-15.15,-0.30,49.48,5.24,10.27,0.01,0.28,0.27
24754339,-0.22,-12.24,0.41,45.52,-3.15,15.98,0.02,0.29,0.27
24777319,0.67,-9.99,0.41,26.28,-10.85,23.80,0.02,0.28,0.27
24786735,0.88,-9.30,0.77,19.20,-13.48,27.34,0.02,0.28,0.27
24796173,0.66,-8.27,0.44,12.00,-15.23,28.10,0.02,0.26,0.27
24806425,0.33,-8.17,0.23,7.34,-17.62,29.64,0.02,0.26,0.27
24819548,0.80,-8.06,-0.19,2.44,-25.80,32.51,0.03,0.27,0.28
24832773,0.98,-8.04,-0.67,1.58,-27.51,36.37,0.03,0.27,0.28
24845020,1.73,-7.18,-0.10,0.62,-29.04,38.87,0.03,0.27,0.28
24854972,1.75,-7.26,-0.84,-5.15,-26.61,40.92,0.03,0.27,0.28
24867459,1.35,-7.33,-1.02,5.71,-20.03,41.33,0.05,0.27,0.27
24880293,1.08,-6.78,-0.85,10.49,-17.01,40.98,0.05,0.27,0.27
24890463,1.11,-6.55,-0.83,7.04,-13.23,40.37,0.05,0.27,0.27
24903499,0.56,-7.25,-1.00,-2.18,-7.81,39.63,0.05,0.27,0.29
24918102,0.47,-7.00,-0.62,-15.25,-6.32,37.49,0.05,0.27,0.28
24931594,-0.08,-7.89,-1.78,-24.60,-7.82,33.78,0.05,0.27,0.28
24947026,0.67,-7.92,-1.21,-20.75,-14.55,28.08,0.05,0.27,0.28
24956538,0.64,-8.62,-1.67,-12.94,-15.69,23.05,0.05,0.27,0.28
24965909,0.56,-8.95,-1.33,-1.65,-11.79,17.54,0.05,0.27,0.28
24976143,0.79,-8.99,-1.47,16.02,-12.99,10.46,0.06,0.28,0.27
24988283,1.34,-8.48,-1.55,24.92,-14.02,1.00,0.06,0.28,0.27
25000122,1.09,-8.38,-1.76,24.34,-9.38,-7.89,0.06,0.27,0.28
25011861,0.61,-8.65,-0.99,19.32,-11.47,-13.62,0.06,0.27,0.28
25029662,-0.08,-9.13,-2.04,2.66,-11.22,-16.85,0.06,0.27,0.28
25044733,-0.24,-8.77,-1.83,-1.87,-12.72,-19.22,0.05,0.26,0.28
25056590,-0.15,-8.23,-2.21,-15.57,-17.47,-19.42,0.05,0.26,0.28
25066013,-0.29,-8.18,-2.29,-23.07,-21.49,-20.06,0.05,0.26,0.29
25076797,-0.28,-7.95,-2.15,-26.15,-24.75,-20.97,0.05,0.26,0.29
25093291,0.24,-8.45,-0.95,-25.71,-29.44,-19.56,0.05,0.27,0.29
25108832,1.62,-9.17,0.11,-24.95,-34.05,-17.30,0.05,0.27,0.29
25118191,2.13,-10.75,-0.10,-18.06,-28.73,-14.22,0.05,0.26,0.28
25128969,2.68,-11.57,0.40,-5.76,-30.59,-8.46,0.05,0.26,0.28
25147077,3.35,-11.95,1.41,-14.24,-24.47,5.33,0.05,0.26,0.29
25162276,3.74,-11.91,1.11,-24.44,-14.42,13.64,0.05,0.26,0.29
25174375,3.52,-10.54,-0.04,-20.89,-6.84,14.31,0.04,0.26,0.28
25187763,3.32,-8.45,0.10,-15.99,2.31,12.02,0.04,0.26,0.28
25197567,2.61,-8.01,-0.14,-18.44,8.65,12.10,0.05,0.26,0.29
25208159,1.81,-8.43,-0.25,-16.95,12.16,13.01,0.05,0.26,0.29
25217791,1.31,-8.58,-0.12,-12.87,13.68,14.41,0.06,0.26,0.28
25230600,1.09,-8.50,0.05,-10.22,16.73,15.98,0.06,0.26,0.28
25240633,0.81,-8.51,0.44,-10.11,13.66,16.52,0.06,0.26,0.27
25250360,0.59,-8.89,0.30,-11.48,10.11,16.14,0.06,0.27,0.27
25259960,0.63,-9.37,0.44,-12.28,6.64,14.82,0.06,0.27,0.27
25269541,0.68,-9.57,0.41,-12.51,5.36,13.71,0.06,0.26,0.27
25279355,0.81,-9.83,0.06,-13.69,6.44,12.29,0.06,0.26,0.27
25289344,1.04,-9.97,0.11,-12.19,7.84,11.66,0.06,0.26,0.27
25298995,1.33,-9.86,0.09,-13.77,7.66,10.84,0.05,0.26,0.27
25308921,1.38,-10.05,-0.44,-14.74,9.94,10.74,0.05,0.26,0.27
25318697,1.30,-9.92,-0.39,-11.10,14.46,10.43,0.06,0.26,0.26
25332642,1.00,-9.85,-0.52,-9.92,14.51,8.15,0.06,0.26,0.26
25342888,0.86,-9.87,-0.57,-9.11,11.96,6.46,0.06,0.27,0.28
25353265,0.63,-9.89,-0.55,-5.46,14.60,5.99,0.06,0.27,0.28
25363362,0.55,-9.80,-0.62,-2.97,13.06,6.07,0.06,0.27,0.28
25372926,0.51,-9.70,-0.63,-1.29,12.98,7.50,0.05,0.27,0.27
25382477,0.52,-9.56,-0.54,-1.01,8.99,8.05,0.05,0.27,0.27
25392362,0.59,-9.45,-0.48,-2.93,8.75,8.82,0.05,0.26,0.27
25401904,0.54,-9.38,-0.42,-4.50,9.66,9.34,0.05,0.26,0.27
25411868,0.36,-9.41,-0.62,-6.62,8.04,9.55,0.05,0.26,0.27
25421888,0.24,-9.54,-0.64,-5.73,7.43,9.79,0.05,0.25,0.26
25435220,0.34,-9.56,-0.42,-5.78,4.68,10.18,0.05,0.25,0.26
25444860,0.30,-9.61,-0.57,-5.02,5.19,10.11,0.05,0.25,0.27
25455320,0.34,-9.72,-0.31,-4.35,4.44,9.86,0.05,0.25,0.27
25464799,0.56,-9.78,-0.54,-5.14,2.69,9.58,0.05,0.25,0.27
25474221,0.70,-9.88,-0.51,-4.09,-3.28,9.91,0.05,0.26,0.28
25483618,0.76,-9.86,-0.45,-2.76,-7.33,9.21,0.05,0.26,0.28
25494412,1.08,-9.75,-0.40,-2.98,-10.76,9.07,0.05,0.26,0.26
25504302,1.16,-9.65,-0.38,-4.52,-12.54,9.11,0.05,0.26,0.26
25514168,1.16,-9.63,-0.44,-3.88,-11.44,8.92,0.05,0.26,0.26
25523939,1.23,-9.49,-0.40,-3.28,-9.26,8.78,0.06,0.26,0.26
25537117,1.27,-9.50,-0.28,-4.03,-6.42,8.72,0.06,0.26,0.26
25547313,1.16,-9.45,-0.42,-4.24,-4.61,8.43,0.05,0.26,0.26
25557769,1.09,-9.54,-0.35,-3.56,-4.16,8.29,0.05,0.26,0.26
25567208,1.01,-9.56,-0.30,-3.00,-4.50,8.21,0.05,0.26,0.27
25576860,1.00,-9.58,-0.35,-3.61,-3.82,8.33,0.05,0.26,0.27
25586255,0.95,-9.54,-0.25,-3.87,-5.81,8.27,0.05,0.26,0.27
25596761,1.05,-9.57,-0.38,-4.23,-3.89,8.45,0.05,0.26,0.28
25606680,1.07,-9.61,-0.28,-4.77,-4.06,8.35,0.05,0.26,0.28
25616183,1.17,-9.58,-0.35,-5.00,-3.67,8.12,0.05,0.26,0.27
25625960,1.17,-9.70,-0.39,-4.53,-2.19,7.60,0.05,0.26,0.27
25639346,1.10,-9.65,-0.20,-4.24,-2.11,7.40,0.05,0.26,0.27
25648968,1.16,-9.66,-0.37,-4.45,-1.36,6.76,0.06,0.26,0.26
25661248,1.01,-9.79,-0.55,-4.42,-2.09,6.41,0.06,0.26,0.26
25671864,1.06,-9.62,-0.36,-2.60,-1.33,6.25,0.05,0.25,0.27
25681727,1.03,-9.52,-0.35,-3.95,-2.02,5.65,0.05,0.25,0.27
25691323,0.99,-9.63,-0.44,-5.11,-1.37,5.56,0.06,0.26,0.27
25709245,1.02,-9.59,-0.51,-4.72,-0.61,5.47,0.06,0.26,0.27
25719205,1.09,-9.90,-0.56,-1.55,2.50,5.02,0.06,0.26,0.27
25728771,1.03,-9.63,-0.49,0.04,2.90,4.77,0.06,0.26,0.27
25742809,0.97,-9.42,-0.33,-2.84,-1.50,5.28,0.06,0.26,0.27
25752455,0.95,-9.56,-0.64,-3.72,-1.22,5.84,0.06,0.26,0.27
25762561,0.93,-9.46,-0.52,-3.80,1.36,6.24,0.06,0.26,0.27
25772125,0.92,-9.60,-0.62,-3.66,2.58,6.82,0.06,0.26,0.27
25781523,0.97,-9.70,-0.65,-3.26,2.66,6.79,0.06,0.26,0.27
25792393,0.98,-9.95,-0.34,-7.13,4.74,5.81,0.06,0.26,0.26
25802000,1.05,-9.52,-0.49,-7.89,2.05,5.70,0.06,0.26,0.26
25811486,1.14,-9.57,-0.56,-8.31,1.69,6.62,0.06,0.26,0.26
25820954,1.07,-9.54,-0.40,-7.53,3.05,6.99,0.06,0.26,0.27
25830387,0.98,-9.66,-0.34,-4.27,1.27,6.35,0.06,0.26,0.27
25843783,1.26,-9.57,-0.30,-3.80,-2.70,6.38,0.06,0.27,0.26
25853944,1.16,-9.78,-0.51,-1.46,-2.98,5.46,0.06,0.27,0.26
25865064,1.06,-10.02,-0.62,3.15,-3.27,4.93,0.06,0.26,0.26
25875239,0.96,-9.96,-0.10,7.36,-6.07,2.89,0.06,0.26,0.26
25884694,1.38,-9.71,-0.41,2.35,-2.51,3.63,0.06,0.26,0.26
25894725,1.30,-9.20,-0.32,1.50,-1.37,4.30,0.06,0.25,0.26
25904659,1.26,-9.34,-0.41,2.39,1.00,3.95,0.06,0.25,0.26
25914921,1.36,-8.80,-0.39,2.90,2.48,3.16,0.06,0.27,0.26
25924861,1.29,-9.48,-0.33,-0.87,0.63,3.15,0.06,0.27,0.26
25934681,1.09,-9.94,-0.69,1.20,3.17,2.87,0.06,0.27,0.26
25947880,1.09,-9.61,-0.37,6.24,2.14,2.79,0.06,0.26,0.26
25957965,1.28,-9.64,-0.28,3.97,-1.12,3.26,0.06,0.26,0.26
25967987,1.30,-9.61,-0.56,3.85,1.69,3.47,0.06,0.26,0.27
25978295,1.54,-9.59,-0.59,2.16,1.17,3.22,0.06,0.26,0.27
25988121,1.25,-9.43,-0.54,2.11,1.90,3.78,0.06,0.26,0.27
25997725,0.93,-9.67,-0.54,0.88,0.88,3.84,0.06,0.26,0.27
26007626,0.97,-9.60,-0.87,1.63,-0.19,3.94,0.06,0.26,0.27
26017721,0.64,-9.57,-0.44,1.48,-2.16,3.19,0.06,0.27,0.26
26027186,0.72,-9.58,-0.63,0.18,-1.55,3.09,0.06,0.27,0.26
26037179,0.93,-9.62,-0.71,-0.31,0.42,3.59,0.06,0.27,0.26
26050230,0.90,-9.62,-0.65,-0.73,0.94,3.99,0.06,0.25,0.27
26060146,0.86,-9.53,-0.89,-1.29,0.58,4.39,0.06,0.25,0.27
26070284,0.77,-9.65,-0.69,-0.95,-6.75,3.80,0.07,0.26,0.27
26080063,0.77,-9.70,-0.63,0.33,-6.97,3.67,0.07,0.26,0.27
26090095,0.80,-9.65,-0.78,-0.60,-10.37,3.33,0.06,0.26,0.27
26100304,0.94,-9.49,-0.57,-0.03,-10.18,3.37,0.06,0.26,0.27
26110085,0.96,-9.67,-0.50,-0.22,-4.17,4.15,0.06,0.26,0.27
26119519,1.07,-9.60,-0.63,1.23,-1.35,2.31,0.06,0.26,0.27
26129477,1.12,-9.67,-0.60,2.56,-5.01,3.78,0.06,0.26,0.27
26139284,1.12,-9.64,-0.48,1.27,-8.31,3.97,0.06,0.26,0.27
26154882,1.34,-9.50,-0.42,1.74,-8.61,2.89,0.06,0.26,0.27
26164442,1.51,-9.65,-0.45,1.44,-7.26,2.72,0.06,0.26,0.26
26174221,1.29,-9.45,-0.23,0.92,-11.86,2.93,0.06,0.26,0.26
26184179,1.49,-9.50,-0.40,1.44,-4.45,3.36,0.06,0.26,0.26
26198939,1.66,-9.55,-0.43,-0.80,-0.78,3.59,0.07,0.25,0.27
26211697,1.38,-9.68,-0.58,1.23,5.29,4.03,0.07,0.25,0.27
26221526,1.38,-9.64,-0.47,0.31,6.46,4.25,0.07,0.26,0.27
26231020,1.26,-9.53,-0.50,1.07,6.08,4.06,0.07,0.26,0.27
26240818,1.27,-9.72,-0.47,0.92,7.18,4.09,0.06,0.25,0.28
26254440,1.16,-9.61,-0.47,1.89,7.34,4.30,0.06,0.25,0.28
26264081,1.23,-9.73,-0.39,1.41,6.92,4.38,0.06,0.25,0.27
26278234,1.13,-9.73,-0.55,1.92,8.22,4.42,0.07,0.25,0.27
26288017,0.70,-9.67,-0.51,7.03,6.60,5.28,0.07,0.25,0.27
26302709,1.25,-9.67,-0.24,1.30,15.98,4.37,0.06,0.26,0.28
26313044,1.25,-9.01,-0.77,1.65,1.45,3.66,0.06,0.26,0.28
26322880,1.21,-9.35,-0.37,-0.39,9.26,4.13,0.06,0.25,0.28
26332819,1.10,-9.39,-0.70,1.11,7.86,4.03,0.06,0.25,0.28
26342748,1.12,-9.50,-0.52,0.31,8.27,4.09,0.06,0.26,0.27
26355598,1.08,-9.52,-0.50,0.10,7.16,3.49,0.06,0.26,0.27
26365234,1.07,-9.48,-0.55,0.27,6.37,3.46,0.06,0.26,0.26
26377312,1.21,-9.56,-0.60,-0.60,5.89,3.48,0.06,0.26,0.26
26387303,1.07,-9.64,-0.63,-0.33,5.77,3.18,0.06,0.26,0.26
26396797,1.07,-9.51,-0.62,0.19,5.85,3.46,0.06,0.26,0.28
26406403,1.10,-9.62,-0.62,-1.06,6.06,3.59,0.06,0.26,0.28
26415779,1.10,-9.51,-0.52,0.44,7.00,3.73,0.06,0.25,0.26
26425406,1.19,-9.33,-0.65,-0.39,7.56,3.61,0.06,0.25,0.26
26436356,0.99,-9.55,-0.38,-2.56,6.73,4.06,0.06,0.25,0.26
26445865,1.09,-9.67,-0.80,-1.86,6.82,4.72,0.07,0.25,0.26
26476121,-0.61,-16.89,-1.04,58.30,-12.20,20.25,0.06,0.25,0.26
26485809,4.23,-6.50,-4.58,26.80,66.65,17.60,0.06,0.25,0.26
26495747,1.50,-10.00,1.72,-5.51,7.33,4.82,0.05,0.26,0.27
26506108,1.16,-9.46,-0.74,-1.82,2.78,4.59,0.05,0.26,0.27
26519832,0.94,-9.66,-0.71,-1.75,4.54,4.16,0.06,0.24,0.27
26529335,0.93,-9.60,-0.63,0.17,4.62,3.96,0.06,0.24,0.27
26542787,-0.61,-8.65,1.21,-32.59,-2.24,1.95,0.05,0.25,0.26
26552246,1.38,-10.12,-1.81,-3.34,-1.26,2.72,0.05,0.25,0.26
26562258,1.78,-10.77,-0.00,6.54,-0.09,4.12,0.05,0.25,0.26
26572212,1.04,-8.29,-1.65,3.46,5.84,3.39,0.06,0.25,0.26
26581806,0.66,-9.62,-1.24,0.33,2.77,3.06,0.06,0.25,0.26
26592131,0.60,-9.68,0.06,1.50,-0.25,2.88,0.06,0.26,0.27
26601573,1.47,-9.50,-0.20,-2.90,-1.79,2.76,0.06,0.26,0.27
26611366,0.47,-9.09,-0.62,-5.28,-11.75,1.55,0.06,0.26,0.27
26626174,2.21,-10.11,-2.50,-5.93,-4.38,0.84,0.06,0.25,0.27
26636298,0.92,-9.55,-0.90,0.44,14.33,1.73,0.06,0.25,0.27
26645849,0.73,-9.62,0.01,2.99,3.89,3.21,0.06,0.26,0.27
26655289,1.51,-9.50,-0.06,5.18,11.17,4.11,0.06,0.26,0.27
26665433,1.38,-9.48,-1.64,6.76,25.93,5.93,0.06,0.26,0.27
26675054,1.04,-9.63,-0.37,4.15,18.27,5.07,0.06,0.26,0.27
26684564,0.90,-9.64,-0.56,7.87,16.39,4.95,0.06,0.26,0.27
26694126,0.90,-9.39,-0.66,5.25,4.97,4.51,0.04,0.26,0.28
26703829,1.16,-9.48,-0.70,3.96,5.60,3.91,0.04,0.26,0.28
26713632,0.44,-8.72,-0.62,-18.24,21.17,8.63,0.05,0.26,0.27
26723363,0.92,-9.93,-0.88,4.67,45.84,7.22,0.05,0.26,0.27
26732870,1.45,-10.20,-2.66,18.73,17.99,3.58,0.05,0.26,0.27
26746983,1.22,-9.88,-0.53,9.78,-2.73,0.83,0.05,0.24,0.27
26756929,2.09,-9.68,-1.58,5.80,9.27,6.31,0.05,0.24,0.27
26769442,1.05,-9.36,-0.95,18.14,47.95,2.25,0.04,0.26,0.27
26779043,1.64,-9.46,-1.46,7.10,37.81,6.02,0.04,0.26,0.27
26790100,2.22,-9.46,-1.55,1.32,17.19,6.04,0.05,0.27,0.27
26800605,-0.49,-9.51,0.86,14.80,6.88,1.22,0.05,0.27,0.27
26815013,0.93,-9.72,-0.77,15.28,51.86,5.40,0.04,0.26,0.28
26826162,0.68,-9.61,-0.05,6.11,12.04,2.69,0.04,0.26,0.28
26835706,1.61,-9.68,-2.08,14.54,36.67,4.50,0.04,0.26,0.28
26845847,0.56,-9.35,-0.98,1.47,0.40,2.77,0.04,0.26,0.28
26855902,0.61,-9.96,-1.49,-6.26,5.71,9.82,0.04,0.26,0.28
26870480,2.27,-9.60,-0.56,0.59,9.80,4.66,0.05,0.26,0.27
26880223,1.69,-9.63,-1.12,27.31,60.58,1.78,0.05,0.26,0.27
26889867,0.41,-9.44,0.97,6.30,1.06,3.46,0.04,0.26,0.27
26899602,1.71,-9.75,-2.29,-16.95,-26.44,9.27,0.04,0.26,0.27
26909634,0.35,-9.78,-0.57,-13.01,-18.89,4.59,0.04,0.26,0.27
26919059,-1.67,-9.46,-1.66,-34.49,-56.56,7.43,0.04,0.26,0.28
26931422,-0.23,-9.36,-2.13,-15.75,12.66,11.32,0.04,0.26,0.28
26941364,2.52,-10.20,-0.65,-9.93,45.93,13.95,0.05,0.27,0.27
26951365,0.75,-9.76,-0.83,-0.47,33.15,9.20,0.05,0.27,0.27
26961031,0.82,-9.70,-1.43,-1.26,11.98,4.84,0.05,0.27,0.27
26971725,0.84,-9.83,0.09,2.26,23.52,4.03,0.05,0.26,0.27
26981471,0.31,-9.62,-0.33,0.30,-5.14,1.09,0.05,0.26,0.27
26992703,1.48,-9.72,-0.57,-2.33,15.59,2.86,0.04,0.26,0.26
27008293,0.89,-10.02,-0.77,11.87,12.49,4.08,0.04,0.26,0.26
27017858,-0.43,-9.18,1.09,16.30,-37.37,2.97,0.05,0.26,0.27
27043454,1.24,-9.62,-0.65,4.53,6.62,1.97,0.03,0.25,0.27
27053173,1.06,-9.12,-0.61,-3.31,-3.77,3.90,0.03,0.25,0.27
