12763039,0.63,-9.60,-1.75,28.46,21.71,4.90,0.23,0.35,-0.13
12772401,0.56,-9.56,-1.71,28.48,21.89,4.18,0.23,0.35,-0.13
12781460,0.48,-9.48,-1.60,28.42,20.51,3.48,0.23,0.35,-0.13
12790825,0.42,-9.39,-1.62,27.07,16.92,2.67,0.23,0.35,-0.13
12800977,0.39,-9.42,-1.71,26.00,12.97,1.77,0.24,0.36,-0.11
12810082,0.33,-9.39,-1.83,25.14,10.13,0.91,0.24,0.36,-0.11
12819370,0.31,-9.40,-1.87,24.49,8.44,0.67,0.24,0.36,-0.11
12831047,0.28,-9.29,-1.86,23.26,7.25,0.72,0.23,0.36,-0.11
12839996,0.27,-9.20,-1.79,22.15,6.51,0.47,0.23,0.36,-0.11
12848948,0.21,-9.19,-1.78,22.24,3.03,0.18,0.24,0.36,-0.10
12858479,0.24,-9.21,-1.91,22.45,-3.18,-0.55,0.24,0.36,-0.10
12867518,0.36,-9.22,-2.08,21.10,-8.79,-1.90,0.24,0.36,-0.10
12876661,0.43,-9.28,-2.22,20.83,-8.58,-3.52,0.23,0.37,-0.11
12886061,0.59,-9.26,-2.32,19.14,-8.64,-5.28,0.23,0.37,-0.11
12895057,0.76,-9.15,-2.35,13.28,-5.48,-7.29,0.23,0.37,-0.10
12905065,0.77,-9.09,-2.12,8.36,-0.60,-9.04,0.23,0.37,-0.10
12914127,0.63,-9.10,-1.85,6.04,4.00,-10.16,0.23,0.37,-0.10
12923277,0.53,-9.12,-1.49,5.29,9.00,-10.80,0.23,0.36,-0.10
12932378,0.48,-9.16,-1.07,4.72,10.29,-10.56,0.23,0.36,-0.10
12941461,0.46,-9.21,-0.84,3.05,4.76,-9.50,0.23,0.36,-0.10
12950557,0.50,-9.42,-0.69,1.61,1.73,-8.04,0.23,0.37,-0.09
12960542,0.61,-9.65,-0.71,2.01,-2.12,-6.46,0.23,0.37,-0.09
12970358,0.76,-9.72,-0.94,5.02,-3.79,-4.94,0.23,0.37,-0.10
12979615,0.89,-9.61,-1.08,5.89,-3.18,-4.12,0.23,0.37,-0.10
12989128,1.06,-9.32,-1.24,5.52,-1.19,-3.21,0.23,0.37,-0.10
12998707,0.88,-9.11,-1.37,2.70,0.55,-2.48,0.23,0.37,-0.10
13008328,0.87,-8.98,-1.31,-1.79,2.07,-1.31,0.23,0.37,-0.10
13017588,0.88,-9.03,-1.30,-5.41,2.74,-0.15,0.23,0.37,-0.10
13777286,1.75,-8.88,-1.57,-5.81,-4.66,7.93,0.23,0.33,-0.15
13786823,1.76,-8.66,-1.81,-6.13,-2.28,7.15,0.23,0.33,-0.15
13796096,1.77,-8.73,-1.78,-10.99,1.18,6.20,0.23,0.33,-0.14
13805106,1.77,-8.71,-1.59,-17.78,4.79,5.55,0.23,0.33,-0.14
13814067,1.69,-8.96,-1.31,-23.16,7.92,5.09,0.23,0.33,-0.14
13825429,1.59,-9.33,-0.97,-25.70,11.22,4.90,0.24,0.33,-0.14
13834687,1.44,-9.67,-0.74,-24.55,13.55,4.41,0.24,0.33,-0.14
13843901,1.39,-9.88,-0.47,-22.30,14.11,4.03,0.24,0.33,-0.14
13853468,1.24,-10.04,-0.31,-19.86,14.52,2.90,0.24,0.33,-0.14
13863334,1.10,-10.14,-0.09,-17.20,14.53,2.04,0.24,0.33,-0.14
13872465,0.99,-10.07,-0.05,-13.95,14.18,1.22,0.24,0.33,-0.15
13882048,0.97,-9.93,-0.17,-11.51,13.27,0.84,0.24,0.33,-0.15
13891200,1.00,-9.70,-0.29,-12.10,13.31,0.49,0.25,0.33,-0.14
13900288,1.05,-9.57,-0.41,-14.12,13.46,0.17,0.25,0.33,-0.14
13909705,1.10,-9.51,-0.44,-16.47,14.31,0.29,0.25,0.33,-0.14
13919063,1.21,-9.64,-0.54,-18.15,15.64,0.36,0.24,0.33,-0.14
13928605,1.37,-9.53,-0.54,-17.98,17.29,0.45,0.24,0.33,-0.14
13938317,1.45,-9.62,-0.55,-15.30,18.46,0.64,0.24,0.33,-0.14
13947375,1.49,-9.66,-0.49,-11.87,19.92,0.48,0.24,0.33,-0.15
13957128,1.49,-9.69,-0.46,-8.09,21.03,0.23,0.24,0.33,-0.15
13966281,1.45,-9.67,-0.52,-5.91,22.34,-0.10,0.24,0.33,-0.14
13975799,1.42,-9.66,-0.59,-4.16,23.12,-0.67,0.24,0.33,-0.14
13988775,1.37,-9.59,-0.63,-3.15,25.60,-1.36,0.24,0.33,-0.14
14047944,1.17,-9.63,-0.24,-11.55,28.49,-3.46,0.25,0.33,-0.15
14057715,1.15,-9.66,-0.19,-9.77,28.04,-4.06,0.25,0.33,-0.15
14066833,1.19,-9.64,-0.11,-7.85,27.42,-4.21,0.25,0.32,-0.15
14076341,1.20,-9.63,-0.09,-6.59,25.25,-4.84,0.25,0.32,-0.15
14085917,1.33,-9.57,-0.04,-5.86,24.14,-5.51,0.25,0.32,-0.15
14094985,1.36,-9.61,-0.01,-4.82,22.25,-6.09,0.25,0.33,-0.14
14104282,1.36,-9.72,-0.13,-2.20,18.41,-7.28,0.25,0.33,-0.14
14113322,1.47,-9.69,-0.26,-0.49,14.79,-9.20,0.25,0.33,-0.14
14123157,1.52,-9.49,-0.30,-1.79,14.86,-11.71,0.25,0.33,-0.15
14132645,1.36,-9.40,-0.03,-3.42,15.33,-14.39,0.25,0.33,-0.15
14141804,1.00,-9.47,-0.08,-0.85,14.60,-16.84,0.25,0.33,-0.14
14150846,0.54,-9.44,-0.24,4.19,13.04,-19.18,0.25,0.33,-0.14
14159905,0.00,-9.21,-0.16,7.83,9.62,-20.54,0.25,0.33,-0.14
14169091,-0.58,-8.94,-0.26,9.54,4.16,-19.77,0.23,0.33,-0.14
14178671,-1.27,-8.62,-0.18,9.09,-0.86,-16.69,0.23,0.33,-0.14
14198054,-2.10,-7.98,-0.41,-1.77,-1.55,-1.47,0.24,0.33,-0.15
14207490,-1.70,-8.05,-0.14,-11.15,-1.16,7.11,0.24,0.33,-0.15
14216548,-1.32,-8.48,0.15,-19.77,1.39,15.44,0.24,0.33,-0.15
14225670,-0.81,-9.31,0.52,-28.60,2.41,19.36,0.24,0.33,-0.15
14235086,-0.04,-10.26,0.80,-32.17,0.33,21.86,0.24,0.33,-0.15
14244146,0.54,-10.96,0.89,-29.50,0.35,21.81,0.24,0.33,-0.16
14256171,1.06,-11.50,0.58,-20.39,1.62,19.56,0.24,0.33,-0.16
14265300,1.33,-11.55,0.05,-13.24,2.52,16.48,0.25,0.32,-0.14
14274707,1.45,-11.26,-0.41,-10.73,6.59,13.40,0.25,0.32,-0.14
14287683,1.20,-10.74,-0.65,-15.61,15.86,10.19,0.25,0.32,-0.14
14296804,0.85,-10.66,-0.87,-18.87,22.12,8.82,0.25,0.32,-0.15
14306337,0.45,-10.60,-0.68,-21.70,27.06,7.47,0.25,0.32,-0.15
14315360,0.06,-10.57,-0.40,-25.49,28.39,5.33,0.26,0.32,-0.16
14324779,-0.31,-10.51,0.10,-31.01,27.38,2.84,0.26,0.32,-0.16
14334088,-0.75,-10.45,0.28,-32.64,25.64,0.81,0.26,0.32,-0.16
14343443,-1.04,-10.10,0.40,-30.81,22.73,1.05,0.24,0.31,-0.16
14355069,-1.01,-9.51,0.45,-28.49,19.18,4.64,0.24,0.31,-0.16
14366119,-0.86,-8.77,0.44,-32.13,18.84,10.11,0.25,0.32,-0.17
14376355,-0.73,-8.31,0.47,-36.76,17.64,16.05,0.25,0.32,-0.17
14385413,-0.47,-8.19,0.49,-37.99,13.27,20.03,0.25,0.32,-0.17
14396704,-0.05,-8.20,0.36,-36.39,7.16,24.54,0.26,0.32,-0.16
14406086,0.40,-8.35,0.19,-33.02,2.15,27.01,0.26,0.32,-0.16
14433504,0.82,-9.05,-0.35,-23.38,8.17,21.25,0.26,0.31,-0.18
14442690,0.64,-9.29,-0.21,-20.61,11.26,17.75,0.26,0.30,-0.17
14472561,-0.12,-9.63,0.61,-18.15,17.33,13.06,0.26,0.30,-0.18
14510656,-0.25,-9.63,0.70,-17.66,18.24,17.08,0.27,0.29,-0.18
14521781,-0.11,-9.91,0.42,-12.10,16.04,18.86,0.27,0.30,-0.19
14531764,0.03,-9.94,0.14,-4.30,14.51,18.56,0.27,0.30,-0.19
14543224,0.06,-9.79,-0.07,3.81,13.74,17.26,0.28,0.29,-0.17
14552319,-0.02,-9.60,-0.23,8.16,14.04,13.64,0.28,0.29,-0.17
14561777,-0.31,-9.49,-0.36,12.43,13.68,13.44,0.28,0.29,-0.17
14575333,-0.90,-9.44,-0.44,16.98,11.23,10.40,0.28,0.29,-0.18
14601100,-1.48,-9.45,-0.12,20.71,-1.65,7.42,0.28,0.29,-0.18
14639947,-1.35,-9.64,-0.01,9.99,-17.08,8.68,0.28,0.29,-0.17
14661509,-0.76,-9.76,-0.46,3.33,-14.78,10.81,0.28,0.29,-0.17
14670767,-0.48,-9.89,-0.28,1.92,-13.10,12.01,0.29,0.29,-0.17
14679863,0.14,-10.20,0.07,0.34,-13.61,14.13,0.29,0.29,-0.17
14689206,0.55,-10.27,1.13,-8.51,-15.54,17.19,0.27,0.29,-0.17
14698674,0.98,-10.70,2.27,-28.27,-24.72,22.91,0.27,0.29,-0.17
14708207,1.73,-12.40,2.56,-29.52,-39.62,25.87,0.27,0.29,-0.17
14717378,2.32,-13.70,2.15,-5.24,-47.07,22.82,0.27,0.30,-0.18
14726466,2.62,-14.05,1.47,20.81,-42.42,14.82,0.27,0.30,-0.18
14735583,2.02,-13.58,1.01,43.09,-32.40,3.29,0.27,0.30,-0.18
14747071,1.18,-12.48,0.71,54.23,-34.81,-8.86,0.27,0.29,-0.18
14756840,1.64,-11.61,0.42,55.00,-34.14,-15.12,0.27,0.29,-0.18
14765727,2.01,-11.08,0.43,50.44,-25.80,-17.51,0.27,0.29,-0.17
14774743,2.23,-10.69,0.98,38.74,-19.28,-18.82,0.27,0.29,-0.17
14783861,2.33,-10.46,1.76,27.87,-15.91,-19.73,0.27,0.29,-0.17
14793385,2.23,-10.25,2.30,20.12,-13.12,-19.58,0.26,0.30,-0.17
14815828,2.29,-8.95,4.03,14.23,-18.42,-11.27,0.27,0.31,-0.18
14840587,3.83,-8.52,1.42,22.69,-24.01,3.54,0.26,0.30,-0.18
14854924,5.06,-8.26,0.15,17.62,-11.31,11.16,0.26,0.30,-0.18
14866785,5.22,-8.75,-0.35,10.00,3.42,13.77,0.26,0.31,-0.17
14885275,4.30,-9.86,-0.37,-2.55,10.29,11.51,0.26,0.31,-0.17
14926256,2.72,-11.78,2.06,-27.33,35.49,9.93,0.26,0.31,-0.17
14937962,2.33,-11.46,2.10,-31.98,37.84,13.38,0.27,0.30,-0.17
14947627,2.20,-11.26,2.21,-34.33,38.81,16.79,0.27,0.30,-0.17
14959153,2.23,-10.92,2.01,-29.10,41.26,18.85,0.27,0.30,-0.17
14969576,2.12,-10.47,1.64,-15.71,48.40,18.61,0.27,0.30,-0.17
14978862,1.84,-9.76,1.35,-4.02,51.06,16.98,0.27,0.30,-0.17
14988385,1.69,-8.93,0.92,4.14,49.04,15.07,0.27,0.30,-0.17
14997818,1.64,-7.97,0.49,6.35,47.34,13.76,0.27,0.30,-0.17
15008157,1.72,-7.19,-0.17,4.49,46.44,13.05,0.27,0.30,-0.17
15017203,1.87,-6.86,-0.71,1.68,47.56,13.73,0.28,0.30,-0.17
15028417,1.88,-6.64,-1.07,-0.45,50.64,15.02,0.28,0.30,-0.17
15037781,1.76,-6.60,-1.21,-0.91,54.27,16.16,0.29,0.30,-0.16
15046885,1.54,-6.59,-1.18,-1.79,59.51,16.85,0.29,0.30,-0.16
15056346,1.16,-6.70,-0.95,-3.26,63.24,16.75,0.29,0.30,-0.16
15065363,0.81,-6.86,-0.63,-5.44,65.62,16.37,0.29,0.29,-0.16
15074289,0.39,-7.16,-0.35,-6.71,64.79,14.44,0.29,0.29,-0.16
15083242,0.06,-7.41,-0.06,-6.89,58.92,12.22,0.29,0.29,-0.16
15092439,-0.11,-7.60,0.02,-6.15,49.09,9.69,0.30,0.29,-0.15
15102108,0.05,-7.90,0.10,-4.51,40.13,6.04,0.30,0.29,-0.15
15111798,0.21,-8.11,0.00,-2.59,31.47,1.58,0.31,0.30,-0.14
15123092,0.45,-8.30,-0.38,-0.23,27.50,-4.23,0.31,0.30,-0.14
15132454,0.62,-8.44,-0.85,0.81,25.66,-9.74,0.31,0.30,-0.14
15141786,0.62,-8.71,-1.35,3.67,24.46,-14.36,0.31,0.28,-0.13
15150808,0.49,-8.77,-1.87,9.06,21.01,-18.97,0.31,0.28,-0.13
15160242,0.33,-8.80,-2.23,17.10,16.76,-23.28,0.31,0.28,-0.13
15169381,-0.10,-8.20,-1.60,17.90,19.93,-27.22,0.31,0.30,-0.14
15180398,-1.18,-7.23,-0.75,5.32,15.46,-27.26,0.31,0.30,-0.14
15189804,-2.17,-6.72,0.06,-13.64,3.82,-21.10,0.30,0.30,-0.15
15200084,-2.11,-7.49,0.51,-26.82,-9.44,-8.23,0.30,0.30,-0.15
15210468,-1.62,-9.36,0.10,-20.34,-16.49,6.25,0.30,0.30,-0.15
15220388,-1.04,-10.79,-0.76,-4.80,-27.19,14.19,0.31,0.30,-0.14
15229450,-0.23,-11.37,-1.42,7.62,-32.44,18.59,0.31,0.30,-0.14
15239233,0.77,-11.57,-1.82,13.96,-25.39,20.11,0.30,0.29,-0.14
15248366,1.39,-11.73,-1.89,15.64,-15.81,18.22,0.30,0.29,-0.14
15260658,1.74,-12.14,-2.05,17.08,-11.86,9.75,0.30,0.29,-0.15
15270377,1.73,-12.54,-2.38,19.26,-12.80,0.19,0.30,0.29,-0.15
15279530,1.88,-12.50,-1.82,22.97,-16.97,-5.13,0.30,0.29,-0.15
15288847,3.35,-11.02,-0.11,8.90,-21.03,-7.83,0.30,0.29,-0.15
15298496,5.44,-10.62,0.98,-35.94,-3.63,0.77,0.30,0.29,-0.15
15312023,6.72,-14.33,0.13,-33.99,34.64,19.03,0.30,0.29,-0.13
15322205,5.13,-15.70,0.59,-8.03,51.09,25.54,0.30,0.29,-0.13
15331984,3.74,-15.53,1.00,2.11,59.43,25.36,0.30,0.29,-0.13
15341151,3.23,-13.92,3.21,10.11,65.55,19.30,0.31,0.29,-0.14
15351489,2.35,-12.33,4.24,29.52,54.08,5.68,0.31,0.29,-0.14
15361425,1.69,-10.03,3.70,50.30,29.20,-9.02,0.32,0.29,-0.13
15374820,1.97,-7.18,2.48,58.64,-2.98,-17.75,0.32,0.29,-0.13
15391993,2.98,-6.87,0.94,43.17,-32.12,-13.48,0.30,0.30,-0.13
15401023,3.14,-7.24,0.31,36.44,-26.70,-8.96,0.30,0.30,-0.13
15431771,1.56,-8.87,0.78,6.33,-5.22,6.25,0.30,0.30,-0.13
15442231,1.94,-9.98,0.74,-5.84,-1.50,4.90,0.30,0.30,-0.12
15452792,2.19,-10.89,1.05,-11.02,-1.36,-0.87,0.30,0.30,-0.12
15463612,2.30,-11.26,1.19,-10.88,-6.61,-8.16,0.31,0.30,-0.13
15472866,2.77,-11.22,0.88,-5.47,-9.57,-12.99,0.31,0.30,-0.13
15484216,2.73,-10.86,0.38,12.87,-5.50,-16.01,0.31,0.30,-0.13
15495670,2.17,-9.84,0.53,27.34,-2.53,-17.95,0.30,0.31,-0.12
15507115,1.68,-8.74,0.51,28.22,-2.76,-18.07,0.30,0.31,-0.12
15517438,1.24,-7.93,0.45,20.38,-3.12,-16.14,0.30,0.31,-0.13
15526849,0.88,-7.57,0.37,10.71,-4.31,-13.17,0.30,0.31,-0.13
15536477,0.64,-7.34,0.26,3.67,-7.33,-8.52,0.30,0.31,-0.12
15545485,0.59,-7.15,0.26,0.84,-9.97,-4.84,0.30,0.31,-0.12
15555164,0.61,-6.96,0.18,1.47,-11.34,-0.07,0.30,0.31,-0.12
15566262,0.78,-6.81,-0.00,5.08,-11.66,4.74,0.29,0.31,-0.13
15598549,1.52,-6.68,-0.60,3.77,-8.72,11.36,0.29,0.31,-0.13
15610012,1.66,-7.23,-0.59,-4.29,-3.48,10.18,0.29,0.31,-0.13
15619879,1.68,-7.77,-0.47,-7.98,3.05,7.30,0.29,0.31,-0.13
15628963,1.58,-8.25,-0.21,-8.72,8.02,4.58,0.29,0.31,-0.13
15638689,1.39,-8.65,0.10,-7.06,11.78,0.62,0.29,0.31,-0.13
15647647,1.21,-9.13,0.26,-4.93,14.95,-3.08,0.29,0.31,-0.13
15656757,0.90,-9.36,0.21,-0.39,17.10,-7.45,0.29,0.31,-0.13
15667714,0.55,-9.57,0.01,7.82,19.80,-12.13,0.29,0.31,-0.13
15676723,0.27,-9.64,-0.26,15.65,21.24,-15.18,0.29,0.31,-0.13
15686229,0.04,-9.51,-0.53,21.52,21.92,-17.52,0.29,0.31,-0.12
15697041,-0.23,-9.12,-0.81,24.13,23.77,-18.28,0.29,0.31,-0.12
15706227,-0.55,-8.85,-1.14,23.90,27.09,-18.06,0.29,0.31,-0.12
15715207,-1.10,-8.70,-1.20,24.97,29.36,-15.90,0.28,0.31,-0.12
15724999,-1.64,-8.47,-0.87,26.47,25.50,-11.52,0.28,0.31,-0.12
15734124,-2.07,-8.30,-0.50,24.67,15.88,-4.97,0.29,0.32,-0.11
15743622,-2.34,-8.24,-0.10,18.14,4.84,4.12,0.29,0.32,-0.11
15752600,-2.50,-8.48,0.12,9.37,-7.17,9.71,0.29,0.32,-0.11
15761701,-2.31,-8.83,0.19,-2.99,-17.31,16.62,0.29,0.32,-0.11
15771738,-1.92,-9.60,0.21,-13.85,-26.77,22.60,0.29,0.32,-0.11
15781790,-1.30,-10.34,-0.07,-18.54,-33.37,25.00,0.29,0.32,-0.11
15802706,0.49,-12.06,-1.07,-12.24,-33.45,20.17,0.29,0.31,-0.12
15814445,1.59,-13.11,-1.47,-0.68,-27.34,12.35,0.29,0.30,-0.11
15824672,2.47,-13.73,-1.36,8.79,-28.98,4.05,0.29,0.30,-0.11
15834205,3.42,-13.67,-0.02,-1.18,-36.84,-2.44,0.29,0.32,-0.12
15843619,4.30,-14.37,0.52,-14.55,-40.61,-10.07,0.29,0.32,-0.12
15852939,4.85,-14.97,0.57,-10.56,-28.94,-26.63,0.29,0.32,-0.12
15862150,4.24,-14.49,0.21,2.28,-9.49,-40.88,0.29,0.32,-0.13
15876063,3.41,-13.00,0.73,6.40,2.23,-49.80,0.29,0.32,-0.13
15885064,3.97,-11.85,1.01,-1.34,9.77,-47.46,0.28,0.32,-0.13
15894423,4.60,-11.30,1.38,-11.73,30.56,-41.84,0.28,0.32,-0.13
15904185,4.84,-10.92,1.72,-15.58,51.63,-37.41,0.28,0.32,-0.13
15915603,4.37,-10.06,1.90,-8.25,59.56,-33.36,0.27,0.31,-0.13
15927010,3.71,-8.81,2.53,6.02,55.47,-29.09,0.27,0.31,-0.13
15936561,3.25,-7.59,2.90,17.30,44.76,-23.09,0.27,0.33,-0.12
15945563,3.09,-7.04,2.16,18.53,33.40,-18.51,0.27,0.33,-0.12
15955106,2.68,-7.38,1.70,18.46,15.63,-13.86,0.27,0.33,-0.12
15964063,2.24,-8.15,0.95,12.87,-9.62,-10.02,0.28,0.33,-0.12
15975810,2.01,-9.12,-0.66,1.17,-28.05,-7.63,0.28,0.33,-0.12
15984823,1.64,-9.64,-1.83,-3.82,-12.94,-5.64,0.27,0.33,-0.12
15994348,0.54,-10.12,-1.85,-5.03,9.01,-1.58,0.27,0.33,-0.12
16004024,-0.09,-10.46,-1.43,-7.11,20.67,3.75,0.27,0.33,-0.12
16013086,-0.09,-10.70,-0.80,-11.10,28.12,9.41,0.27,0.33,-0.12
16022525,0.07,-11.01,-0.23,-13.34,35.38,13.42,0.27,0.33,-0.12
16032465,-0.13,-10.82,0.31,-11.95,37.04,14.97,0.27,0.33,-0.12
16042349,-0.07,-10.41,0.74,-12.41,33.37,15.84,0.27,0.33,-0.12
16051562,0.37,-9.67,0.84,-11.61,29.25,16.30,0.27,0.33,-0.12
16061876,0.71,-8.89,0.77,-7.48,24.67,15.86,0.27,0.33,-0.11
16071429,1.01,-8.21,0.68,-5.01,19.61,14.87,0.27,0.33,-0.11
16080461,1.11,-7.50,0.40,-4.62,15.59,13.88,0.27,0.33,-0.11
16089829,1.26,-6.92,0.02,-5.70,13.09,12.70,0.28,0.33,-0.12
16099001,1.32,-6.59,-0.61,-6.05,12.85,11.71,0.28,0.33,-0.12
16109572,1.19,-6.52,-1.07,-4.77,11.09,11.01,0.29,0.33,-0.11
16120966,0.99,-6.57,-1.47,-3.94,7.61,10.13,0.29,0.33,-0.11
16152639,0.52,-8.10,-1.16,-12.10,7.39,8.41,0.28,0.32,-0.12
16169698,0.08,-9.03,-1.27,-7.99,1.13,7.03,0.28,0.32,-0.12
16179988,-0.44,-9.20,-1.38,-2.36,-0.03,5.78,0.28,0.32,-0.12
16189078,-0.77,-9.06,-1.18,2.35,-0.85,5.45,0.28,0.32,-0.11
16199530,-1.15,-8.88,-0.90,5.60,-3.26,5.22,0.28,0.32,-0.11
16209160,-1.48,-8.67,-0.71,5.93,-9.25,5.49,0.29,0.32,-0.12
16218650,-1.38,-8.58,-0.62,6.98,-17.15,6.21,0.29,0.32,-0.12
16228205,-0.99,-8.40,-0.64,6.11,-22.08,7.28,0.29,0.32,-0.12
16238203,-0.44,-8.37,-0.73,3.87,-22.15,7.36,0.29,0.32,-0.12
16247202,-0.13,-8.69,-1.03,4.87,-20.22,6.22,0.29,0.32,-0.12
16256782,0.08,-9.05,-1.53,9.68,-22.28,3.45,0.29,0.35,-0.13
16265933,0.32,-9.24,-1.64,13.98,-26.96,-0.34,0.29,0.32,-0.13
16275361,0.75,-9.05,-1.72,15.29,-26.59,-4.08,0.29,0.32,-0.13
16284283,1.18,-9.16,-1.22,13.51,-21.88,-6.50,0.28,0.32,-0.12
16293448,1.42,-9.27,-0.46,5.25,-22.16,-6.97,0.28,0.32,-0.12
16307743,1.44,-9.83,-0.36,-3.18,-30.42,-6.97,0.28,0.33,-0.13
16316862,1.34,-10.17,-0.72,-1.40,-27.87,-6.54,0.28,0.33,-0.13
16328485,0.79,-10.11,-0.92,3.58,-20.15,-1.97,0.28,0.33,-0.13
16338718,0.32,-10.28,-1.65,5.45,-19.33,3.96,0.27,0.33,-0.14
16348271,0.18,-10.61,-2.43,10.55,-17.05,8.23,0.27,0.33,-0.14
16357361,0.01,-10.76,-2.82,18.66,-7.54,11.45,0.27,0.32,-0.13
16366428,-0.23,-10.59,-2.85,26.33,-4.09,12.98,0.27,0.32,-0.13
16375589,0.07,-9.79,-1.90,19.96,-10.97,15.78,0.27,0.32,-0.13
16390295,2.52,-10.38,-0.80,-40.16,-1.36,27.32,0.27,0.33,-0.14
16409920,3.52,-15.62,0.65,-28.28,10.20,45.12,0.28,0.32,-0.14
16419282,4.17,-17.18,0.71,-19.32,9.46,45.31,0.28,0.32,-0.14
16428899,4.51,-17.19,1.40,-12.43,25.77,42.96,0.28,0.32,-0.14
16439179,3.46,-16.14,2.71,4.99,36.59,31.41,0.29,0.31,-0.13
16448239,2.23,-14.45,2.47,35.48,30.74,16.96,0.29,0.31,-0.13
16457577,1.55,-11.79,2.59,61.35,14.22,2.04,0.29,0.31,-0.13
16466729,1.50,-9.15,2.53,69.78,2.26,-8.67,0.29,0.31,-0.13
16475649,1.59,-6.65,1.85,65.73,-7.97,-14.12,0.29,0.31,-0.13
16487147,1.56,-4.85,0.58,50.88,-20.80,-10.01,0.29,0.32,-0.12
16496226,1.24,-3.97,-0.13,34.40,-25.66,-0.81,0.29,0.32,-0.12
16505264,0.82,-3.68,0.03,13.31,-25.12,13.04,0.29,0.32,-0.12
16514246,1.03,-4.45,0.49,-11.23,-22.47,25.56,0.28,0.32,-0.12
16523222,1.80,-6.05,0.99,-28.66,-19.56,34.08,0.28,0.32,-0.12
16532319,2.70,-8.23,1.15,-36.81,-20.91,37.28,0.28,0.31,-0.13
16541900,3.35,-10.01,1.33,-35.86,-26.82,33.80,0.28,0.31,-0.13
16550944,4.13,-11.04,1.28,-32.79,-31.00,23.24,0.28,0.31,-0.13
16561910,4.72,-11.86,0.72,-27.97,-29.66,8.17,0.29,0.31,-0.13
16571482,4.65,-12.14,0.30,-17.43,-23.26,-2.29,0.29,0.31,-0.13
16580505,4.37,-12.02,0.28,-2.24,-20.02,-11.41,0.29,0.31,-0.13
16590932,4.10,-11.46,0.08,17.71,-13.55,-18.49,0.28,0.31,-0.13
16600061,3.41,-10.71,-0.02,29.97,-0.67,-24.33,0.28,0.31,-0.13
16609364,2.58,-9.74,0.07,38.57,9.70,-27.62,0.28,0.31,-0.13
16618791,1.58,-8.91,0.09,40.23,14.60,-28.12,0.28,0.31,-0.13
16628586,0.73,-7.92,-0.17,36.47,16.04,-25.46,0.28,0.31,-0.13
16638112,0.05,-7.09,-0.55,28.86,16.55,-21.32,0.28,0.32,-0.14
16647959,-0.60,-6.36,-0.80,18.08,16.15,-16.36,0.28,0.32,-0.14
16657842,-1.03,-5.91,-0.72,3.58,12.70,-10.71,0.27,0.33,-0.13
16667637,-1.13,-5.83,-0.65,-10.68,7.16,-4.64,0.27,0.33,-0.13
16677625,-0.92,-6.17,-0.52,-18.18,3.94,0.10,0.27,0.33,-0.13
16686983,-0.45,-6.80,-0.40,-24.69,4.04,4.60,0.28,0.32,-0.14
16695984,0.05,-7.49,-0.35,-29.73,5.78,7.60,0.28,0.32,-0.14
16705220,0.53,-8.37,-0.27,-32.36,6.25,9.81,0.28,0.33,-0.14
16716133,1.13,-9.15,-0.52,-29.90,7.66,10.44,0.27,0.33,-0.14
16725607,1.45,-9.53,-0.91,-24.42,11.73,10.27,0.27,0.33,-0.14
16736697,1.55,-9.76,-1.08,-17.09,19.11,8.09,0.27,0.32,-0.15
16747339,1.41,-9.72,-1.22,-11.02,28.21,4.38,0.27,0.32,-0.15
16761153,0.99,-9.42,-1.17,-5.23,39.31,-1.00,0.28,0.31,-0.14
16776396,0.61,-9.22,-1.29,2.00,48.93,-5.94,0.28,0.31,-0.14
16785408,0.49,-9.00,-1.29,4.87,53.02,-8.36,0.28,0.31,-0.14
16795861,0.36,-8.64,-1.11,3.56,58.62,-11.15,0.28,0.31,-0.14
16804929,0.19,-8.36,-0.81,1.15,61.55,-11.73,0.28,0.32,-0.14
16814961,-0.04,-7.86,-0.11,-2.54,61.03,-10.08,0.28,0.32,-0.14
16824064,-0.25,-7.93,0.09,-5.23,57.44,-5.40,0.28,0.32,-0.14
16833519,-0.41,-8.21,0.11,-4.33,52.84,0.12,0.29,0.31,-0.14
16847481,-0.60,-8.70,0.49,-2.98,45.12,9.72,0.29,0.31,-0.14
16873447,-0.57,-9.64,0.22,-5.77,31.02,17.67,0.28,0.31,-0.11
16882625,-0.59,-9.78,-0.13,-6.60,26.54,16.36,0.29,0.31,-0.12
16893291,-0.67,-10.33,-0.65,-5.84,15.96,12.64,0.29,0.31,-0.12
16903729,-0.64,-10.76,-1.41,-2.74,6.14,6.34,0.29,0.31,-0.12
16914884,-0.13,-11.36,-1.45,1.22,7.66,0.05,0.30,0.31,-0.12
16924345,0.48,-12.15,-0.98,3.75,7.03,-1.97,0.30,0.31,-0.12
16934209,0.89,-13.05,-0.50,-5.82,-4.72,-2.12,0.30,0.31,-0.11
16943163,1.44,-14.29,-0.57,-10.45,-17.34,-5.83,0.30,0.31,-0.11
16953958,2.34,-15.55,-0.15,-11.05,-18.68,-20.25,0.30,0.31,-0.11
16963001,2.35,-15.78,-0.42,-4.65,-2.30,-34.69,0.29,0.31,-0.12
16977377,1.84,-14.61,0.57,3.00,16.56,-48.38,0.29,0.31,-0.12
16986906,2.25,-13.30,1.03,2.90,22.20,-51.00,0.29,0.32,-0.13
16995901,2.93,-12.06,1.26,2.20,34.76,-50.03,0.29,0.32,-0.13
17004905,3.11,-10.65,1.78,-2.31,49.33,-47.63,0.27,0.33,-0.13
17015607,3.10,-9.01,2.34,-11.12,56.69,-41.25,0.27,0.33,-0.13
17024924,3.40,-7.77,2.64,-14.46,51.82,-33.49,0.27,0.33,-0.13
17034044,4.35,-7.19,2.07,-12.31,40.96,-23.42,0.26,0.33,-0.11
17052619,5.20,-7.46,-0.77,7.54,36.84,-7.93,0.26,0.33,-0.11
17062737,4.62,-8.02,-1.89,10.97,35.24,-4.00,0.27,0.33,-0.13
17073085,3.86,-8.76,-2.86,6.34,34.62,-2.35,0.27,0.33,-0.13
17088634,2.44,-9.76,-2.38,-14.17,53.17,-0.27,0.27,0.33,-0.12
17098018,1.07,-10.63,-1.17,-26.19,63.50,6.37,0.27,0.33,-0.12
17108864,-0.38,-11.73,0.32,-36.90,65.23,11.94,0.27,0.33,-0.12
17119711,-0.98,-12.46,1.35,-37.38,63.78,18.70,0.27,0.33,-0.12
17128998,-1.35,-12.58,1.86,-31.67,62.06,21.70,0.29,0.32,-0.12
17138511,-1.87,-12.19,2.01,-26.73,58.09,23.74,0.29,0.32,-0.12
17149131,-1.64,-11.38,1.77,-23.94,48.85,26.03,0.29,0.32,-0.12
17159375,-0.40,-10.30,1.22,-22.67,41.84,24.90,0.29,0.32,-0.12
17169100,0.43,-8.88,0.76,-21.31,39.26,23.04,0.29,0.32,-0.12
17178146,0.93,-7.68,-0.09,-23.08,34.06,21.45,0.29,0.32,-0.12
17187582,1.40,-6.44,-0.78,-27.40,27.05,19.59,0.29,0.31,-0.11
17196737,1.72,-5.67,-1.20,-29.90,26.68,19.78,0.29,0.31,-0.11
17207276,1.92,-5.18,-1.24,-28.87,30.95,21.75,0.30,0.31,-0.11
17216404,1.77,-5.22,-1.30,-24.52,32.23,23.50,0.30,0.31,-0.11
17226792,1.40,-5.59,-1.29,-19.35,30.31,24.90,0.30,0.31,-0.11
17235807,1.11,-6.09,-1.24,-15.70,27.83,25.71,0.30,0.31,-0.11
17248922,0.67,-7.19,-1.29,-13.30,24.87,26.50,0.30,0.31,-0.11
17260003,0.10,-8.07,-1.31,-13.51,20.98,26.98,0.30,0.31,-0.11
17269067,-0.24,-8.55,-1.33,-15.32,15.68,27.03,0.30,0.31,-0.11
17278264,-0.47,-8.90,-1.17,-17.56,16.89,26.58,0.31,0.30,-0.12
17287559,-0.55,-9.24,-0.84,-17.87,17.03,25.39,0.31,0.30,-0.12
17296743,-0.62,-9.54,-0.61,-16.13,15.84,23.50,0.31,0.30,-0.12
17311353,-0.73,-9.61,-0.70,-9.41,6.76,18.77,0.31,0.29,-0.11
17320725,-0.72,-9.33,-0.78,-5.64,-1.50,15.72,0.31,0.29,-0.11
17331719,-0.48,-8.74,-0.60,-1.00,-8.02,12.69,0.30,0.30,-0.12
17341102,-0.10,-8.48,-0.38,2.53,-11.88,10.80,0.30,0.30,-0.12
17350702,0.26,-8.28,-0.50,5.83,-18.59,9.09,0.30,0.30,-0.12
17361170,0.56,-8.30,-1.10,9.77,-25.84,7.45,0.30,0.29,-0.12
17370687,0.80,-8.35,-1.58,11.15,-30.21,5.78,0.30,0.29,-0.12
17379821,0.99,-8.59,-1.87,11.91,-29.85,3.64,0.29,0.29,-0.12
17388901,1.03,-8.92,-1.84,14.99,-23.90,1.27,0.29,0.29,-0.12
17398427,1.05,-9.28,-1.59,17.18,-17.60,-0.49,0.29,0.29,-0.12
17409586,0.96,-9.70,-1.20,16.84,-13.54,-2.00,0.29,0.29,-0.11
17418730,1.13,-9.98,-0.85,11.84,-11.66,-2.42,0.29,0.29,-0.11
17427938,1.25,-10.48,-0.73,7.69,-8.89,-2.63,0.29,0.29,-0.12
17438950,1.35,-10.78,-0.54,7.87,-7.33,-2.69,0.29,0.29,-0.12
17448343,1.38,-10.74,-0.60,7.14,-6.78,-1.66,0.29,0.29,-0.12
17457766,1.45,-10.74,-1.08,8.06,-6.15,-0.76,0.28,0.29,-0.11
17467614,1.63,-10.69,-1.59,10.62,-2.55,0.77,0.28,0.29,-0.11
17476667,1.52,-10.61,-1.84,12.39,4.07,2.60,0.28,0.29,-0.11
17485837,1.07,-10.53,-2.06,15.01,6.46,3.29,0.28,0.29,-0.11
17494746,0.47,-10.28,-2.44,16.42,3.17,3.17,0.28,0.29,-0.11
17504162,-0.04,-9.88,-2.43,16.89,-0.82,2.98,0.27,0.29,-0.10
17513842,0.56,-9.09,-0.96,9.34,-11.28,7.66,0.27,0.29,-0.10
17522827,2.31,-8.47,-0.30,-31.60,-4.30,19.29,0.27,0.29,-0.10
17532084,4.11,-11.73,-0.75,-56.47,22.65,33.90,0.27,0.29,-0.10
17541261,4.65,-14.50,-0.35,-45.27,41.97,52.15,0.27,0.29,-0.10
17550562,5.08,-16.47,0.36,-37.63,50.37,65.63,0.27,0.29,-0.10
17564502,5.27,-18.37,0.99,-19.92,86.02,68.23,0.28,0.27,-0.11
17575323,3.63,-17.33,3.69,9.11,90.68,50.93,0.28,0.27,-0.11
17585397,1.58,-14.39,4.39,37.88,65.91,23.42,0.29,0.26,-0.10
17596365,0.41,-10.92,4.17,45.88,35.46,-0.43,0.29,0.26,-0.10
17610037,0.01,-7.25,4.21,26.71,-7.61,-13.97,0.28,0.27,-0.09
17621936,0.66,-5.15,3.29,10.67,-42.33,-7.66,0.28,0.27,-0.09
17631675,1.28,-4.17,2.30,-0.54,-51.50,1.95,0.28,0.27,-0.09
17641178,1.16,-3.82,1.93,-9.77,-46.92,12.77,0.28,0.27,-0.09
17650976,1.14,-3.95,1.89,-18.31,-45.88,22.63,0.28,0.27,-0.09
17670296,3.44,-6.35,1.46,-26.51,-53.13,35.04,0.28,0.27,-0.09
17680388,4.58,-8.36,1.53,-25.24,-54.58,31.68,0.28,0.26,-0.08
17689501,5.43,-9.95,1.62,-25.58,-56.15,24.11,0.28,0.26,-0.08
17698652,6.20,-11.31,1.38,-29.07,-51.53,14.18,0.28,0.26,-0.08
17707994,6.39,-12.15,0.89,-33.78,-33.62,6.89,0.28,0.25,-0.09
17717506,5.43,-12.42,1.37,-33.92,-14.37,1.57,0.28,0.25,-0.09
17727441,4.57,-12.18,1.97,-27.98,-8.18,-0.66,0.28,0.25,-0.10
17736555,3.85,-11.69,2.16,-19.93,-1.83,-5.55,0.28,0.25,-0.10
17745790,3.21,-11.18,2.48,-11.68,4.94,-11.80,0.28,0.25,-0.10
17754934,2.37,-10.63,2.57,-7.34,9.21,-15.94,0.28,0.25,-0.10
17764127,1.49,-9.95,2.40,0.96,10.05,-19.19,0.28,0.25,-0.10
17774000,0.77,-8.55,2.00,8.24,10.95,-19.77,0.28,0.25,-0.10
17783492,0.18,-6.96,1.30,8.61,10.19,-16.90,0.28,0.25,-0.09
17803456,-0.04,-4.66,0.07,-6.76,1.52,-3.72,0.28,0.25,-0.08
17812526,0.32,-4.47,0.02,-21.93,0.66,4.44,0.28,0.25,-0.08
17822937,0.93,-5.43,0.02,-36.36,1.75,14.48,0.28,0.25,-0.08
17832007,1.32,-6.75,0.19,-47.09,5.09,20.95,0.28,0.25,-0.09
17843227,1.70,-8.58,0.44,-50.41,9.35,24.78,0.28,0.25,-0.09
17852357,2.00,-9.57,0.79,-48.14,12.98,24.19,0.28,0.23,-0.07
17862453,2.18,-10.26,1.00,-41.40,17.18,19.67,0.28,0.23,-0.07
17873385,2.24,-10.75,1.06,-32.48,18.67,13.36,0.28,0.23,-0.07
17887151,2.08,-10.86,0.95,-21.67,20.78,2.48,0.29,0.23,-0.08
17898527,1.68,-10.77,0.81,-10.95,24.04,-5.32,0.29,0.23,-0.08
17914807,0.84,-10.10,0.71,3.33,25.22,-14.20,0.29,0.22,-0.08
17923811,0.34,-9.34,0.62,6.75,24.95,-16.52,0.29,0.22,-0.08
17945027,-0.32,-7.93,0.63,-0.87,19.54,-7.39,0.29,0.23,-0.08
17954632,-0.08,-8.02,0.15,-3.09,13.57,1.74,0.29,0.22,-0.07
17964612,0.08,-8.50,-0.30,-3.80,12.93,11.41,0.29,0.22,-0.07
17987073,0.41,-9.49,0.61,-12.32,21.31,30.48,0.29,0.22,-0.06
17996831,0.58,-9.81,0.99,-24.45,21.61,38.08,0.29,0.22,-0.06
18006927,0.70,-10.37,1.21,-43.06,19.72,45.55,0.30,0.22,-0.06
18016054,0.77,-11.34,1.49,-52.38,16.75,50.09,0.30,0.22,-0.06
18025293,1.20,-12.25,1.55,-52.82,13.96,52.55,0.30,0.20,-0.07
18034373,1.77,-12.99,1.17,-42.96,16.09,50.77,0.31,0.20,-0.07
18043607,2.13,-13.44,0.69,-26.57,24.17,44.58,0.31,0.20,-0.07
18053450,2.07,-13.05,0.51,-9.45,28.58,34.68,0.32,0.20,-0.06
18062415,1.72,-12.38,0.54,2.01,28.93,25.96,0.32,0.20,-0.06
18071493,1.58,-11.50,0.94,5.70,22.35,20.25,0.32,0.20,-0.06
18081067,1.63,-10.51,1.40,-2.83,14.11,16.12,0.32,0.19,-0.05
18090353,1.44,-10.09,1.80,-14.19,8.54,13.64,0.32,0.19,-0.05
18099409,1.26,-10.22,2.15,-22.09,-2.54,12.33,0.32,0.19,-0.05
18108526,1.32,-10.53,2.19,-26.68,-12.97,11.39,0.33,0.18,-0.06
18118417,1.58,-11.30,2.01,-26.57,-19.98,8.29,0.33,0.18,-0.06
18127788,2.36,-12.26,1.68,-17.97,-22.04,2.45,0.34,0.18,-0.06
18137174,3.19,-13.02,1.48,-10.28,-17.94,-6.01,0.34,0.18,-0.06
18146510,3.71,-13.30,1.38,-7.41,-17.10,-15.47,0.34,0.18,-0.06
18155766,4.25,-13.24,1.82,-9.36,-13.74,-25.99,0.34,0.17,-0.06
18164997,4.63,-12.85,2.75,-15.72,-10.82,-32.20,0.34,0.17,-0.06
18174515,4.90,-11.98,3.83,-24.60,-4.27,-32.74,0.34,0.17,-0.03
18184298,4.95,-11.01,5.12,-28.89,6.80,-27.05,0.34,0.17,-0.03
18193645,5.01,-10.25,5.98,-26.23,16.35,-16.61,0.34,0.17,-0.03
18202840,5.02,-9.79,5.82,-20.29,24.87,-6.28,0.34,0.18,-0.06
18212095,5.10,-9.01,5.18,-15.13,30.12,4.85,0.34,0.18,-0.06
18221430,5.11,-8.20,4.26,-10.98,34.70,14.70,0.34,0.18,-0.06
18230558,5.12,-7.66,3.33,-7.91,36.55,23.44,0.35,0.17,-0.07
18239816,5.27,-7.40,2.70,-6.78,33.25,26.88,0.35,0.17,-0.07
18249028,5.16,-7.25,2.29,-9.29,32.78,24.71,0.35,0.17,-0.07
18258435,4.84,-7.42,2.44,-14.72,34.73,20.64,0.35,0.17,-0.06
18267553,4.34,-7.88,2.56,-21.96,32.99,14.60,0.35,0.17,-0.06
18276690,4.08,-8.46,2.53,-28.47,29.15,9.37,0.35,0.18,-0.06
18286829,3.77,-9.15,2.29,-31.42,27.02,3.67,0.35,0.18,-0.06
18296255,3.56,-9.32,2.29,-33.45,27.34,-0.66,0.35,0.18,-0.06
18305522,3.45,-9.46,2.31,-35.06,30.98,-2.58,0.36,0.17,-0.07
18314552,3.30,-9.38,2.39,-33.29,35.11,-2.25,0.36,0.17,-0.07
18323930,3.23,-9.03,2.42,-28.65,37.91,-0.66,0.36,0.17,-0.06
18333065,3.27,-8.51,2.38,-27.05,41.50,2.21,0.36,0.17,-0.06
18342337,3.47,-8.09,2.13,-28.74,46.04,5.67,0.36,0.17,-0.06
18351388,3.60,-7.70,1.95,-31.67,51.63,9.55,0.35,0.16,-0.07
18360786,3.60,-7.50,1.72,-34.82,59.68,12.17,0.35,0.16,-0.07
18369945,3.52,-7.44,1.57,-34.41,67.48,13.62,0.35,0.16,-0.07
18379069,3.36,-7.27,1.73,-31.84,74.02,12.82,0.37,0.16,-0.06
18389411,3.18,-6.74,2.17,-30.24,78.36,10.16,0.37,0.16,-0.06
18398626,3.03,-6.46,2.25,-30.45,79.80,7.71,0.37,0.16,-0.06
18408419,2.80,-6.39,2.07,-26.78,77.68,5.06,0.37,0.17,-0.06
18417493,2.48,-6.53,1.97,-19.92,71.46,1.57,0.37,0.17,-0.06
18426495,2.06,-6.60,1.80,-12.74,60.79,-1.69,0.37,0.16,-0.06
18435836,1.70,-6.75,1.72,-5.10,53.81,-3.44,0.37,0.16,-0.06
18445270,1.51,-6.93,1.78,0.31,45.31,-5.48,0.37,0.16,-0.06
18454722,1.55,-6.98,1.88,6.02,40.99,-8.65,0.38,0.16,-0.06
18464449,1.52,-7.10,1.89,11.57,39.17,-12.71,0.38,0.16,-0.06
18474834,1.45,-7.21,1.67,18.84,32.39,-17.18,0.38,0.17,-0.05
18487501,1.39,-7.08,0.87,24.53,19.28,-23.79,0.38,0.17,-0.05
18496800,1.32,-6.87,0.33,25.38,15.37,-27.81,0.38,0.17,-0.05
18505879,1.23,-6.61,0.16,25.62,16.66,-30.67,0.38,0.18,-0.06
18515101,1.04,-6.45,0.34,25.04,20.70,-31.38,0.38,0.18,-0.06
18524698,0.85,-6.46,0.52,20.44,20.71,-30.55,0.38,0.18,-0.06
18534557,0.63,-6.48,0.41,12.47,19.46,-28.41,0.38,0.18,-0.06
18543754,0.29,-6.78,0.24,1.74,19.28,-27.02,0.38,0.18,-0.06
18553834,-0.27,-7.45,0.34,-5.89,18.40,-23.54,0.37,0.18,-0.04
18563035,-0.56,-8.21,0.80,-5.41,10.92,-19.66,0.37,0.18,-0.04
18572376,-0.64,-8.90,1.00,-0.80,-0.61,-16.97,0.37,0.18,-0.04
18581398,-0.53,-9.23,0.99,4.22,-9.86,-16.73,0.38,0.18,-0.05
18591328,-0.40,-9.35,1.02,7.00,-18.49,-18.06,0.38,0.18,-0.05
18600933,-0.39,-9.38,0.82,11.77,-27.00,-20.41,0.38,0.18,-0.05
18610620,-0.38,-9.27,0.52,21.75,-36.46,-22.36,0.38,0.18,-0.05
18620158,-0.25,-8.78,0.09,27.01,-41.23,-23.21,0.38,0.18,-0.05
18629367,-0.18,-8.46,0.14,30.56,-40.63,-21.01,0.37,0.19,-0.06
18638733,-0.05,-8.19,0.46,29.16,-41.27,-16.93,0.37,0.19,-0.06
18647992,0.15,-8.31,0.58,25.15,-45.74,-12.65,0.37,0.20,-0.06
18657288,0.40,-8.74,0.09,23.93,-51.21,-9.35,0.37,0.20,-0.06
18666245,0.50,-9.12,-0.35,27.24,-50.82,-8.26,0.37,0.20,-0.06
18675709,0.53,-9.45,-0.48,34.17,-49.34,-8.34,0.37,0.21,-0.07
18684853,0.58,-9.45,-0.34,39.00,-48.86,-9.50,0.37,0.21,-0.07
18694641,0.64,-9.32,-0.26,36.26,-50.84,-10.79,0.37,0.21,-0.07
18704804,0.74,-9.27,0.00,26.10,-53.51,-10.96,0.36,0.20,-0.07
18714303,0.95,-9.47,0.18,17.86,-48.80,-9.49,0.36,0.20,-0.07
18725450,1.27,-9.83,0.63,15.10,-39.25,-5.50,0.36,0.21,-0.08
18734458,1.58,-10.22,0.47,16.59,-32.40,0.78,0.36,0.21,-0.08
18743903,1.62,-10.58,0.16,19.01,-29.10,6.62,0.36,0.21,-0.08
18753840,1.91,-10.80,-0.01,21.76,-21.10,13.43,0.36,0.21,-0.10
18763094,2.21,-10.87,0.12,26.76,-14.01,17.30,0.36,0.21,-0.10
18772685,3.39,-9.96,1.01,16.02,-10.39,20.12,0.36,0.21,-0.09
18781814,5.10,-9.14,2.42,-22.93,9.85,26.31,0.36,0.21,-0.09
18794078,7.17,-13.03,2.51,-56.26,30.94,49.04,0.36,0.21,-0.09
18803278,7.24,-16.98,1.61,-27.40,37.76,66.32,0.37,0.20,-0.09
18812380,6.09,-18.96,2.11,1.63,57.76,68.36,0.37,0.20,-0.09
18824467,4.78,-17.35,4.53,33.40,84.84,49.46,0.37,0.21,-0.09
18837407,3.52,-15.02,6.25,74.41,75.71,15.93,0.37,0.21,-0.09
18846994,1.97,-12.47,5.44,107.97,51.02,-8.43,0.37,0.21,-0.08
18856295,1.37,-9.35,4.41,113.72,14.25,-18.98,0.38,0.21,-0.08
18867626,2.20,-6.93,1.98,89.96,-15.56,-24.75,0.38,0.21,-0.08
18877325,2.61,-5.60,0.51,60.13,-19.28,-24.30,0.38,0.21,-0.07
18886337,2.81,-4.99,-0.74,33.49,-11.65,-17.63,0.38,0.21,-0.07
18896957,3.06,-4.56,-0.64,6.89,4.72,-4.45,0.38,0.22,-0.07
18907206,3.36,-4.24,0.29,-11.74,19.75,9.70,0.37,0.22,-0.07
18916344,3.48,-4.40,1.52,-25.92,24.22,18.72,0.37,0.22,-0.07
18925745,3.51,-5.12,2.58,-33.20,15.42,22.56,0.38,0.22,-0.08
18934851,3.59,-6.23,2.79,-37.06,-0.59,19.81,0.38,0.22,-0.08
18944587,3.82,-7.85,2.88,-38.54,-13.46,12.45,0.38,0.22,-0.08
18953696,4.11,-9.24,3.04,-38.18,-19.26,6.31,0.38,0.21,-0.08
18962764,4.19,-10.56,3.23,-34.62,-20.90,0.52,0.38,0.21,-0.08
18972747,4.07,-11.50,3.20,-23.35,-20.92,-3.61,0.37,0.21,-0.08
18981832,3.88,-11.96,2.95,-4.10,-20.55,-6.20,0.37,0.21,-0.08
18991316,3.96,-11.83,2.48,16.47,-16.93,-10.54,0.37,0.21,-0.08
19004151,3.92,-10.72,1.83,44.27,1.66,-16.52,0.37,0.22,-0.09
19013469,3.41,-9.72,1.47,59.47,14.38,-19.79,0.37,0.22,-0.09
19022908,2.61,-8.58,1.23,68.69,22.74,-21.33,0.37,0.23,-0.08
19032112,2.14,-7.36,0.92,69.87,25.58,-21.81,0.37,0.23,-0.08
19041154,1.78,-6.60,0.57,63.20,25.23,-22.12,0.37,0.23,-0.08
19050349,1.52,-6.09,0.15,50.72,22.23,-21.95,0.37,0.24,-0.07
19059491,1.27,-5.93,-0.19,36.28,18.73,-21.40,0.37,0.24,-0.07
19068588,0.99,-6.16,-0.43,18.45,15.78,-19.82,0.37,0.24,-0.07
19077778,0.82,-6.52,-0.42,4.24,14.08,-18.29,0.37,0.24,-0.07
19086932,0.78,-7.07,-0.28,-8.03,13.02,-16.62,0.37,0.24,-0.07
19096131,0.86,-7.59,0.00,-17.15,13.01,-15.02,0.37,0.24,-0.07
19106534,1.07,-8.26,0.22,-21.17,13.80,-13.76,0.36,0.25,-0.07
19115775,1.29,-8.74,0.28,-20.83,17.12,-13.43,0.36,0.25,-0.07
19124771,1.47,-9.15,0.23,-17.24,22.56,-13.48,0.37,0.24,-0.07
19133982,1.52,-9.32,0.13,-10.35,29.12,-13.55,0.37,0.24,-0.07
19143693,1.53,-9.29,0.21,-5.12,34.37,-12.77,0.37,0.24,-0.07
19152652,1.50,-9.17,-0.01,-0.72,38.42,-10.98,0.36,0.24,-0.08
19162236,1.34,-8.95,-0.09,0.88,45.11,-8.01,0.36,0.24,-0.08
19171914,1.15,-8.58,-0.19,-0.66,51.62,-3.59,0.36,0.25,-0.08
19181135,1.01,-8.27,-0.25,-5.28,55.76,1.10,0.36,0.25,-0.08
19191760,1.11,-8.47,-0.59,-9.73,59.32,6.68,0.36,0.25,-0.08
19206253,1.08,-8.75,-1.38,-9.09,68.09,10.89,0.37,0.25,-0.06
19215488,1.08,-8.76,-1.43,-4.09,75.24,12.22,0.37,0.25,-0.06
19224931,0.71,-8.71,-1.28,-0.07,77.94,13.48,0.37,0.24,-0.05
19234024,0.24,-8.62,-0.98,0.63,76.19,13.61,0.37,0.24,-0.05
19243117,-0.23,-8.73,-0.61,-2.52,71.09,13.83,0.37,0.24,-0.05
19252682,-0.60,-9.34,-0.25,-6.74,61.69,14.60,0.38,0.24,-0.05
19261836,-1.06,-10.12,0.08,-8.31,51.90,15.24,0.38,0.24,-0.05
19271296,-1.21,-10.65,0.31,-6.91,41.55,15.73,0.38,0.24,-0.05
19280571,-1.59,-11.00,0.46,-2.93,31.49,16.56,0.38,0.24,-0.05
19289636,-1.89,-11.02,0.40,3.48,22.99,16.48,0.38,0.24,-0.05
19300747,-2.11,-10.84,-0.04,11.11,15.36,15.07,0.39,0.24,-0.04
19310773,-2.21,-10.54,-0.32,16.96,10.03,9.27,0.39,0.24,-0.04
19319858,-1.84,-10.61,-0.94,21.55,1.38,7.39,0.39,0.24,-0.04
19329149,-1.42,-10.74,-1.77,27.90,-6.25,1.07,0.39,0.24,-0.04
19348276,-0.27,-11.12,-1.84,45.37,-15.21,-14.76,0.38,0.25,-0.04
19419786,4.65,-11.12,3.19,-48.23,-26.16,-53.27,0.37,0.26,-0.06
19467415,6.33,-9.17,0.09,1.24,25.40,-23.32,0.36,0.27,-0.06
19510736,1.23,-10.59,0.62,-15.34,33.42,-9.83,0.35,0.29,-0.07
19575614,-0.05,-9.05,1.70,-14.99,19.50,13.42,0.35,0.28,-0.05
19651479,1.04,-6.41,-0.55,-6.98,-3.39,34.64,0.36,0.28,-0.06
19661017,1.36,-7.11,-0.44,-10.95,-1.61,35.69,0.36,0.28,-0.06
19670231,1.26,-7.81,-0.18,-11.10,0.31,36.22,0.37,0.27,-0.07
19679514,1.19,-8.46,0.03,-7.55,-0.38,36.37,0.37,0.27,-0.07
19721481,1.14,-8.94,-0.09,10.53,-2.85,19.86,0.37,0.27,-0.07
19807646,-0.01,-8.11,-1.21,13.17,-33.12,-3.85,0.37,0.27,-0.06
19835759,0.78,-9.12,0.32,-12.02,-32.24,5.99,0.36,0.27,-0.06
19867374,2.17,-12.77,-0.98,-1.54,-19.15,23.99,0.36,0.28,-0.06
19908355,1.98,-11.00,-1.58,36.15,-7.39,-3.67,0.37,0.27,-0.06
19964382,4.91,-16.66,4.77,-68.49,75.94,45.67,0.36,0.26,-0.07
19999397,1.36,-9.64,3.49,57.33,23.05,0.30,0.38,0.26,-0.06
20023849,0.08,-4.54,2.15,24.13,-8.50,-4.67,0.38,0.26,-0.05
20033034,-0.76,-3.96,2.04,2.14,-14.00,2.30,0.38,0.26,-0.05
20042104,-0.66,-4.16,2.36,-17.70,-19.93,11.42,0.38,0.26,-0.05
20051354,0.38,-5.04,2.44,-28.88,-22.72,19.03,0.38,0.25,-0.07
20060722,1.81,-6.50,2.65,-28.70,-23.54,25.05,0.38,0.25,-0.07
20070498,2.94,-8.03,2.48,-20.13,-25.45,27.16,0.37,0.25,-0.06
20079660,3.83,-9.22,2.40,-9.87,-26.27,25.57,0.37,0.25,-0.06
20105367,4.93,-11.09,1.33,3.19,-6.24,10.19,0.37,0.25,-0.08
20116133,4.45,-10.88,1.28,10.51,-1.68,1.89,0.37,0.25,-0.08
20128190,4.03,-10.17,1.02,17.99,0.77,-7.18,0.38,0.25,-0.08
20139653,3.40,-9.12,1.02,20.39,4.56,-15.30,0.38,0.25,-0.08
20162422,1.12,-7.31,1.05,12.41,4.53,-22.50,0.38,0.25,-0.07
20173674,0.22,-6.55,1.19,6.31,-2.13,-18.77,0.37,0.26,-0.07
20183657,-0.37,-6.25,1.12,3.88,-4.23,-13.82,0.37,0.26,-0.07
20211722,-0.76,-6.82,0.70,-2.78,-13.55,6.18,0.37,0.26,-0.07
20220940,-0.42,-7.32,0.50,-9.03,-12.89,11.30,0.37,0.26,-0.07
20231669,0.01,-7.94,0.30,-15.43,-11.23,14.40,0.37,0.26,-0.07
20249676,0.70,-8.55,0.57,-20.39,-6.72,13.66,0.36,0.25,-0.07
20282046,0.82,-8.61,0.89,-10.62,-10.46,8.87,0.37,0.25,-0.07
20294074,0.87,-8.43,0.82,-9.33,-13.48,7.39,0.37,0.25,-0.08
20304027,0.85,-8.40,0.76,-10.54,-12.40,6.43,0.37,0.25,-0.08
20338077,0.89,-9.30,1.34,-7.94,-11.32,8.57,0.37,0.25,-0.09
20383461,2.45,-11.32,0.21,36.45,3.73,9.64,0.37,0.24,-0.09
20397941,2.14,-11.28,0.23,44.82,15.08,5.22,0.37,0.24,-0.08
20407487,1.43,-11.07,0.45,44.06,19.28,0.70,0.37,0.24,-0.08
20417410,0.49,-10.88,0.71,41.26,17.02,-2.73,0.37,0.25,-0.09
20426474,-0.33,-10.80,0.71,40.72,9.94,-4.29,0.37,0.25,-0.09
20455240,-1.33,-10.35,0.59,37.76,-17.39,-0.26,0.37,0.24,-0.07
20464461,-1.60,-9.92,1.90,12.82,-25.64,6.58,0.37,0.24,-0.07
20475327,-1.01,-11.43,2.65,-7.36,-49.88,15.17,0.37,0.25,-0.07
20487157,-0.48,-13.29,1.28,15.78,-59.54,11.83,0.37,0.25,-0.07
20515060,2.19,-11.33,1.86,15.48,-62.71,-4.93,0.37,0.25,-0.08
20545884,5.54,-12.50,3.05,-19.91,-27.19,-23.73,0.36,0.25,-0.10
20571848,5.47,-8.91,2.58,5.84,-15.73,-22.11,0.36,0.26,-0.10
20614219,2.41,-7.20,0.41,33.73,-2.84,-9.97,0.34,0.26,-0.10
20652616,0.84,-10.50,0.90,6.45,-21.33,-17.01,0.34,0.26,-0.10
20676248,0.59,-11.03,2.76,-22.69,-24.45,-8.68,0.33,0.27,-0.11
20685625,0.64,-11.27,2.94,-24.46,-28.09,-4.75,0.33,0.27,-0.11
20724240,1.68,-8.01,1.94,7.54,-39.43,4.97,0.33,0.26,-0.12
20766972,2.07,-6.63,0.49,20.98,-39.26,10.07,0.32,0.26,-0.14
20800393,1.53,-7.91,-0.03,2.07,-47.67,7.55,0.32,0.27,-0.13
20851174,0.37,-8.50,0.01,23.61,-36.02,4.32,0.32,0.26,-0.14
20860835,0.39,-8.12,-0.03,25.69,-38.05,0.72,0.32,0.26,-0.14
20907378,0.95,-8.42,-0.88,26.71,-53.33,-8.79,0.30,0.26,-0.14
20948607,1.85,-9.01,0.11,15.65,-59.10,-3.40,0.28,0.27,-0.15
21001999,1.62,-12.32,-2.07,20.18,-19.60,16.61,0.27,0.26,-0.15
21053715,2.19,-11.89,-1.01,-45.36,57.20,35.74,0.27,0.26,-0.16
21062839,0.41,-14.59,1.07,-44.60,48.13,47.56,0.27,0.26,-0.16
21073204,-0.90,-16.98,1.60,-25.37,23.67,50.96,0.28,0.25,-0.15
21082486,-0.87,-17.19,2.04,1.08,22.13,44.33,0.28,0.25,-0.15
21091892,-0.96,-16.11,3.34,15.26,31.01,28.62,0.28,0.25,-0.15
21124215,1.46,-9.69,3.25,24.09,-56.20,8.30,0.29,0.25,-0.16
21152106,3.22,-8.35,2.05,41.46,-62.04,13.79,0.28,0.25,-0.15
21161757,2.66,-6.95,1.80,45.49,-54.31,13.69,0.28,0.25,-0.15
21172123,1.89,-5.52,1.67,44.42,-51.08,14.84,0.27,0.25,-0.15
21182319,1.76,-4.92,1.76,34.64,-55.47,16.56,0.27,0.25,-0.15
21191838,1.82,-5.19,1.76,21.75,-62.19,17.10,0.27,0.25,-0.16
21201453,2.18,-6.40,1.82,-0.12,-69.23,15.09,0.27,0.25,-0.16
21211485,2.91,-8.26,1.90,-21.67,-72.92,10.91,0.27,0.25,-0.16
21221740,3.40,-10.06,2.06,-31.50,-74.17,6.86,0.26,0.26,-0.16
21230998,3.66,-11.26,2.32,-25.85,-75.35,3.01,0.26,0.26,-0.16
21240194,3.73,-11.67,2.43,-10.93,-75.99,0.09,0.25,0.24,-0.17
21253759,3.95,-11.31,1.87,14.65,-72.21,-4.09,0.25,0.24,-0.17
21263254,3.86,-10.58,1.29,32.40,-59.19,-6.56,0.25,0.24,-0.18
21273174,3.32,-9.49,0.95,44.81,-44.34,-8.37,0.24,0.24,-0.18
21282733,2.72,-8.51,0.77,48.22,-34.89,-9.94,0.24,0.24,-0.18
21292692,2.14,-7.31,0.74,42.28,-28.99,-10.69,0.23,0.25,-0.17
21329176,1.05,-6.53,0.08,-5.16,-23.07,-2.83,0.23,0.26,-0.17
21396486,2.00,-9.62,0.36,-27.37,7.68,3.17,0.23,0.25,-0.17
21458842,-0.39,-9.25,-0.32,10.21,19.11,-18.81,0.22,0.24,-0.18
21468411,-0.90,-9.16,-0.42,12.01,18.31,-18.95,0.23,0.24,-0.18
21477804,-1.28,-9.15,-0.51,12.76,18.22,-17.34,0.23,0.24,-0.18
21487334,-1.59,-9.15,-0.28,13.78,15.87,-13.84,0.23,0.25,-0.18
21496402,-1.69,-9.22,-0.14,14.43,11.92,-9.12,0.22,0.25,-0.18
21505859,-1.73,-9.24,-0.34,16.68,8.35,-4.41,0.22,0.25,-0.18
21546795,-1.72,-9.38,-0.17,22.78,-10.61,15.02,0.23,0.26,-0.17
21590722,-0.63,-10.43,-0.54,3.12,-31.07,22.64,0.23,0.25,-0.15
21614935,0.32,-11.53,-0.88,14.68,-30.04,15.60,0.23,0.25,-0.16
21626200,0.87,-11.60,-0.40,22.26,-32.48,11.74,0.23,0.25,-0.16
21635278,1.40,-11.41,1.15,7.80,-45.44,11.24,0.23,0.25,-0.16
21644383,2.32,-12.90,1.03,-2.60,-66.55,6.50,0.23,0.25,-0.16
21654005,2.99,-15.02,-1.18,25.33,-72.39,-10.06,0.23,0.25,-0.16
21663881,2.76,-14.69,-2.70,60.27,-47.99,-31.78,0.22,0.26,-0.16
21673254,1.53,-12.87,-1.29,63.33,-30.20,-45.82,0.22,0.26,-0.16
21682622,0.47,-10.98,-0.26,37.60,-43.45,-54.69,0.22,0.26,-0.16
21715561,1.47,-10.07,4.83,-24.95,0.49,-44.26,0.21,0.27,-0.15
21727637,1.62,-9.45,6.05,-17.55,-25.00,-30.73,0.21,0.27,-0.15
21737334,2.42,-9.20,4.89,0.99,-45.58,-18.77,0.20,0.27,-0.15
21747098,3.68,-8.75,3.09,22.65,-52.26,-9.40,0.20,0.27,-0.15
21756471,4.55,-8.19,1.23,37.61,-45.45,-3.29,0.20,0.27,-0.15
21766210,4.54,-7.84,-0.21,47.39,-40.51,-0.60,0.20,0.28,-0.15
21775346,4.21,-7.85,-1.37,48.83,-38.53,-0.91,0.20,0.28,-0.15
21784806,4.05,-8.16,-2.45,43.69,-37.80,-3.06,0.20,0.28,-0.15
21794102,3.79,-8.65,-3.11,33.49,-27.26,-5.41,0.20,0.28,-0.15
21803615,2.88,-9.46,-2.94,18.24,-9.69,-7.82,0.20,0.28,-0.15
21813804,1.49,-10.45,-1.84,3.47,1.63,-9.91,0.20,0.28,-0.16
21824840,-0.09,-11.43,-0.51,-9.79,2.79,-11.28,0.20,0.28,-0.16
21836130,-0.87,-12.01,0.80,-22.05,-5.54,-11.50,0.20,0.29,-0.14
21845174,-1.33,-12.28,1.59,-23.41,-14.82,-12.30,0.19,0.29,-0.14
21854724,-1.41,-12.17,2.20,-19.49,-29.67,-9.48,0.19,0.29,-0.14
21866903,-1.02,-11.49,2.11,-3.65,-46.22,-4.50,0.20,0.28,-0.15
21876147,-0.57,-10.27,2.02,8.11,-54.56,-1.83,0.20,0.28,-0.15
21886425,-0.08,-8.92,1.47,16.09,-59.31,2.08,0.19,0.29,-0.15
21895551,0.42,-7.70,0.88,16.98,-61.68,7.26,0.19,0.29,-0.15
21906037,0.73,-6.59,0.17,10.91,-65.21,14.82,0.19,0.29,-0.15
21915086,1.18,-5.81,-0.29,3.80,-65.49,21.09,0.19,0.29,-0.16
21947738,1.78,-6.58,-1.17,-16.29,-55.24,33.42,0.18,0.30,-0.16
21997158,0.95,-9.96,-0.69,-9.79,-41.98,16.91,0.18,0.29,-0.16
22033864,0.25,-9.06,0.02,11.37,-55.26,-0.56,0.18,0.29,-0.16
22051509,0.48,-7.99,-0.12,13.61,-60.03,-1.63,0.17,0.30,-0.16
22060734,0.69,-7.44,-0.25,13.42,-61.40,-1.00,0.16,0.30,-0.16
22071493,0.98,-6.96,-0.54,9.13,-60.21,-0.32,0.16,0.30,-0.16
22080573,1.18,-6.90,-0.73,4.36,-59.89,1.01,0.16,0.30,-0.16
22090169,1.37,-7.28,-1.23,0.62,-57.78,2.46,0.16,0.30,-0.16
22099372,1.45,-7.81,-1.48,2.04,-53.31,4.13,0.16,0.30,-0.16
22108993,1.55,-8.32,-1.44,5.02,-48.26,5.23,0.16,0.30,-0.16
22118176,1.53,-8.83,-1.45,8.11,-43.66,5.57,0.16,0.30,-0.18
22127812,1.37,-9.45,-1.35,10.88,-40.71,5.07,0.16,0.30,-0.18
22137682,1.20,-10.05,-1.49,10.62,-37.91,3.87,0.15,0.30,-0.17
22146737,1.00,-10.75,-1.36,6.09,-36.85,3.17,0.15,0.30,-0.17
22156091,0.75,-11.50,-1.54,1.54,-37.31,2.84,0.15,0.30,-0.17
22165139,0.57,-12.13,-1.62,0.97,-35.90,2.36,0.15,0.31,-0.17
22175299,0.36,-12.63,-1.45,6.85,-34.21,1.71,0.15,0.31,-0.17
22184675,0.26,-12.64,-1.22,18.36,-34.16,0.73,0.15,0.31,-0.17
22230805,3.87,-13.34,0.44,-37.18,1.11,36.03,0.15,0.31,-0.17
22259341,2.13,-16.22,3.38,-10.61,28.94,41.44,0.15,0.30,-0.18
22268490,1.53,-14.84,5.21,4.41,18.51,26.79,0.15,0.29,-0.18
22278547,0.96,-12.66,3.99,37.22,-7.69,7.14,0.15,0.29,-0.18
22294215,1.00,-9.60,2.44,43.83,-50.93,-8.48,0.15,0.31,-0.17
22303954,1.32,-8.63,1.29,31.52,-61.78,-9.56,0.15,0.31,-0.17
22313264,1.09,-8.13,0.20,28.09,-55.33,-5.24,0.14,0.32,-0.17
22323853,0.51,-7.26,0.91,22.31,-38.81,5.17,0.14,0.32,-0.17
22335753,-0.25,-5.69,2.49,8.39,-33.14,20.06,0.13,0.32,-0.17
22345239,-0.22,-4.81,3.48,-4.93,-40.31,32.06,0.13,0.32,-0.17
22354739,0.38,-4.82,3.92,-18.64,-53.08,41.33,0.13,0.32,-0.17
22363739,1.14,-5.59,3.83,-27.48,-69.15,44.56,0.13,0.31,-0.15
22373058,2.15,-7.21,3.32,-33.34,-78.87,40.43,0.13,0.31,-0.15
22382747,3.14,-8.94,2.99,-35.14,-82.31,37.62,0.13,0.31,-0.15
22392379,4.29,-10.37,2.84,-28.87,-79.35,31.95,0.13,0.31,-0.17
22404447,5.13,-11.72,2.46,-9.27,-72.93,22.35,0.13,0.31,-0.17
22413517,5.29,-11.94,1.59,10.96,-68.71,13.35,0.13,0.32,-0.17
22508267,-1.09,-7.72,1.31,-9.51,-21.74,-7.86,0.11,0.32,-0.17
22523727,-0.80,-7.46,1.37,-6.33,-30.17,7.46,0.11,0.33,-0.17
22532794,-0.32,-7.36,1.26,-4.60,-35.31,13.90,0.11,0.33,-0.17
22541931,0.26,-7.47,1.01,-4.45,-39.51,18.25,0.10,0.33,-0.16
22553556,0.81,-8.10,0.42,-3.88,-41.24,20.66,0.10,0.33,-0.16
22562556,1.06,-8.47,0.16,-3.12,-40.37,20.71,0.10,0.32,-0.18
22572031,1.24,-9.03,-0.06,-1.28,-38.78,19.49,0.10,0.32,-0.18
22586231,1.41,-9.25,-0.06,0.81,-34.18,16.12,0.10,0.33,-0.16
22595424,1.46,-9.35,0.01,3.40,-29.69,13.27,0.10,0.33,-0.16
22604733,1.49,-9.42,0.06,7.40,-26.37,10.98,0.10,0.33,-0.16
22613912,1.40,-9.45,-0.05,12.19,-23.81,9.06,0.10,0.33,-0.18
22623212,1.30,-9.48,-0.52,18.32,-21.10,7.44,0.10,0.33,-0.18
22632352,1.16,-9.34,-0.77,22.01,-17.00,5.78,0.10,0.33,-0.18
22641415,0.84,-9.12,-0.95,23.37,-11.98,5.08,0.09,0.34,-0.17
22651254,0.47,-8.96,-1.02,23.14,-7.34,4.89,0.09,0.34,-0.17
22660297,0.06,-8.81,-0.90,22.58,-5.68,5.78,0.10,0.33,-0.16
22673482,-0.32,-8.60,-0.69,20.82,-7.88,6.90,0.10,0.33,-0.16
22686590,-0.58,-8.46,-0.50,18.69,-13.16,8.43,0.10,0.35,-0.16
22695913,-0.74,-8.63,-0.36,15.65,-21.27,9.60,0.10,0.35,-0.16
22711164,-0.74,-9.56,-0.29,15.46,-36.11,12.07,0.09,0.33,-0.17
22727737,-0.38,-10.43,-0.45,20.75,-41.61,15.09,0.09,0.33,-0.17
22737358,-0.22,-10.58,-0.24,20.00,-41.33,15.87,0.09,0.34,-0.16
22746423,0.04,-10.59,-0.07,16.45,-42.21,16.39,0.09,0.34,-0.16
22757199,0.35,-10.67,-0.34,10.95,-42.28,16.79,0.09,0.34,-0.16
22767229,0.64,-10.86,-0.66,10.52,-39.00,16.76,0.09,0.34,-0.16
22776617,0.81,-11.06,-0.80,15.07,-34.63,16.16,0.09,0.34,-0.16
22788373,1.10,-11.27,-0.98,26.91,-30.41,14.62,0.09,0.35,-0.15
22797535,1.62,-11.32,-0.75,36.92,-28.58,12.50,0.09,0.35,-0.15
22806993,1.96,-11.01,0.09,36.76,-29.89,10.19,0.09,0.35,-0.15
22816275,2.28,-10.73,1.56,20.83,-42.13,7.49,0.09,0.35,-0.15
22825862,2.80,-12.00,1.10,9.10,-55.86,-0.64,0.09,0.35,-0.15
22835863,2.67,-13.03,-0.34,24.64,-42.99,-14.82,0.09,0.35,-0.16
22844996,1.88,-12.24,0.43,31.92,-31.36,-25.45,0.09,0.35,-0.16
22855710,1.41,-10.96,1.99,15.03,-42.29,-35.38,0.09,0.35,-0.16
22869878,3.37,-10.99,1.88,-5.13,-30.07,-44.37,0.08,0.35,-0.15
22878959,4.17,-11.26,2.16,-4.09,-9.51,-47.68,0.08,0.35,-0.15
22919303,4.11,-8.14,1.78,14.19,-22.18,-36.46,0.06,0.36,-0.15
22931577,3.72,-7.58,0.50,15.03,-22.07,-28.69,0.06,0.36,-0.15
22941230,3.03,-7.60,-0.49,13.99,-22.65,-25.05,0.05,0.36,-0.15
22950479,2.57,-7.96,-1.44,7.32,-25.73,-21.56,0.05,0.36,-0.15
22966121,1.80,-9.45,-1.52,-7.97,-13.76,-12.56,0.05,0.36,-0.14
22975735,1.05,-10.49,-0.57,-12.94,-5.02,-7.31,0.05,0.36,-0.14
22987281,-0.12,-11.55,0.45,-14.80,-10.64,-3.01,0.05,0.36,-0.14
22996910,-0.68,-12.23,0.97,-11.28,-18.73,-2.83,0.05,0.36,-0.14
23008320,-1.08,-12.60,1.63,-8.42,-26.65,-4.11,0.05,0.36,-0.15
23019731,-1.29,-12.36,2.19,-4.92,-40.66,-3.35,0.05,0.36,-0.15
23028976,-0.99,-11.80,2.22,-0.31,-49.56,-1.93,0.05,0.36,-0.15
23041400,-0.20,-10.78,2.06,7.76,-57.11,-0.29,0.04,0.36,-0.15
23053427,0.58,-9.61,1.48,12.98,-61.71,2.77,0.04,0.36,-0.15
23065876,1.29,-8.39,0.66,13.03,-64.70,7.32,0.04,0.36,-0.15
23075619,1.72,-7.57,-0.05,12.51,-62.83,12.27,0.04,0.36,-0.15
23084670,2.03,-7.05,-0.57,12.05,-57.40,17.47,0.03,0.36,-0.14
23095404,2.14,-6.76,-0.99,11.84,-50.46,23.09,0.03,0.36,-0.14
23106520,2.03,-6.71,-1.13,10.49,-44.67,27.90,0.03,0.36,-0.16
23119681,1.55,-7.01,-0.92,4.69,-39.03,28.39,0.03,0.36,-0.16
23131522,0.99,-7.72,-0.60,-0.31,-39.60,26.22,0.03,0.36,-0.15
23153556,0.25,-8.76,0.09,-0.76,-52.22,18.51,0.03,0.36,-0.15
23170664,0.24,-9.39,0.01,9.01,-63.66,10.98,0.02,0.37,-0.13
23180519,0.44,-9.64,-0.18,16.53,-67.83,6.90,0.02,0.37,-0.13
23190272,0.69,-9.72,-0.43,23.34,-69.55,2.14,0.02,0.37,-0.14
23199918,0.91,-9.55,-0.54,30.13,-69.82,-2.28,0.02,0.37,-0.14
23209052,1.11,-9.38,-0.90,39.62,-72.55,-6.30,0.01,0.36,-0.13
23218157,1.29,-9.02,-1.51,45.06,-75.84,-10.14,0.01,0.36,-0.13
23227516,1.27,-8.31,-1.94,47.75,-74.77,-13.97,0.01,0.36,-0.13
23236709,1.04,-7.39,-2.13,43.21,-71.67,-16.20,0.00,0.38,-0.12
23247101,0.58,-6.73,-1.91,28.39,-67.37,-16.78,0.00,0.38,-0.12
23257075,0.46,-6.53,-1.64,14.08,-64.35,-13.60,0.00,0.37,-0.14
23266205,0.65,-6.85,-1.60,3.74,-61.16,-9.08,0.00,0.37,-0.14
23275158,0.97,-7.37,-1.53,-4.16,-51.98,-1.92,0.00,0.37,-0.14
23301113,1.98,-9.44,-0.63,-12.13,-31.84,14.41,-0.01,0.37,-0.13
23311440,2.08,-10.10,-0.60,-8.55,-27.92,16.99,-0.01,0.37,-0.12
23321400,2.33,-10.61,-0.59,-3.62,-22.61,16.19,-0.01,0.37,-0.12
23332315,2.53,-10.81,-0.74,4.29,-17.21,11.80,-0.01,0.37,-0.12
23341455,2.40,-10.76,-0.93,10.87,-13.51,6.52,-0.01,0.37,-0.12
23367783,0.99,-9.85,-1.66,33.30,-12.29,-10.32,-0.01,0.38,-0.12
23377395,0.80,-9.07,-1.80,34.90,-14.94,-16.25,-0.01,0.38,-0.12
23393654,2.08,-6.80,-0.63,-12.77,-15.23,-12.26,-0.02,0.38,-0.12
23403428,3.33,-7.50,1.12,-80.83,8.57,2.03,-0.02,0.38,-0.12
23413658,3.74,-11.09,0.91,-108.96,15.69,16.19,-0.02,0.37,-0.13
23422758,3.72,-14.67,0.02,-100.32,17.85,30.34,-0.02,0.37,-0.13
23431856,3.82,-16.61,0.82,-93.69,37.94,43.53,-0.02,0.36,-0.14
23451977,2.03,-18.58,4.29,-44.26,75.30,39.74,-0.02,0.36,-0.14
23462933,0.32,-16.70,3.90,29.36,57.40,21.16,-0.00,0.36,-0.16
23548179,0.02,-5.54,3.61,-44.34,0.20,26.03,-0.01,0.38,-0.14
23709320,-0.33,-9.78,2.11,-50.30,6.22,-13.51,-0.01,0.37,-0.17
23775372,1.18,-8.85,0.26,-0.24,10.13,-2.55,-0.01,0.36,-0.18
23874493,0.76,-9.38,-0.04,-8.15,45.21,16.21,-0.01,0.36,-0.19
23937390,-0.32,-9.45,-0.19,31.25,34.63,-4.31,-0.00,0.37,-0.21
24044157,2.94,-11.34,0.97,-8.64,0.69,1.05,-0.01,0.38,-0.22
24185098,4.41,-7.03,-1.44,-17.96,17.30,8.54,-0.05,0.38,-0.22
24263905,-0.23,-11.96,1.87,-17.76,46.05,7.44,-0.04,0.39,-0.24
24310711,1.36,-7.30,-0.25,-11.59,27.50,14.16,-0.04,0.38,-0.25
24374120,0.98,-7.82,-0.92,-12.55,15.08,29.66,-0.03,0.39,-0.25
24520175,0.31,-8.39,-1.10,4.82,15.80,-12.51,-0.04,0.39,-0.27
24596152,2.42,-10.32,-0.43,-20.51,3.44,-14.94,-0.06,0.39,-0.27
24689884,-1.65,-9.45,1.71,50.60,31.67,-14.97,-0.05,0.40,-0.28
24770386,3.55,-6.96,2.06,-43.13,8.79,42.43,-0.06,0.40,-0.27
24779674,4.49,-8.23,1.94,-43.51,5.22,39.99,-0.05,0.40,-0.25
24789477,5.21,-9.37,1.74,-37.96,4.67,35.12,-0.05,0.40,-0.25
24802937,5.74,-10.40,1.70,-17.84,7.54,25.09,-0.06,0.40,-0.27
24872064,1.71,-8.32,0.40,17.13,81.31,-26.07,-0.06,0.41,-0.26
25635008,1.45,-9.38,-0.99,-11.25,21.86,20.00,0.15,0.34,-0.21
25745663,1.26,-8.75,-0.81,-12.25,3.19,1.67,0.17,0.33,-0.19
25963117,2.80,-9.95,0.00,3.42,35.54,19.44,0.21,0.30,-0.20
26043282,2.77,-7.83,2.49,-57.51,6.68,49.53,0.22,0.28,-0.19
26160481,1.40,-19.60,3.50,35.90,-55.43,-38.75,0.22,0.26,-0.21
26253504,4.11,4.69,6.60,-84.03,-75.12,-16.81,0.17,0.30,-0.21
26272971,3.71,3.63,3.32,-71.36,-10.41,28.42,0.17,0.30,-0.22
26282159,3.52,3.38,-0.60,-70.11,-27.68,37.64,0.17,0.30,-0.22
26292235,3.96,2.76,-4.47,-52.05,-28.60,40.53,0.17,0.30,-0.22
26301436,4.18,2.78,-4.23,-38.53,-0.02,40.99,0.17,0.28,-0.22
26411912,-4.40,0.55,-0.25,15.09,-29.72,19.98,0.20,0.28,-0.22
26518371,8.83,-1.20,12.46,-23.87,-229.96,107.75,0.17,0.27,-0.23
26588559,8.03,-19.60,19.60,-55.94,-106.80,-89.77,0.16,0.26,-0.23
26598026,9.55,-19.60,14.17,3.75,-206.06,-146.40,0.18,0.25,-0.24
26702058,8.22,-11.89,3.08,-20.26,-96.25,4.93,0.15,0.23,-0.26
26780895,1.21,-3.88,1.87,-0.13,-46.56,33.99,0.13,0.23,-0.28
26903713,0.64,-6.86,2.96,31.37,-74.51,29.20,0.10,0.26,-0.25
27146841,-0.22,-7.53,5.90,76.25,-101.28,27.87,0.04,0.30,-0.22
27161662,-1.04,-4.88,6.08,61.52,-125.39,28.67,0.04,0.30,-0.22
27272665,4.42,-9.55,2.88,12.51,-130.10,112.97,0.01,0.34,-0.17
27489296,4.04,-6.01,4.23,44.44,-115.61,33.23,-0.03,0.38,-0.05
27643877,-0.09,-7.09,3.58,22.93,2.79,36.00,-0.01,0.41,0.00
27752628,-1.46,-11.79,1.25,48.09,-43.69,30.60,0.01,0.42,0.04
27850387,5.78,-18.90,4.62,-0.26,-100.02,-16.02,0.03,0.41,0.06
28019164,2.09,-7.55,2.22,58.56,-49.08,-10.63,0.06,0.41,0.13
28101897,2.81,-5.97,2.01,6.55,-64.52,8.35,0.06,0.41,0.15
28320183,-1.00,-8.70,0.58,39.78,-8.91,-19.79,0.06,0.41,0.17
28463577,3.35,-6.75,-0.06,15.90,-26.29,-19.57,0.04,0.39,0.21
28547128,-0.10,-13.13,4.52,58.13,-39.12,-0.85,0.05,0.39,0.20
28689545,4.95,-7.90,-0.20,42.31,-35.16,-13.76,0.07,0.39,0.20
28720373,2.94,-6.65,0.60,29.48,0.32,-24.33,0.07,0.39,0.22
28964036,0.57,-10.58,-0.77,35.98,27.00,11.23,0.04,0.37,0.26
30227675,-1.16,-11.63,-1.57,6.04,-9.12,1.53,0.09,0.36,0.28
30237324,-1.08,-11.43,-0.06,-1.98,-18.22,1.02,0.10,0.36,0.25
30246439,-1.37,-12.08,1.00,-19.44,-38.05,2.01,0.10,0.36,0.25
30255899,-1.60,-13.85,0.39,-7.21,-57.23,-4.32,0.10,0.36,0.25
30265727,-1.26,-13.98,-0.32,14.69,-73.92,-8.96,0.10,0.36,0.25
30275322,0.09,-12.92,0.56,12.78,-88.72,-12.94,0.10,0.36,0.25
30292561,3.14,-13.05,0.75,-20.44,-98.08,-22.94,0.10,0.36,0.26
30301661,4.68,-13.85,1.24,-23.05,-71.93,-31.21,0.10,0.36,0.26
30312677,4.86,-13.55,3.88,-17.80,-52.79,-39.78,0.11,0.36,0.25
30322079,5.01,-12.16,5.25,-13.54,-52.76,-43.72,0.11,0.36,0.25
30331181,5.61,-10.84,5.12,-8.73,-46.50,-41.93,0.11,0.37,0.25
30340861,5.96,-9.76,4.20,-0.85,-35.69,-37.29,0.11,0.37,0.25
30350066,5.90,-8.63,3.28,9.88,-27.76,-31.73,0.11,0.37,0.25
30359342,5.77,-7.41,2.14,18.13,-21.58,-24.37,0.11,0.35,0.25
30376156,5.66,-6.54,-0.07,20.05,-12.07,-13.31,0.11,0.35,0.25
30385582,5.33,-7.32,-1.16,15.31,-1.13,-8.32,0.11,0.36,0.25
30394685,4.38,-8.40,-1.51,15.26,8.84,-4.74,0.11,0.36,0.25
30404198,3.14,-9.49,-1.20,15.65,16.08,-2.31,0.11,0.36,0.24
30413759,2.27,-10.21,-0.57,11.85,19.50,-1.01,0.11,0.36,0.24
30422978,1.58,-10.74,0.09,4.93,25.98,-0.39,0.11,0.36,0.24
30432079,0.74,-11.30,1.01,2.04,29.77,0.30,0.10,0.36,0.24
30441769,-0.17,-11.56,1.97,-1.81,24.15,1.47,0.10,0.36,0.24
30453445,-0.54,-11.52,2.27,-8.56,7.10,3.38,0.10,0.32,0.25
30462641,-0.09,-11.21,1.97,-8.98,0.11,5.11,0.10,0.36,0.25
30472304,0.23,-10.38,1.51,-4.94,-0.77,5.44,0.10,0.36,0.25
30481860,0.32,-9.43,1.23,-2.58,-3.34,6.06,0.10,0.36,0.25
30493980,0.51,-8.12,0.96,-4.09,-9.66,8.37,0.10,0.36,0.25
30503245,0.78,-7.57,0.79,-5.39,-11.45,11.08,0.10,0.36,0.25
30512402,1.03,-7.14,0.63,-7.39,-11.70,14.77,0.10,0.36,0.25
30521964,1.33,-6.99,0.35,-10.31,-12.15,18.86,0.10,0.36,0.25
30533734,1.62,-7.25,-0.06,-10.73,-12.49,22.12,0.11,0.36,0.25
30543443,1.69,-7.47,-0.24,-8.80,-10.71,22.44,0.11,0.36,0.25
30552707,1.67,-7.69,-0.18,-5.72,-8.66,21.52,0.11,0.36,0.25
30562054,1.55,-7.89,-0.15,-2.74,-7.71,19.50,0.11,0.37,0.24
30626747,0.72,-7.96,-1.12,5.56,-15.02,1.58,0.12,0.36,0.24
30636180,0.58,-7.96,-1.42,8.76,-17.75,-0.92,0.12,0.37,0.25
30645367,0.46,-7.97,-1.72,10.94,-18.45,-3.97,0.12,0.37,0.25
30744917,-0.54,-10.65,0.08,1.86,-44.86,-8.30,0.12,0.35,0.25
30795239,1.79,-11.34,-2.63,32.46,-21.80,11.16,0.12,0.36,0.25
30805662,2.77,-10.35,-2.55,31.11,-25.36,12.83,0.14,0.35,0.26
30814689,4.48,-8.75,-1.52,-9.86,-12.23,16.81,0.14,0.35,0.26
30900360,0.09,-7.45,1.74,76.26,17.58,-11.38,0.14,0.36,0.25
31024094,4.70,-11.83,1.55,11.53,-24.65,-5.38,0.14,0.36,0.25
31072272,1.86,-7.66,-0.11,42.45,29.24,-24.61,0.14,0.36,0.26
31086389,0.49,-6.76,0.30,23.92,28.91,-26.05,0.14,0.35,0.25
31179659,1.44,-9.08,0.11,3.18,3.98,4.74,0.13,0.35,0.25
31260820,0.05,-9.05,-0.25,-4.54,16.75,-3.94,0.12,0.35,0.25
31413521,-0.10,-13.24,1.72,3.68,-36.19,2.89,0.12,0.35,0.26
31511273,5.36,-9.16,2.94,1.95,6.07,-26.53,0.12,0.35,0.27
31585073,1.29,-10.09,-0.67,-21.17,41.41,-4.80,0.10,0.34,0.26
31713515,1.82,-6.80,-1.59,-17.26,6.84,21.06,0.10,0.35,0.26
31821977,-0.18,-8.76,-1.27,17.63,-10.63,3.83,0.11,0.35,0.26
31832286,0.01,-8.81,-1.36,17.35,-11.85,1.24,0.11,0.35,0.26
31841493,0.19,-8.86,-1.49,17.62,-13.54,-1.10,0.11,0.35,0.26
31850879,0.28,-8.86,-1.45,18.08,-13.23,-4.43,0.11,0.34,0.26
31860214,0.23,-8.88,-1.38,19.41,-12.79,-7.08,0.11,0.34,0.26
31870449,0.11,-8.78,-1.34,20.06,-17.82,-9.72,0.11,0.34,0.26
31880092,0.10,-8.69,-1.33,17.52,-19.36,-10.50,0.10,0.34,0.27
31889524,0.07,-8.57,-1.37,14.07,-21.17,-10.85,0.10,0.34,0.27
31903200,0.09,-8.57,-1.23,11.28,-21.17,-8.35,0.11,0.34,0.28
31912656,0.06,-8.59,-1.29,9.70,-21.30,-5.07,0.11,0.34,0.28
31922865,-0.04,-8.77,-1.61,7.77,-21.81,-0.13,0.11,0.34,0.28
31934642,-0.18,-9.09,-1.75,5.77,-20.42,5.60,0.11,0.34,0.27
31946751,-0.30,-9.50,-1.71,3.50,-19.68,10.17,0.11,0.34,0.27
31963425,-0.32,-9.98,-2.02,3.17,-21.54,12.60,0.11,0.34,0.28
31978635,-0.23,-10.17,-2.30,11.68,-30.19,10.51,0.11,0.34,0.27
31987921,0.68,-9.77,-1.99,7.22,-38.74,10.89,0.11,0.34,0.27
32002913,3.51,-10.29,-1.25,-50.73,-10.55,21.43,0.13,0.34,0.27
32014856,4.25,-13.60,-0.22,-61.64,16.80,33.49,0.13,0.34,0.27
32024771,4.36,-15.70,0.70,-58.13,18.69,44.08,0.12,0.34,0.25
32037324,4.54,-17.94,1.70,-54.78,35.48,47.52,0.12,0.34,0.25
32047450,3.55,-18.34,3.51,-34.40,42.97,42.59,0.12,0.34,0.25
32056923,1.77,-16.69,3.60,13.80,37.58,29.82,0.12,0.34,0.25
32066155,1.13,-14.02,2.96,55.04,19.62,18.51,0.12,0.34,0.25
32077789,1.38,-10.95,1.55,78.38,-6.26,6.04,0.13,0.35,0.26
32131976,0.87,-3.11,-0.10,-10.05,-13.00,0.71,0.13,0.34,0.27
32218537,4.75,-12.71,1.75,33.36,4.72,-3.10,0.13,0.34,0.26
32250377,2.86,-7.62,-0.96,52.48,41.92,-18.34,0.13,0.33,0.26
32323872,-0.27,-9.59,1.12,-35.86,32.96,4.57,0.11,0.34,0.26
32385804,0.66,-8.43,-0.42,-15.57,35.01,2.49,0.11,0.34,0.26
32478642,-0.26,-8.98,-1.00,16.42,39.51,4.06,0.10,0.35,0.26
32577891,0.85,-10.46,-1.30,2.88,-1.56,9.88,0.09,0.35,0.26
32662289,1.56,-12.34,0.24,21.88,-9.67,-36.59,0.09,0.34,0.27
32733619,3.28,-6.75,1.67,-3.40,43.26,0.40,0.07,0.35,0.25
32807964,0.15,-12.00,0.32,-14.43,42.06,5.78,0.05,0.35,0.25
32860270,1.08,-9.05,-0.21,8.36,16.24,0.89,0.05,0.35,0.26
32955035,0.41,-8.86,-1.18,-2.11,5.68,12.23,0.06,0.35,0.26
33034247,-0.14,-8.94,-1.90,2.08,-7.12,0.29,0.05,0.35,0.25
33112810,-0.07,-9.08,-0.56,-11.65,-14.93,5.38,0.06,0.34,0.25
33221887,3.17,-8.70,-1.01,-18.87,-14.35,7.96,0.06,0.34,0.25
33324553,1.80,-7.51,-0.02,27.76,-8.17,-5.48,0.05,0.35,0.23
33416925,4.58,-10.20,2.05,-29.01,6.02,18.17,0.06,0.34,0.24
33451256,2.97,-10.80,1.24,22.73,26.24,3.62,0.06,0.35,0.23
33461091,2.45,-10.17,0.80,25.75,32.48,0.67,0.06,0.35,0.23
33470873,1.90,-9.55,0.53,25.40,38.76,-1.33,0.06,0.35,0.23
33653654,0.80,-9.24,0.14,-27.35,31.72,-1.23,0.03,0.35,0.22
33750642,0.21,-8.68,-0.65,8.65,30.42,6.23,0.01,0.34,0.21
33880740,2.59,-13.70,1.15,-32.67,-5.36,-39.24,0.01,0.33,0.21
33915813,3.43,-13.38,2.97,-12.36,33.73,-12.76,-0.00,0.34,0.21
33930954,3.05,-10.25,3.66,3.31,47.49,-3.89,-0.01,0.33,0.20
33940381,2.57,-8.01,3.52,1.51,45.23,0.08,-0.01,0.33,0.20
33951475,2.43,-5.73,3.00,-13.24,39.67,4.75,-0.01,0.33,0.20
33963306,2.38,-4.71,1.57,-32.15,29.35,11.94,-0.01,0.33,0.20
34025018,2.27,-10.45,-0.18,-11.16,52.70,10.13,-0.01,0.33,0.18
34058767,1.94,-11.00,1.16,4.71,47.63,-3.33,-0.02,0.34,0.17
34134853,0.35,-9.03,0.07,-10.47,56.80,-6.34,-0.03,0.33,0.16
34302029,0.62,-6.90,-1.29,5.41,12.09,-14.39,-0.04,0.34,0.14
34567777,2.98,-15.75,6.25,-65.30,42.03,59.76,-0.06,0.31,0.15
34601994,-1.80,-19.60,9.35,-4.36,16.30,42.60,-0.06,0.32,0.13
34651725,3.94,-6.58,-3.83,59.70,-56.78,-41.42,-0.04,0.32,0.16
34720377,-0.38,-10.22,2.22,-64.30,4.63,26.53,-0.05,0.31,0.16
34777488,2.84,-5.54,-0.49,-1.77,7.39,16.34,-0.03,0.33,0.15
34818898,1.24,-7.56,-0.90,-40.61,44.91,20.90,-0.03,0.33,0.15
34988398,1.49,-11.15,-0.88,-13.25,21.06,27.46,-0.01,0.35,0.14
35036825,1.21,-10.47,-1.32,4.11,50.97,30.07,-0.01,0.35,0.14
35069244,0.66,-12.44,2.85,-23.71,-0.48,19.11,-0.01,0.36,0.13
35124130,3.08,-12.82,1.44,9.41,-8.63,-46.49,-0.01,0.36,0.14
35148091,4.21,-10.65,3.43,17.80,9.12,-45.53,-0.02,0.36,0.15
35160316,4.22,-8.50,3.25,19.37,8.83,-36.30,-0.02,0.36,0.15
35185599,4.69,-5.61,0.73,27.50,14.41,-6.82,-0.03,0.36,0.16
35217631,3.67,-7.62,-1.63,19.18,43.22,3.22,-0.03,0.36,0.17
35262091,-1.13,-11.68,3.04,-71.84,31.03,-24.64,-0.04,0.37,0.15
35272987,-1.93,-12.90,3.88,-67.14,10.74,-21.02,-0.04,0.37,0.15
35284833,-2.03,-13.73,3.63,-42.87,-14.19,-12.27,-0.04,0.37,0.15
35316077,1.06,-8.96,1.26,18.79,-22.34,16.44,-0.05,0.37,0.15
35350103,2.56,-6.24,-0.67,11.63,-4.04,32.00,-0.04,0.37,0.15
35371981,2.09,-7.02,-0.58,4.04,0.10,30.28,-0.04,0.37,0.15
35395394,1.24,-8.28,-0.34,1.16,-4.45,21.47,-0.04,0.37,0.17
35404526,0.89,-8.58,-0.18,2.12,-4.22,18.53,-0.04,0.37,0.17
35414141,0.46,-8.84,-0.07,4.31,-6.94,15.99,-0.03,0.37,0.16
35426585,0.03,-9.00,-0.10,8.54,-14.60,13.07,-0.03,0.37,0.16
35459608,-0.06,-8.99,-0.81,28.74,-27.16,7.06,-0.03,0.38,0.17
35508432,-0.62,-7.59,-0.99,32.22,-32.36,-8.98,-0.03,0.38,0.17
35556823,0.09,-9.19,0.16,11.52,-56.47,-5.70,-0.03,0.37,0.19
35593229,1.51,-11.50,-1.05,7.17,-57.82,2.04,-0.03,0.37,0.20
35604188,1.64,-12.15,-1.37,11.01,-54.02,4.13,-0.03,0.37,0.20
35614338,2.35,-11.82,-1.04,9.10,-58.78,7.55,-0.02,0.36,0.20
35641110,4.83,-14.22,0.19,-47.43,11.00,35.68,-0.02,0.37,0.20
35653106,3.38,-16.96,0.16,-18.75,11.81,41.85,-0.02,0.37,0.20
35662708,2.53,-17.41,0.86,-2.17,13.38,33.78,-0.01,0.38,0.20
35672194,1.79,-16.19,2.26,12.79,14.51,19.12,-0.01,0.38,0.20
35681543,0.64,-14.37,2.56,29.83,11.10,-1.01,-0.01,0.38,0.20
35691333,-0.18,-11.95,2.65,41.19,-8.02,-11.35,-0.01,0.38,0.20
35700471,-0.01,-9.86,2.13,38.21,-31.31,-13.72,-0.01,0.38,0.20
35709500,0.51,-8.69,1.62,25.27,-46.13,-11.26,-0.01,0.38,0.20
35718638,1.09,-8.29,0.94,13.98,-51.76,-5.41,-0.01,0.37,0.20
35728041,1.45,-8.10,0.45,11.41,-47.21,4.52,-0.01,0.37,0.20
35739726,1.76,-7.29,0.42,9.38,-40.09,15.99,-0.01,0.37,0.22
35748874,2.03,-6.49,0.64,4.57,-30.01,24.55,-0.01,0.37,0.22
35799898,3.17,-7.05,2.49,-42.59,-44.64,26.66,0.00,0.38,0.21
35810658,3.72,-9.08,2.22,-41.46,-46.26,21.58,0.01,0.38,0.21
35827996,3.72,-11.29,2.64,-11.93,-40.52,14.06,0.01,0.38,0.21
35848411,3.20,-11.72,2.52,19.39,-41.40,6.40,0.01,0.38,0.22
35919175,0.34,-7.40,-0.02,-2.09,-0.80,-6.16,0.02,0.38,0.23
35949819,0.36,-8.44,1.07,-21.84,-2.20,2.69,0.02,0.38,0.22
35970278,0.70,-8.67,1.50,-11.59,-3.97,7.62,0.02,0.38,0.21
35979432,0.96,-8.66,1.45,-6.41,-4.93,9.14,0.02,0.38,0.21
35988996,1.17,-8.64,1.16,-2.62,-3.58,9.72,0.02,0.38,0.22
36000077,1.16,-8.67,1.04,0.06,-1.19,9.25,0.02,0.38,0.22
36010980,1.13,-8.73,0.67,-0.98,0.88,7.27,0.02,0.38,0.21
36080297,0.12,-9.78,0.15,-6.55,19.17,-5.72,0.02,0.38,0.22
36111937,-0.71,-9.45,0.07,12.65,28.16,-3.96,0.02,0.38,0.21
36149960,-0.54,-9.34,0.66,24.50,3.00,9.06,0.01,0.39,0.22
36184779,0.05,-10.73,-0.47,40.42,-15.68,4.23,0.02,0.37,0.22
36203971,0.12,-11.04,-0.81,37.63,-19.32,-3.41,0.02,0.37,0.22
36257398,2.05,-13.44,0.54,46.28,-40.06,-19.92,0.03,0.37,0.24
36268806,2.02,-11.85,0.74,42.23,-51.44,-29.16,0.02,0.37,0.24
36309015,4.76,-10.77,1.80,-14.25,0.28,-40.82,0.02,0.37,0.24
36342042,4.02,-8.71,3.29,15.99,13.56,-30.69,0.01,0.37,0.25
36355922,3.27,-7.00,1.24,23.40,-7.19,-21.07,0.01,0.37,0.25
36364916,3.13,-6.41,0.22,26.61,-3.52,-12.42,-0.00,0.36,0.25
36377600,2.74,-6.53,-0.52,24.85,5.44,0.43,-0.00,0.36,0.25
36387216,2.47,-7.31,-0.90,17.18,11.66,6.76,-0.01,0.35,0.25
36398531,2.06,-8.33,-1.10,4.31,21.17,9.19,-0.01,0.35,0.25
36409546,1.41,-9.15,-0.82,-6.12,23.83,10.18,-0.00,0.36,0.25
36418747,0.89,-9.76,-0.66,-14.51,20.01,10.08,-0.00,0.36,0.25
36428239,0.68,-10.26,-0.44,-23.07,15.58,9.32,-0.00,0.36,0.25
36437321,0.47,-10.39,-0.02,-28.79,15.15,8.46,-0.01,0.37,0.25
36447002,0.50,-10.63,0.46,-30.30,13.77,8.36,-0.01,0.37,0.25
36456480,0.60,-10.73,0.50,-28.03,9.08,8.11,-0.01,0.37,0.25
36465418,0.81,-10.59,0.47,-24.77,3.39,11.17,0.00,0.37,0.24
36474918,1.39,-10.29,0.39,-20.88,0.31,11.36,0.00,0.37,0.24
36484136,2.00,-9.84,0.45,-14.38,3.33,14.23,0.00,0.37,0.24
36493241,2.33,-9.54,0.34,-6.78,7.22,17.21,0.00,0.37,0.24
36502746,2.51,-9.12,0.03,-0.78,8.95,19.69,0.00,0.37,0.24
36512736,2.48,-8.68,-0.45,4.70,12.04,20.88,0.00,0.36,0.24
36521794,2.34,-8.15,-0.72,6.88,16.74,20.66,0.00,0.36,0.24
36531353,1.95,-7.96,-0.82,5.84,21.23,18.48,0.00,0.36,0.24
36540434,1.48,-7.72,-0.93,3.34,22.56,15.98,0.01,0.37,0.24
36549459,0.93,-7.68,-1.08,-1.17,21.23,12.40,0.01,0.37,0.24
36558876,0.47,-7.67,-1.03,-6.62,17.53,10.27,0.01,0.37,0.24
36606129,0.15,-8.49,-0.91,-7.69,-6.26,12.22,0.01,0.37,0.23
36624986,0.43,-8.56,-1.33,0.25,-13.51,10.06,0.01,0.37,0.23
36635599,0.54,-8.57,-1.51,3.32,-17.60,7.05,0.01,0.37,0.23
36719377,0.84,-8.04,-0.69,-7.41,-27.67,-16.27,0.02,0.37,0.23
36728651,0.90,-8.13,-0.32,-16.38,-22.34,-13.61,0.02,0.37,0.23
36737692,0.70,-8.61,-0.17,-19.99,-22.43,-13.97,0.01,0.37,0.23
36746879,0.78,-9.12,0.21,-22.00,-25.19,-11.02,0.01,0.37,0.23
36779585,2.56,-11.59,-0.41,-13.91,-12.46,3.76,0.02,0.37,0.24
36800224,5.21,-11.35,0.56,-35.88,20.73,20.81,0.02,0.37,0.24
36819265,3.97,-14.85,0.46,-27.12,55.24,38.28,0.02,0.38,0.23
36854395,0.27,-14.39,2.16,22.44,60.86,8.57,0.02,0.38,0.22
36865940,-0.57,-12.06,1.45,42.53,33.88,-6.47,0.02,0.38,0.22
36877237,-0.32,-9.95,0.90,38.40,5.00,-12.17,0.02,0.38,0.22
36902899,0.72,-8.96,-0.48,6.30,-12.70,-0.64,0.01,0.38,0.23
36927276,1.52,-7.17,0.80,-12.66,7.12,15.03,0.02,0.38,0.23
36937317,2.02,-6.66,1.33,-16.86,7.16,19.39,0.02,0.38,0.23
36946356,2.44,-6.30,1.63,-20.47,4.12,21.46,0.02,0.38,0.23
36973228,3.15,-7.28,2.28,-31.71,-11.94,21.55,0.02,0.39,0.22
37016375,3.27,-10.68,1.73,4.06,-14.44,14.41,0.03,0.38,0.22
37030048,2.68,-10.74,1.39,10.81,-8.86,5.02,0.03,0.39,0.22
37040625,2.32,-10.38,1.44,17.44,-4.12,1.07,0.03,0.39,0.22
37049772,1.95,-9.76,1.43,20.91,-1.86,-3.05,0.03,0.39,0.22
37093530,1.19,-8.34,0.18,7.04,-2.74,-9.12,0.03,0.38,0.22
37110160,1.21,-8.46,0.14,-1.64,-0.76,-6.76,0.03,0.38,0.23
37124072,1.21,-8.43,0.21,-7.30,2.52,-3.51,0.03,0.38,0.23
37133616,1.24,-8.55,0.22,-9.27,4.75,-0.78,0.03,0.38,0.21
37155876,1.24,-8.85,0.32,-9.58,11.55,3.92,0.03,0.38,0.22
37204402,0.79,-9.31,0.30,1.01,23.86,1.15,0.03,0.38,0.20
37221195,0.59,-9.18,0.09,2.45,28.32,0.20,0.03,0.38,0.20
37232408,0.51,-9.07,0.02,2.28,31.59,0.15,0.02,0.38,0.21
37241801,0.53,-9.07,-0.01,2.45,34.78,0.52,0.02,0.38,0.21
37253482,0.45,-9.12,-0.38,6.54,39.40,0.76,0.02,0.38,0.21
37262542,0.36,-9.13,-0.49,6.82,42.30,0.93,0.02,0.37,0.22
37271800,0.20,-9.05,-0.45,8.40,44.56,1.74,0.02,0.37,0.22
37281159,0.08,-8.88,-0.30,7.72,46.37,2.47,0.02,0.38,0.22
37292084,-0.13,-8.78,-0.13,6.34,46.58,3.71,0.02,0.38,0.22
37301202,-0.19,-8.91,-0.03,6.81,44.42,5.75,0.02,0.38,0.22
37310581,-0.22,-9.13,0.15,7.01,40.78,8.09,0.01,0.38,0.23
37320560,-0.15,-9.39,0.42,7.48,35.07,10.19,0.01,0.38,0.23
37330606,-0.03,-9.62,0.49,7.86,26.66,10.58,0.01,0.38,0.22
37339813,0.15,-9.84,0.41,7.60,20.41,8.47,0.01,0.38,0.22
37348970,0.49,-10.00,0.19,8.46,16.06,4.42,0.01,0.38,0.22
37358318,0.81,-10.02,0.21,9.78,13.41,-1.23,0.00,0.36,0.21
37382363,1.30,-10.39,0.39,13.97,-0.33,-19.86,0.01,0.38,0.22
37422156,3.73,-11.86,-0.43,-4.27,-10.46,-24.72,-0.00,0.38,0.22
37432760,4.33,-12.85,0.03,-2.84,3.18,-24.74,-0.01,0.37,0.22
37442024,4.34,-13.22,0.28,1.15,17.20,-24.28,-0.01,0.37,0.22
37470064,3.74,-12.41,0.82,5.54,57.77,-16.57,-0.01,0.37,0.22
37507776,2.47,-9.07,2.63,-1.85,84.30,-17.99,-0.01,0.35,0.22
37517768,2.08,-8.27,2.29,3.21,75.66,-17.84,-0.01,0.35,0.22
37549462,1.92,-7.06,-1.34,3.24,62.67,-6.09,-0.03,0.37,0.22
37569727,1.27,-8.36,-1.44,-9.72,75.83,8.93,-0.03,0.37,0.21
37581535,0.48,-9.44,-0.66,-18.31,78.79,14.45,-0.04,0.37,0.21
37591038,0.24,-10.13,-0.17,-20.33,75.05,18.47,-0.04,0.37,0.21
37626196,0.79,-10.99,0.57,-16.07,66.36,21.06,-0.05,0.38,0.21
37646670,1.98,-10.25,-0.12,-10.43,62.98,17.05,-0.04,0.38,0.21
37656348,2.14,-9.47,-0.28,-6.76,62.87,14.61,-0.04,0.38,0.18
37669190,2.05,-8.60,-0.56,-3.66,60.70,12.33,-0.04,0.38,0.18
37702129,1.74,-7.73,-1.59,-3.46,59.81,11.38,-0.05,0.39,0.19
37742289,-0.04,-8.44,-1.39,-3.94,48.13,12.42,-0.05,0.38,0.17
37753498,-0.35,-8.49,-1.31,-7.86,40.76,13.13,-0.06,0.39,0.18
37763504,-0.44,-8.51,-1.16,-13.82,33.14,14.32,-0.06,0.39,0.18
37810363,0.52,-8.76,-1.42,-3.23,7.05,9.96,-0.05,0.39,0.16
37820513,0.63,-8.50,-1.75,0.81,1.59,6.26,-0.05,0.39,0.16
37872783,0.35,-8.98,-0.97,-8.93,-6.47,-4.01,-0.05,0.39,0.16
37881917,0.48,-9.09,-0.96,-10.84,-5.36,-6.29,-0.05,0.38,0.16
37890917,0.64,-9.11,-0.56,-13.52,-3.57,-8.47,-0.05,0.38,0.16
37951338,0.53,-10.07,-0.83,-7.87,-10.62,-15.96,-0.06,0.39,0.17
37966966,1.41,-10.00,-0.53,-3.95,-12.23,-7.88,-0.06,0.38,0.16
37976375,2.63,-9.87,0.24,-25.17,-2.13,0.61,-0.06,0.38,0.17
37985422,3.13,-11.64,0.06,-35.09,11.90,12.17,-0.06,0.38,0.17
37994801,3.14,-13.52,-0.03,-25.84,11.65,20.93,-0.06,0.38,0.17
38004540,3.85,-14.29,0.09,-22.80,18.19,30.14,-0.06,0.38,0.15
38015088,4.34,-14.90,0.76,-30.43,44.34,39.86,-0.06,0.38,0.15
38024661,4.19,-15.28,2.24,-37.13,61.92,46.75,-0.06,0.38,0.15
38035282,3.53,-15.69,2.53,-22.05,66.66,47.47,-0.06,0.38,0.15
38045569,2.71,-14.74,2.29,7.99,66.17,42.06,-0.06,0.38,0.15
38055178,1.91,-13.15,1.72,25.39,59.25,35.55,-0.05,0.39,0.14
38065091,1.66,-11.65,1.01,34.75,50.12,28.35,-0.05,0.39,0.14
38074447,1.56,-10.23,0.40,40.76,44.12,18.66,-0.05,0.39,0.14
38084039,1.39,-8.43,-0.01,43.10,38.72,9.22,-0.05,0.39,0.14
38095647,1.25,-6.41,0.07,34.49,30.61,-1.26,-0.05,0.39,0.14
38106014,1.29,-4.73,0.27,15.69,20.80,-6.05,-0.05,0.40,0.14
38118216,1.74,-4.06,0.39,-16.04,7.82,-6.02,-0.05,0.40,0.14
38127760,2.32,-4.50,0.52,-42.26,1.09,-3.52,-0.06,0.39,0.15
38138103,2.89,-5.61,0.80,-63.44,0.11,0.66,-0.06,0.39,0.15
38184106,3.71,-10.74,3.20,-19.60,13.77,11.45,-0.06,0.40,0.13
38193302,3.87,-10.84,3.17,-5.78,14.42,11.02,-0.06,0.40,0.13
38202862,3.72,-10.60,3.20,6.02,16.61,10.04,-0.05,0.40,0.13
38232584,2.35,-9.82,2.14,27.74,22.97,5.36,-0.06,0.39,0.12
38256378,1.45,-9.29,0.69,14.35,30.32,2.45,-0.05,0.39,0.13
38305493,1.17,-9.17,0.87,-15.40,28.81,-0.21,-0.06,0.39,0.11
38316040,1.33,-9.12,0.85,-12.39,28.69,-0.07,-0.06,0.39,0.11
38329995,1.42,-9.09,0.87,-9.35,28.01,0.28,-0.06,0.39,0.14
38359519,1.77,-9.00,0.50,-7.82,32.93,2.88,-0.05,0.39,0.11
38391271,2.40,-9.42,0.61,-12.20,56.90,2.56,-0.06,0.40,0.11
38400519,2.47,-9.75,0.71,-11.93,63.03,0.74,-0.06,0.40,0.10
38438744,2.66,-10.77,0.51,1.76,92.79,-16.63,-0.07,0.40,0.10
38456612,2.16,-10.44,1.21,7.15,114.34,-18.33,-0.07,0.40,0.10
38469534,1.53,-10.10,2.14,22.30,110.77,-14.94,-0.07,0.40,0.10
38485131,1.18,-9.46,1.79,35.52,90.60,-7.47,-0.08,0.40,0.09
38508120,0.27,-9.22,0.56,33.41,81.83,-2.26,-0.08,0.39,0.09
38535664,0.75,-9.67,0.93,7.73,72.77,-10.13,-0.08,0.39,0.09
38548937,1.60,-10.46,0.23,-2.47,67.13,-21.85,-0.08,0.39,0.09
38575184,1.66,-9.59,0.22,-2.13,68.62,-27.50,-0.09,0.39,0.10
38586420,2.08,-9.53,0.04,0.27,73.18,-21.20,-0.09,0.39,0.10
38595990,2.24,-9.40,0.19,8.66,77.40,-13.82,-0.09,0.39,0.10
38635369,0.82,-8.17,0.17,13.76,61.87,5.89,-0.10,0.39,0.08
38670494,-0.06,-9.15,0.29,3.18,37.28,10.39,-0.10,0.38,0.07
38679800,0.17,-9.36,0.12,3.33,31.29,10.52,-0.11,0.38,0.08
38689502,0.44,-9.61,-0.22,2.87,27.62,9.55,-0.11,0.38,0.08
38720498,1.11,-9.64,-0.51,2.74,21.53,3.18,-0.10,0.38,0.07
38733243,1.21,-9.49,-0.69,1.96,20.44,1.69,-0.10,0.37,0.07
38766453,1.22,-8.81,-0.90,-0.14,20.69,4.21,-0.10,0.39,0.07
38797040,1.29,-9.02,-0.96,-1.78,13.77,3.43,-0.10,0.39,0.06
38807438,1.25,-9.31,-0.94,-0.85,13.69,2.48,-0.11,0.39,0.07
38817229,1.18,-9.32,-0.99,0.98,13.19,1.05,-0.11,0.39,0.07
38855108,0.73,-9.22,-0.71,0.38,10.92,-1.40,-0.10,0.39,0.07
38868746,0.62,-9.35,-0.74,-3.40,8.83,-1.25,-0.10,0.39,0.07
38907971,0.94,-10.08,-0.85,-1.88,4.84,3.34,-0.10,0.39,0.06
38939091,1.12,-10.07,-0.71,2.00,2.00,4.55,-0.10,0.39,0.07
38948156,1.10,-9.99,-0.81,2.27,1.04,5.14,-0.10,0.39,0.06
38957754,1.07,-9.92,-0.88,3.09,-0.09,5.74,-0.10,0.39,0.06
38992076,1.19,-9.54,-0.72,1.90,-3.54,6.09,-0.10,0.39,0.06
39001459,1.20,-9.47,-0.70,2.01,-4.45,6.12,-0.09,0.38,0.06
39016418,1.25,-9.37,-0.66,2.62,-6.13,5.96,-0.09,0.38,0.06
39050189,1.48,-9.22,-0.89,-0.79,-7.55,3.20,-0.10,0.39,0.06
39079273,1.46,-9.34,-0.83,-3.52,-4.87,2.33,-0.10,0.39,0.07
39089161,1.39,-9.62,-0.87,-3.91,-4.09,2.61,-0.10,0.39,0.07
39098103,1.32,-9.61,-0.92,-3.70,-3.15,2.66,-0.09,0.39,0.06
39133742,0.93,-10.03,-0.60,-2.59,-4.50,1.58,-0.10,0.39,0.07
39174854,2.57,-9.65,-1.13,9.48,-6.77,-0.67,-0.10,0.39,0.07
39198113,1.56,-9.42,-0.82,5.18,5.08,-1.09,-0.09,0.38,0.07
39218843,0.90,-9.72,-0.31,7.15,8.36,-1.45,-0.09,0.38,0.07
39228155,0.60,-9.74,-0.20,10.03,5.07,-1.98,-0.10,0.39,0.06
39241236,0.52,-9.61,-0.38,12.90,0.25,-2.03,-0.10,0.39,0.06
39254686,0.66,-9.40,-0.61,13.37,-3.12,-1.64,-0.10,0.39,0.07
39263820,0.78,-9.31,-0.88,12.92,-4.30,-1.02,-0.10,0.39,0.07
39278059,0.95,-9.28,-1.05,10.39,-4.30,0.27,-0.11,0.38,0.08
39292468,1.05,-9.43,-0.92,7.26,-3.31,0.96,-0.11,0.38,0.08
39314308,1.12,-9.66,-0.92,6.46,-0.95,1.30,-0.09,0.39,0.08
40015222,0.89,-9.65,-0.93,3.33,6.66,3.97,-0.10,0.39,0.09
40046727,0.95,-9.63,-1.03,5.12,7.50,3.79,-0.10,0.39,0.09
40125149,0.84,-9.58,-1.20,5.01,6.19,3.72,-0.10,0.38,0.10
40153163,0.79,-9.60,-1.06,6.62,4.57,3.11,-0.09,0.38,0.09
40180376,0.82,-9.57,-1.12,5.96,3.77,3.55,-0.09,0.38,0.10
40246496,0.92,-9.47,-1.28,4.72,5.65,4.46,-0.09,0.38,0.10
40310966,1.12,-9.50,-1.20,4.33,4.28,3.65,-0.09,0.39,0.11
40346995,1.05,-9.57,-1.42,2.64,3.18,2.42,-0.10,0.39,0.09
40418138,0.73,-9.35,-1.44,-3.62,9.21,4.59,-0.10,0.38,0.10
40443649,0.73,-9.19,-1.55,-4.64,12.03,6.89,-0.10,0.39,0.09
40484218,0.96,-9.52,-1.38,-9.98,8.78,6.82,-0.09,0.39,0.10
40572106,1.14,-9.56,-1.42,-1.55,3.35,3.45,-0.10,0.39,0.09
40644340,0.98,-9.54,-1.19,-3.46,10.11,7.11,-0.09,0.39,0.08
40657799,0.95,-9.44,-1.18,-2.44,10.25,7.14,-0.09,0.39,0.08
40696497,0.96,-9.60,-1.24,-2.84,8.43,6.69,-0.09,0.38,0.08
40734780,0.80,-9.55,-1.08,-0.19,9.56,6.26,-0.09,0.39,0.08
40795641,0.91,-9.53,-1.31,-2.27,8.24,4.72,-0.09,0.39,0.09
40821158,0.92,-9.52,-1.01,-3.27,7.80,4.65,-0.09,0.39,0.10
40853361,0.97,-9.47,-0.95,1.07,6.23,4.45,-0.09,0.39,0.08
40881327,1.08,-9.58,-1.11,3.18,5.50,4.06,-0.09,0.39,0.08
40932862,1.28,-9.70,-1.15,1.66,5.64,1.99,-0.09,0.40,0.08
40947061,1.43,-9.78,-1.24,3.45,5.68,1.13,-0.09,0.40,0.09
40976952,1.10,-9.82,-1.34,13.41,10.32,-0.80,-0.10,0.40,0.08
41015030,0.51,-9.41,-1.25,24.40,6.16,-2.63,-0.09,0.39,0.08
41046741,0.24,-9.28,-1.55,16.20,-3.27,-1.42,-0.09,0.39,0.09
41080896,0.33,-9.54,-1.22,9.24,-9.93,1.46,-0.09,0.39,0.10
41127360,0.87,-9.42,-1.33,2.51,-15.53,4.86,-0.09,0.39,0.10
41160978,1.28,-9.41,-1.63,6.70,-16.40,3.54,-0.09,0.38,0.09
41194424,1.02,-9.36,-1.58,2.31,-9.66,2.81,-0.11,0.39,0.10
41284753,1.60,-9.62,-1.57,8.02,1.45,1.69,-0.10,0.39,0.10
41336374,1.47,-9.23,-1.92,9.75,11.94,2.39,-0.09,0.39,0.12
41378704,0.85,-9.51,-1.74,12.30,16.76,2.82,-0.09,0.39,0.11
41406560,0.80,-9.53,-1.48,11.94,12.00,2.87,-0.10,0.39,0.11
41442017,0.90,-9.21,-2.03,7.85,5.31,3.39,-0.10,0.39,0.11
41480122,0.85,-9.09,-2.14,-0.16,6.56,5.98,-0.10,0.38,0.11
41507129,0.97,-9.36,-2.15,-4.52,7.22,7.18,-0.10,0.39,0.11
41545338,0.94,-9.55,-1.92,-8.37,6.99,4.74,-0.09,0.39,0.10
41569561,0.91,-9.66,-1.64,-3.06,3.18,3.39,-0.09,0.38,0.12
41613277,1.28,-9.38,-1.89,3.46,1.85,3.92,-0.09,0.39,0.12
41671854,0.77,-9.31,-2.30,5.76,0.46,0.25,-0.10,0.38,0.12
41696112,0.23,-9.99,-1.39,6.76,-0.62,-0.49,-0.09,0.38,0.11
41739081,0.66,-9.17,-1.79,6.77,-8.65,1.37,-0.10,0.38,0.12
41773865,1.11,-9.30,-2.18,1.86,-6.95,-0.08,-0.09,0.38,0.12
41827377,1.22,-9.43,-2.15,4.29,-6.21,-2.99,-0.09,0.38,0.12
41888662,1.15,-9.58,-1.75,13.61,2.13,-2.29,-0.10,0.38,0.13
41950913,1.31,-9.49,-2.60,3.12,-17.61,-0.22,-0.10,0.38,0.13
42014595,0.79,-8.65,-2.09,-7.45,5.47,8.18,-0.10,0.37,0.13
42068994,0.98,-9.86,-1.87,-12.88,10.39,4.74,-0.09,0.38,0.11
