17827717,-1.79,-7.02,-1.67,-3.05,9.29,45.56,-0.03,0.34,0.25
17837157,-1.71,-8.11,-1.41,-19.15,7.06,49.92,-0.03,0.34,0.25
17846829,-1.62,-9.76,-0.92,-25.84,-1.37,51.87,-0.03,0.34,0.25
17862681,-1.14,-11.67,-1.13,-17.02,-14.33,42.83,-0.02,0.34,0.24
17872646,-1.68,-12.61,-1.80,-21.87,-10.81,30.77,-0.02,0.34,0.24
17881874,-2.47,-13.87,-2.60,-35.77,-0.38,16.55,-0.02,0.34,0.24
17891440,-2.91,-14.22,-2.85,-44.61,15.38,-2.50,-0.02,0.34,0.24
17900602,-2.82,-13.93,-2.77,-44.67,21.81,-19.08,-0.02,0.34,0.24
17909932,-2.50,-14.19,-3.36,-41.53,22.35,-30.02,-0.01,0.35,0.24
17918984,-2.24,-14.00,-2.83,-30.98,21.12,-31.51,-0.01,0.35,0.24
17928747,-3.03,-12.25,1.02,-12.76,11.92,-27.01,-0.02,0.35,0.23
17938642,-2.82,-11.74,3.59,-4.75,-17.24,-26.43,-0.02,0.35,0.23
17948022,-2.48,-12.24,1.53,-4.61,-24.13,-31.37,-0.02,0.35,0.23
17957648,-2.94,-13.36,0.55,-16.49,-5.91,-41.15,-0.03,0.34,0.23
17967411,-2.96,-13.43,0.16,-27.79,6.43,-56.07,-0.03,0.34,0.23
17976831,-2.86,-12.95,0.68,-34.40,11.82,-69.10,-0.03,0.34,0.23
17985935,-3.07,-11.95,2.57,-25.00,17.15,-73.08,-0.03,0.35,0.23
17995210,-1.92,-10.33,5.11,9.95,6.26,-70.63,-0.03,0.35,0.23
18008628,-0.05,-7.49,5.49,75.51,-21.67,-61.19,-0.04,0.34,0.22
18017777,0.35,-5.87,4.49,80.55,-25.08,-47.94,-0.04,0.34,0.22
18027423,0.09,-5.99,3.47,48.59,-23.34,-28.04,-0.04,0.34,0.25
18036607,1.00,-7.81,2.16,0.24,-29.36,-6.68,-0.05,0.34,0.25
18046231,2.12,-10.24,-0.39,-52.66,-33.42,10.35,-0.05,0.34,0.25
18057562,2.59,-12.72,-1.40,-100.43,-20.39,23.25,-0.04,0.34,0.24
18070835,1.49,-15.33,-0.42,-112.79,3.75,36.86,-0.04,0.34,0.24
18080069,-0.52,-16.83,1.57,-84.27,12.37,36.21,-0.05,0.35,0.22
18089208,-1.81,-17.50,3.52,-17.62,2.72,35.81,-0.05,0.35,0.22
18098369,-2.56,-17.28,5.59,70.13,-25.76,25.86,-0.05,0.35,0.22
18110315,-2.59,-14.52,5.80,197.73,-71.00,9.16,-0.03,0.34,0.21
18119738,-1.90,-11.53,4.75,256.50,-85.01,5.58,-0.03,0.34,0.21
18129008,-1.03,-8.56,2.73,259.74,-82.40,10.27,-0.03,0.32,0.26
18138646,-0.05,-2.95,-3.04,156.76,-34.13,20.59,-0.03,0.32,0.26
18149510,-1.40,-2.58,0.07,31.32,-15.00,36.48,-0.03,0.32,0.26
18159208,-1.79,-3.99,1.02,-41.03,-25.08,49.69,-0.03,0.31,0.29
18169490,-0.94,-6.62,2.09,-62.52,-38.72,56.13,-0.03,0.31,0.29
18178689,-0.93,-7.64,1.73,-45.60,-40.81,64.01,-0.01,0.33,0.27
18187823,-0.67,-8.45,1.10,-24.17,-49.52,58.46,-0.01,0.33,0.27
18197244,-0.32,-8.60,0.69,7.05,-64.59,51.80,-0.01,0.33,0.27
18206804,0.06,-8.11,0.70,21.17,-74.15,49.76,0.00,0.32,0.29
18217143,0.80,-6.91,-0.06,21.34,-86.05,40.71,0.00,0.32,0.29
18226843,1.47,-5.89,-0.17,3.15,-76.32,45.26,0.00,0.33,0.29
18237079,1.70,-6.02,0.97,-11.06,-72.02,31.91,0.02,0.33,0.29
18246649,1.00,-5.88,0.33,-19.28,-65.78,28.33,0.02,0.33,0.29
18255748,0.65,-6.06,-0.19,-26.49,-59.60,25.36,0.03,0.32,0.28
18265477,0.60,-6.55,-0.72,-29.73,-52.16,22.53,0.03,0.32,0.28
18275839,0.46,-6.52,-1.07,-25.51,-49.90,15.05,0.03,0.32,0.28
18285889,0.89,-6.50,-1.40,-23.71,-48.45,12.18,0.05,0.33,0.29
18295368,1.39,-6.56,-1.62,-21.47,-46.31,6.64,0.05,0.33,0.29
18305352,1.47,-6.58,-1.91,-18.28,-40.17,4.24,0.05,0.34,0.28
18318386,1.07,-6.75,-1.97,-15.64,-38.78,2.03,0.05,0.34,0.28
18327871,0.31,-7.07,-2.09,-10.52,-42.53,-1.04,0.05,0.33,0.28
18337054,0.01,-7.53,-1.87,-0.49,-47.05,-5.70,0.05,0.33,0.28
18346210,-0.49,-8.22,-1.57,8.14,-51.00,-10.37,0.05,0.33,0.28
18355770,-0.49,-8.70,-1.50,14.17,-57.33,-15.73,0.06,0.33,0.28
18364828,-0.56,-8.91,-1.68,15.42,-58.75,-19.50,0.06,0.33,0.28
18375064,-0.85,-9.19,-0.98,11.32,-59.14,-20.13,0.06,0.33,0.28
18384464,-1.05,-9.68,-0.73,7.29,-62.57,-15.69,0.05,0.33,0.29
18394088,-0.73,-10.73,-0.53,-3.71,-60.95,-15.57,0.05,0.33,0.29
18404262,-0.14,-12.59,-0.88,-12.52,-45.36,-11.30,0.06,0.33,0.28
18420501,-0.36,-16.39,-4.52,0.05,-17.73,-2.15,0.06,0.33,0.28
18430338,-0.67,-16.52,-6.48,11.26,4.46,8.98,0.07,0.33,0.29
18440736,-1.74,-15.13,-7.36,18.75,14.24,12.93,0.07,0.33,0.29
18452037,-3.41,-12.69,-5.97,27.52,2.68,4.37,0.07,0.33,0.28
18462064,-4.40,-9.70,-3.99,24.55,-22.74,1.86,0.07,0.33,0.28
18476596,0.03,-6.54,0.76,8.60,-62.28,4.41,0.07,0.32,0.29
18485715,2.99,-7.46,1.29,12.71,-66.61,12.22,0.07,0.32,0.29
18494869,1.78,-11.03,1.61,11.68,-55.79,25.63,0.07,0.32,0.29
18504109,2.39,-16.47,0.82,25.81,-66.09,34.25,0.08,0.33,0.29
18513715,3.43,-19.60,0.32,61.08,-53.66,39.51,0.08,0.33,0.29
18523167,4.79,-19.60,1.27,101.65,-9.90,42.65,0.08,0.33,0.29
18532430,5.31,-14.15,1.63,120.36,31.73,38.68,0.09,0.32,0.32
18541844,3.35,-8.86,2.14,104.02,56.15,36.79,0.09,0.32,0.32
18551309,0.44,-6.90,0.90,57.97,30.24,32.65,0.09,0.30,0.32
18560412,-0.49,-7.18,1.48,25.33,-10.62,24.55,0.09,0.30,0.32
18571005,0.50,-8.48,2.23,30.60,-48.41,14.72,0.09,0.30,0.32
18580870,-0.09,-9.24,2.11,53.46,-53.55,5.04,0.09,0.30,0.34
18590347,-0.94,-9.64,2.48,59.39,-52.54,-6.64,0.09,0.30,0.34
18599563,-2.06,-9.04,2.38,44.97,-48.87,-16.50,0.09,0.30,0.34
18609045,-1.38,-9.50,1.95,-1.54,-39.94,-10.05,0.10,0.30,0.33
18618268,-0.68,-10.72,1.07,-45.06,-15.41,-10.60,0.10,0.30,0.33
18627566,-0.04,-11.05,1.21,-67.23,4.93,-15.32,0.10,0.31,0.33
18636750,0.88,-11.21,0.08,-62.97,10.63,-28.26,0.10,0.31,0.33
18646835,1.60,-11.34,-1.17,-53.94,21.36,-38.47,0.10,0.31,0.33
18656229,1.30,-10.94,-0.96,-48.42,34.68,-47.69,0.09,0.31,0.32
18665476,0.70,-10.06,-0.07,-45.73,41.58,-53.93,0.09,0.31,0.32
18680657,0.83,-8.67,0.77,-44.18,39.23,-52.77,0.08,0.32,0.33
18689969,0.84,-7.47,1.27,-40.14,45.64,-49.12,0.08,0.32,0.33
18699900,1.22,-6.67,1.37,-44.57,46.36,-42.53,0.08,0.32,0.33
18709228,1.26,-6.25,1.29,-39.24,45.84,-32.99,0.07,0.32,0.31
18718306,1.79,-5.10,1.47,-23.36,44.98,-27.83,0.07,0.32,0.31
18727508,1.30,-6.74,-0.57,-24.31,52.05,-23.19,0.06,0.33,0.30
18736550,0.87,-7.53,-0.63,-33.72,65.59,-20.26,0.06,0.33,0.30
18745873,-0.39,-8.29,-0.44,-47.24,78.13,-20.19,0.06,0.33,0.30
18755265,-0.93,-8.34,0.50,-50.55,88.52,-13.90,0.05,0.33,0.29
18764347,-1.62,-8.07,0.87,-48.36,92.22,-9.27,0.05,0.33,0.29
18775051,-2.01,-7.88,1.07,-42.98,95.51,-6.02,0.05,0.33,0.29
18784927,-2.42,-7.62,1.13,-36.49,91.85,-3.85,0.04,0.34,0.28
18794134,-2.67,-7.62,0.84,-26.08,86.45,-0.58,0.04,0.34,0.28
18803247,-2.95,-7.19,0.44,-13.09,77.20,0.92,0.03,0.34,0.27
18812272,-3.10,-6.70,0.23,-5.82,64.07,2.52,0.03,0.34,0.27
18826840,-3.03,-6.27,-0.71,-15.46,53.72,8.85,0.02,0.34,0.28
18835971,-3.00,-6.76,-1.10,-29.47,54.69,14.75,0.02,0.34,0.28
18845292,-3.12,-7.52,-0.74,-39.19,59.26,20.24,0.02,0.34,0.28
18854518,-3.37,-8.42,-0.24,-34.26,58.90,23.56,0.01,0.33,0.27
18865635,-3.42,-8.82,0.02,-11.20,49.15,25.11,0.01,0.33,0.27
18876944,-3.25,-8.50,-0.19,8.40,35.07,26.64,0.01,0.35,0.26
18886786,-2.79,-8.03,-0.84,15.72,23.20,29.22,0.01,0.35,0.26
18896113,-2.19,-8.20,-1.38,12.01,17.90,33.53,0.01,0.35,0.26
18905773,-1.62,-8.65,-1.96,3.05,14.74,38.84,0.02,0.36,0.26
18914950,-1.23,-9.37,-2.24,-5.82,11.59,42.58,0.02,0.36,0.26
18924663,-1.09,-10.36,-2.34,-8.20,7.62,43.82,0.02,0.36,0.26
18934589,-1.41,-11.22,-2.44,-5.24,4.28,39.51,0.02,0.35,0.26
18944027,-2.42,-11.28,-2.06,-4.05,2.49,31.02,0.02,0.35,0.26
18956661,-3.57,-11.82,-2.11,-25.31,6.01,14.96,0.02,0.35,0.27
18966066,-3.82,-12.25,-2.14,-47.39,16.76,-0.15,0.02,0.35,0.27
18978078,-3.26,-12.30,-1.82,-56.09,24.85,-19.27,0.02,0.36,0.26
18991115,-2.15,-13.04,-2.72,-47.10,20.27,-31.99,0.02,0.36,0.26
19000591,-1.46,-13.10,-2.47,-24.19,19.90,-33.01,0.02,0.37,0.25
19009975,-2.60,-11.27,0.33,-0.29,23.44,-26.82,0.02,0.37,0.25
19019564,-3.14,-9.68,6.07,0.12,-1.15,-19.19,0.02,0.37,0.25
19031953,-1.95,-12.30,3.31,-5.83,-20.08,-23.71,0.01,0.36,0.25
19041108,-2.72,-13.97,2.62,-10.46,2.58,-37.78,0.01,0.36,0.25
19050101,-2.90,-13.67,3.49,-19.08,4.24,-60.50,0.01,0.36,0.25
19070427,-2.35,-11.61,4.75,5.49,0.53,-86.83,0.01,0.37,0.25
19083051,-0.85,-9.99,4.11,64.74,-15.65,-80.52,-0.00,0.35,0.25
19092729,-0.11,-8.40,3.59,78.43,-33.43,-65.36,-0.00,0.35,0.25
19101849,0.32,-8.28,3.25,46.69,-42.75,-45.93,-0.01,0.36,0.26
19112288,1.28,-9.63,1.56,-7.39,-47.92,-21.28,-0.01,0.36,0.26
19121365,2.27,-11.26,-0.14,-56.08,-40.00,-3.44,-0.01,0.36,0.26
19130425,2.73,-13.32,-1.27,-89.14,-17.78,12.49,-0.03,0.33,0.26
19139583,2.41,-14.64,-1.24,-99.43,7.03,23.25,-0.03,0.33,0.26
19148731,1.50,-16.01,-0.30,-84.14,26.63,30.94,-0.03,0.33,0.26
19158636,-0.59,-16.82,1.87,-34.45,31.14,33.82,-0.02,0.37,0.25
19167787,-2.95,-17.08,4.40,31.81,19.39,37.57,-0.02,0.37,0.25
19177290,-4.32,-16.12,7.45,136.74,-21.18,31.02,-0.01,0.37,0.25
19192110,-3.97,-12.32,6.77,276.46,-99.80,14.32,-0.01,0.37,0.25
19201491,-2.36,-8.51,2.78,286.67,-111.42,15.40,0.00,0.35,0.28
19211293,-0.42,-1.91,-3.21,190.15,-55.57,23.97,0.00,0.35,0.28
19220744,-1.06,-1.70,-0.38,65.73,-35.12,37.75,0.00,0.35,0.28
19229832,-1.03,-1.56,-0.32,-17.68,-32.75,53.11,0.01,0.32,0.31
19239304,-0.25,-4.88,1.00,-62.42,-22.76,66.12,0.01,0.32,0.31
19250255,0.82,-7.49,1.47,-62.12,-18.94,66.57,0.03,0.34,0.30
19259912,-0.19,-7.71,0.56,-39.32,-27.96,59.99,0.03,0.34,0.30
19269480,0.38,-9.07,0.51,-15.99,-43.82,55.69,0.03,0.34,0.30
19278629,1.00,-8.98,-0.32,7.57,-60.58,56.96,0.04,0.34,0.30
19287654,1.41,-7.47,-0.82,19.80,-79.19,34.46,0.04,0.34,0.30
19297427,1.30,-6.52,-1.02,6.33,-67.69,34.10,0.04,0.34,0.30
19306672,0.03,-4.85,-0.49,-15.71,-46.89,33.22,0.05,0.34,0.31
19316023,-0.08,-5.01,0.53,-29.60,-48.87,25.78,0.05,0.34,0.31
19325628,0.85,-5.62,0.34,-33.01,-57.26,26.07,0.06,0.34,0.30
19335074,1.64,-6.18,-0.21,-29.87,-57.01,20.86,0.06,0.34,0.30
19344397,1.73,-5.82,-1.02,-24.41,-47.60,17.33,0.06,0.34,0.30
19353737,1.69,-5.78,-1.58,-27.88,-34.69,17.61,0.07,0.34,0.29
19363476,1.44,-6.01,-1.66,-34.60,-28.84,16.03,0.07,0.34,0.29
19373484,1.23,-6.51,-1.91,-37.27,-25.31,12.96,0.07,0.34,0.29
19382917,0.79,-6.90,-2.20,-35.45,-23.69,9.97,0.08,0.35,0.29
19400236,0.08,-7.81,-1.97,-23.51,-25.62,0.14,0.08,0.35,0.28
19409975,-0.51,-8.56,-1.72,-11.13,-33.16,-4.80,0.08,0.35,0.28
19419404,-0.78,-8.73,-1.81,0.74,-42.00,-12.77,0.08,0.35,0.28
19429297,-1.24,-8.61,-1.87,7.04,-45.70,-19.39,0.08,0.36,0.29
19441452,-1.44,-7.87,-0.67,4.87,-51.85,-26.70,0.08,0.36,0.29
19451895,-1.37,-8.18,-0.36,-8.60,-54.35,-25.82,0.08,0.35,0.29
19463202,-0.97,-9.10,0.76,-22.36,-47.92,-24.52,0.08,0.35,0.29
19474874,0.16,-11.40,-0.11,-24.32,-34.80,-23.89,0.08,0.36,0.28
19485204,-0.68,-14.73,-3.93,-16.14,-9.86,-14.48,0.08,0.36,0.28
19500455,-1.10,-16.89,-6.88,-4.03,-1.13,10.16,0.08,0.36,0.29
19510533,-1.58,-16.76,-6.53,14.13,0.00,19.98,0.08,0.36,0.29
19519957,-2.25,-15.12,-5.91,37.25,-8.85,14.44,0.08,0.36,0.29
19529132,-2.03,-11.09,-3.39,50.37,-9.02,7.40,0.09,0.36,0.28
19538821,-0.16,-7.19,0.35,28.61,-18.93,14.91,0.09,0.36,0.28
19548992,2.58,-8.24,2.96,-14.25,-32.65,34.43,0.09,0.36,0.28
19559220,2.97,-13.55,4.15,-15.14,-34.90,50.50,0.09,0.35,0.29
19568492,2.99,-18.34,2.35,26.22,-36.07,52.60,0.09,0.35,0.29
19577638,3.14,-19.60,-1.19,74.41,-33.75,57.92,0.11,0.35,0.29
19586912,3.73,-19.60,-1.83,119.00,9.39,56.03,0.11,0.35,0.29
19596309,4.43,-14.59,-1.63,154.29,64.72,45.48,0.11,0.35,0.29
19606832,2.29,-6.62,-0.11,133.53,98.96,39.44,0.10,0.34,0.31
19617144,-0.15,-2.98,1.40,65.28,61.96,31.39,0.10,0.34,0.31
19628558,-0.06,-3.42,3.02,-4.31,6.51,18.94,0.09,0.33,0.32
19638466,0.72,-6.44,3.05,-1.59,-18.48,16.49,0.09,0.33,0.32
19647592,-1.35,-8.75,3.58,21.59,-42.18,12.89,0.09,0.33,0.32
19656810,-3.72,-10.51,3.63,53.48,-71.47,1.27,0.10,0.33,0.32
19666511,-4.21,-10.67,3.63,70.62,-90.35,-9.42,0.10,0.33,0.32
19676047,-2.67,-11.39,2.18,47.78,-89.90,-5.01,0.11,0.32,0.33
19685196,-1.29,-12.95,0.00,-0.58,-48.53,9.16,0.11,0.32,0.33
19696178,1.51,-14.26,-1.34,-53.37,18.69,11.31,0.11,0.32,0.33
19706356,1.88,-13.98,-2.46,-61.48,63.39,-2.43,0.12,0.33,0.32
19715550,1.34,-13.30,-1.62,-46.35,70.71,-16.66,0.12,0.33,0.32
19725142,3.91,-13.21,0.13,-39.58,47.89,-42.38,0.10,0.33,0.31
19734235,2.15,-10.23,-0.18,-18.44,42.24,-66.00,0.10,0.33,0.31
19743746,1.47,-8.05,0.26,-23.77,43.83,-69.01,0.10,0.33,0.31
19754315,0.35,-6.85,1.22,-43.96,44.24,-60.38,0.10,0.33,0.31
19763787,0.08,-6.36,1.10,-48.27,34.04,-52.04,0.10,0.33,0.31
19782614,0.20,-6.33,0.65,-48.25,17.07,-43.44,0.08,0.34,0.29
19792152,0.49,-6.45,0.24,-42.74,16.08,-39.97,0.08,0.34,0.29
19812208,0.46,-7.24,-0.19,-44.10,44.24,-35.44,0.07,0.34,0.29
19821516,-0.32,-7.34,0.99,-47.95,64.30,-29.98,0.07,0.34,0.29
19831259,-0.90,-7.31,0.82,-49.16,78.13,-21.99,0.06,0.35,0.28
19840529,-1.57,-7.35,0.99,-44.92,78.72,-17.08,0.06,0.35,0.28
19852580,-1.72,-7.72,0.50,-47.09,73.54,-10.11,0.05,0.36,0.28
19861838,-1.87,-7.59,0.13,-42.67,68.98,-4.36,0.05,0.36,0.28
19871214,-1.88,-7.41,-0.12,-27.79,63.06,-0.24,0.05,0.36,0.28
19880349,-2.16,-7.11,-0.55,-16.38,63.14,0.16,0.05,0.36,0.28
19890142,-2.22,-6.68,-0.34,-11.85,68.02,4.83,0.05,0.36,0.28
19900313,-2.55,-6.67,-0.59,-13.29,71.93,9.51,0.03,0.36,0.27
19914524,-3.06,-7.31,-0.87,-14.92,69.44,15.14,0.03,0.36,0.27
19924568,-3.25,-7.65,-0.69,-6.95,61.47,17.67,0.03,0.36,0.26
19936362,-3.30,-7.40,-0.41,7.56,44.35,20.31,0.03,0.36,0.26
19946681,-3.12,-7.15,-0.57,17.60,31.44,22.87,0.03,0.36,0.26
19956309,-2.96,-6.55,-0.59,17.83,29.25,28.44,0.03,0.36,0.27
19982739,-2.94,-7.40,-0.04,-13.11,25.51,47.50,0.02,0.36,0.27
19992649,-2.89,-8.26,0.16,-13.67,17.65,54.38,0.02,0.36,0.27
20033139,-1.68,-10.60,-2.98,11.58,-14.52,39.22,0.05,0.36,0.26
20042902,-2.29,-11.41,-3.49,-10.69,-4.71,23.94,0.05,0.36,0.26
20052128,-3.30,-11.79,-3.41,-29.94,10.18,7.57,0.05,0.36,0.27
20061499,-3.61,-11.34,-2.94,-38.84,19.63,-6.31,0.05,0.36,0.27
20070614,-3.49,-11.22,-2.57,-47.36,22.16,-18.23,0.05,0.36,0.27
20081293,-2.45,-11.77,-2.23,-52.99,24.14,-27.09,0.04,0.38,0.26
20093429,-1.92,-11.60,-1.21,-32.50,28.48,-27.57,0.04,0.38,0.26
20107164,-2.68,-10.11,1.22,12.64,17.17,-20.06,0.05,0.37,0.25
20129688,-1.49,-10.92,3.79,4.14,-27.77,-24.55,0.03,0.36,0.25
20140050,-1.59,-13.67,1.94,-24.91,-7.76,-48.05,0.03,0.36,0.25
20156614,-2.62,-14.09,3.18,-105.94,1.83,-94.78,0.03,0.37,0.25
20166134,-2.75,-13.66,5.43,-141.71,2.49,-106.64,0.03,0.37,0.25
20175394,0.57,-14.41,6.05,-90.07,-22.14,-106.64,0.02,0.38,0.23
20184940,3.31,-13.36,3.46,8.83,-44.35,-104.40,0.02,0.38,0.23
20194902,2.93,-11.14,2.51,38.56,-38.92,-79.20,0.02,0.38,0.23
20208254,2.05,-11.18,1.95,28.49,-15.84,-31.05,0.00,0.37,0.22
20218427,2.15,-12.55,0.77,2.77,-2.97,4.43,0.00,0.37,0.22
20227811,1.91,-13.93,0.27,-12.29,10.41,20.71,-0.01,0.37,0.25
20236956,1.18,-14.72,0.48,-7.01,29.66,36.25,-0.01,0.37,0.25
20247542,-0.69,-15.58,2.51,25.66,38.43,42.76,-0.01,0.37,0.25
20260261,-3.80,-16.39,4.82,94.78,31.47,48.19,0.01,0.37,0.23
20272444,-5.19,-16.17,5.98,191.23,-8.28,28.36,0.01,0.37,0.23
20282196,-4.02,-14.07,3.55,274.31,-55.76,3.02,0.01,0.36,0.25
20291822,-1.22,-9.09,-5.36,281.88,-74.58,-5.98,0.01,0.36,0.25
20300979,-0.43,-3.99,-5.51,170.95,-33.31,0.33,0.02,0.33,0.28
20310474,-0.88,-3.07,-1.73,60.70,-16.25,11.58,0.02,0.33,0.28
20320400,-1.11,-4.11,0.36,-1.46,-19.35,30.20,0.02,0.33,0.28
20329832,-0.78,-5.41,1.20,-25.47,-18.66,43.37,0.02,0.33,0.30
20339376,-0.56,-7.42,1.93,-28.88,-15.97,58.14,0.02,0.33,0.30
20348825,-1.46,-7.55,2.28,-17.45,-28.36,48.47,0.03,0.33,0.30
20358580,-1.21,-7.39,1.12,-3.94,-50.65,46.03,0.03,0.33,0.30
20367724,-0.96,-6.18,-0.11,2.70,-61.48,49.60,0.03,0.33,0.30
20377073,0.03,-5.72,-0.86,2.28,-67.05,47.28,0.03,0.33,0.30
20386407,0.29,-5.23,-1.84,-16.91,-64.66,41.16,0.03,0.33,0.30
20395678,0.61,-4.92,-0.16,-38.77,-41.33,48.13,0.03,0.33,0.30
20406163,0.18,-4.84,0.36,-50.22,-46.50,34.18,0.05,0.33,0.31
20415520,0.19,-5.69,0.22,-50.61,-47.56,34.55,0.05,0.33,0.31
20426855,0.14,-5.30,-0.03,-42.08,-50.14,32.11,0.06,0.34,0.30
20436860,0.81,-4.90,-0.36,-36.37,-54.32,24.05,0.06,0.34,0.30
20446061,1.37,-4.51,-1.00,-36.48,-50.18,18.79,0.06,0.34,0.30
20455960,1.95,-4.50,-1.28,-40.60,-35.11,15.51,0.07,0.34,0.28
20465560,2.05,-4.33,-1.69,-44.90,-20.53,13.69,0.07,0.34,0.28
20474813,1.82,-4.30,-2.08,-45.97,-15.95,12.71,0.07,0.34,0.29
20484394,1.55,-4.50,-2.88,-48.19,-17.60,11.52,0.07,0.34,0.29
20494111,1.48,-5.44,-3.38,-46.62,-18.80,8.42,0.07,0.34,0.29
20504160,1.02,-7.06,-3.33,-37.68,-14.63,3.54,0.08,0.34,0.28
20515585,0.02,-8.50,-2.97,-16.56,-13.44,-4.59,0.08,0.34,0.28
20526515,-0.93,-8.55,-1.53,0.44,-25.60,-14.03,0.08,0.36,0.27
20536199,-1.31,-8.81,-0.87,5.28,-41.29,-20.51,0.08,0.36,0.27
20545788,-1.38,-9.09,-0.14,-3.03,-47.51,-23.70,0.08,0.36,0.27
20554940,-0.95,-10.05,0.66,-12.87,-44.29,-25.59,0.08,0.36,0.28
20563958,-0.88,-12.02,-0.28,-21.02,-26.56,-21.62,0.08,0.36,0.28
20573302,-1.72,-14.67,-3.38,-21.16,-2.69,-12.57,0.08,0.36,0.27
20582479,-2.39,-16.12,-6.23,-17.51,5.22,1.91,0.08,0.36,0.27
20592037,-3.11,-16.33,-8.20,-24.37,4.73,21.85,0.08,0.36,0.27
20601256,-3.46,-15.85,-8.36,-20.83,5.20,30.62,0.08,0.36,0.26
20610443,-3.92,-13.75,-5.58,3.36,0.45,28.67,0.08,0.36,0.26
20626272,1.59,-8.86,4.90,-1.09,-70.33,33.46,0.08,0.36,0.27
20635951,2.45,-13.52,5.96,-1.71,-73.22,37.60,0.08,0.36,0.27
20645594,1.91,-18.60,2.51,37.50,-61.62,35.62,0.08,0.36,0.27
20655543,3.02,-19.60,-0.10,58.06,-60.08,55.56,0.09,0.36,0.26
20665398,6.40,-19.60,0.44,96.61,-17.14,57.34,0.09,0.36,0.26
20674990,5.62,-18.56,-1.85,168.87,87.96,48.55,0.11,0.34,0.28
20685466,2.07,-5.99,1.98,164.60,137.43,32.83,0.11,0.34,0.28
20694625,-1.27,-0.76,5.51,90.12,63.43,10.20,0.11,0.34,0.28
20703922,-0.64,-2.72,6.25,14.93,-42.48,-1.01,0.10,0.33,0.31
20714705,0.92,-7.23,3.84,22.72,-95.85,-5.75,0.10,0.33,0.31
20729286,-3.60,-11.12,4.06,82.96,-91.10,-15.23,0.11,0.32,0.30
20739262,-4.74,-11.80,3.46,101.71,-111.50,-20.55,0.11,0.32,0.30
20748443,-3.39,-11.79,2.42,73.01,-116.94,-9.13,0.12,0.31,0.31
20757501,-0.04,-13.17,1.48,14.00,-92.31,16.04,0.12,0.31,0.31
20766665,3.61,-14.68,0.55,-38.49,-20.00,22.04,0.12,0.31,0.31
20775860,2.93,-14.67,-1.18,-55.67,45.00,11.75,0.13,0.31,0.31
20785120,1.98,-14.10,-1.20,-43.89,66.82,-4.30,0.13,0.31,0.31
20794425,0.99,-12.76,-1.35,-20.58,50.47,-21.68,0.13,0.31,0.31
20803721,0.55,-11.17,-1.59,-16.88,25.18,-38.08,0.12,0.32,0.32
20812815,0.34,-9.59,-1.03,-20.90,19.69,-44.33,0.12,0.32,0.32
20822023,0.83,-8.43,-0.28,-39.44,25.36,-47.13,0.12,0.33,0.32
20833726,0.99,-7.87,0.58,-67.83,44.66,-39.91,0.11,0.33,0.32
20843396,1.12,-8.07,0.89,-67.94,51.81,-30.20,0.11,0.33,0.32
20852774,1.33,-8.07,0.77,-54.21,46.65,-23.69,0.10,0.33,0.31
20862967,1.73,-7.81,0.88,-32.57,36.84,-22.23,0.10,0.33,0.31
20875425,1.96,-7.52,-0.30,-9.86,28.10,-28.52,0.08,0.33,0.31
20885627,1.57,-6.66,-0.95,-2.89,47.82,-27.55,0.08,0.33,0.31
20894937,0.08,-7.28,-0.88,-13.91,81.51,-22.42,0.08,0.33,0.31
20904259,-1.35,-6.98,-0.42,-25.73,105.12,-12.92,0.08,0.34,0.29
20913448,-2.68,-6.57,-0.00,-33.00,115.76,-6.40,0.08,0.34,0.29
20924325,-3.31,-5.96,0.23,-33.59,111.26,1.41,0.06,0.34,0.30
20934907,-2.85,-5.81,0.10,-27.87,96.05,2.69,0.06,0.34,0.30
20944171,-2.89,-5.27,-0.25,-25.98,82.12,-0.42,0.06,0.34,0.30
20954802,-2.16,-4.50,-0.17,-26.83,78.46,6.30,0.05,0.35,0.28
20963825,-1.82,-4.37,-0.50,-29.05,84.89,11.86,0.05,0.35,0.28
20977406,-2.35,-4.87,-0.90,-42.55,98.13,24.58,0.05,0.34,0.27
20986664,-2.83,-5.32,-0.73,-49.88,96.87,28.48,0.05,0.34,0.27
20996177,-3.28,-5.56,-0.86,-45.43,88.99,32.03,0.05,0.34,0.27
21006193,-3.25,-5.95,-0.95,-30.14,81.35,35.21,0.04,0.35,0.27
21015681,-3.59,-6.50,-0.54,-7.79,75.02,37.58,0.04,0.35,0.27
21027143,-3.41,-5.89,-0.82,4.93,65.67,43.71,0.03,0.35,0.27
21037071,-2.80,-6.83,-0.71,3.12,61.79,50.01,0.03,0.35,0.27
21046346,-2.44,-7.01,-0.49,-0.15,53.65,54.80,0.03,0.35,0.27
21055857,-1.57,-7.93,-0.54,-11.02,40.38,59.87,0.03,0.36,0.27
21064975,-0.87,-8.98,-0.72,-13.91,25.21,62.68,0.03,0.36,0.27
21074223,-0.37,-10.50,-0.64,-11.10,18.84,62.14,0.03,0.36,0.26
21083396,-0.37,-11.35,-0.26,6.49,11.74,53.46,0.03,0.36,0.26
21092576,-1.93,-11.70,-1.13,14.50,6.39,42.18,0.03,0.36,0.26
21102042,-2.80,-12.40,-2.64,10.16,11.55,18.59,0.04,0.35,0.26
21111436,-3.51,-12.03,-4.06,-10.40,28.24,-9.52,0.04,0.35,0.26
21121724,-3.65,-11.59,-4.64,-48.22,41.13,-29.80,0.03,0.36,0.26
21130901,-2.40,-13.35,-5.48,-72.23,47.51,-42.30,0.03,0.36,0.26
21140983,-1.33,-14.28,-3.57,-65.07,53.57,-48.82,0.03,0.36,0.26
21150704,-1.02,-13.18,-1.59,-18.80,57.09,-42.82,0.02,0.36,0.25
21160270,-4.10,-9.55,5.24,34.21,44.11,-33.18,0.02,0.36,0.25
21170996,-2.43,-9.25,7.49,47.49,-40.94,-38.76,0.02,0.36,0.25
21185687,-1.73,-13.23,1.65,5.11,8.15,-55.49,0.02,0.36,0.25
21194921,-2.35,-13.86,2.49,-32.48,24.05,-80.61,0.02,0.36,0.25
21204247,-2.51,-13.08,3.31,-88.37,17.52,-105.68,-0.01,0.36,0.26
21213423,-0.29,-11.66,2.94,-134.70,16.77,-113.99,-0.01,0.36,0.26
21222962,1.70,-11.23,4.63,-95.64,7.10,-107.88,-0.02,0.36,0.24
21233546,2.17,-11.18,5.23,-35.65,-17.11,-89.73,-0.02,0.36,0.24
21243880,1.34,-12.35,3.22,-15.07,-18.25,-52.86,-0.02,0.36,0.24
21253250,1.57,-13.63,2.25,-3.45,-19.21,-21.22,-0.04,0.37,0.24
21262889,1.65,-14.56,0.87,3.98,-26.28,9.28,-0.04,0.37,0.24
21272561,1.42,-15.74,0.05,17.18,-12.85,24.90,-0.03,0.36,0.24
21285279,0.64,-15.98,0.56,39.54,7.34,28.64,-0.03,0.36,0.24
21294351,-1.44,-16.33,2.21,56.17,31.68,31.95,-0.03,0.36,0.24
21303621,-3.58,-16.58,5.21,76.02,37.31,32.45,-0.02,0.37,0.23
21312816,-4.69,-17.39,6.74,116.74,12.15,25.86,-0.02,0.37,0.23
21324304,-4.22,-16.62,5.38,204.03,-49.44,-8.38,-0.03,0.35,0.26
21334666,-2.81,-12.88,2.13,277.18,-77.22,-16.15,-0.03,0.35,0.26
21344542,-1.04,-9.36,-0.24,286.58,-69.87,-12.91,-0.03,0.35,0.26
21353846,1.43,-2.93,-8.59,205.82,-24.73,5.30,-0.02,0.32,0.30
21363065,0.43,-2.61,-4.02,62.80,0.78,15.63,-0.02,0.32,0.30
21372155,0.09,-4.82,-2.08,-21.98,-11.65,36.03,-0.03,0.30,0.32
21381798,-0.05,-7.32,-1.11,-51.21,-11.48,46.40,-0.03,0.30,0.32
21391374,-1.02,-8.69,1.22,-25.15,3.27,51.73,-0.03,0.30,0.32
21400825,-1.61,-8.62,1.75,11.64,0.77,54.00,-0.01,0.30,0.32
21410505,-2.33,-7.83,0.47,39.02,-27.39,46.00,-0.01,0.30,0.32
21419863,-1.67,-6.20,-0.04,30.61,-61.03,39.92,-0.01,0.30,0.32
21429672,-1.60,-4.20,-1.60,3.33,-77.82,41.21,-0.01,0.30,0.32
21439162,-0.70,-3.12,-2.51,-31.75,-62.47,51.42,-0.01,0.30,0.32
21449357,-0.26,-2.92,-2.20,-58.08,-47.72,34.20,0.01,0.31,0.32
21458922,0.03,-4.32,-1.52,-75.73,-31.60,32.89,0.01,0.31,0.32
21468085,-0.29,-5.32,-1.46,-72.13,-24.05,38.67,0.01,0.31,0.32
21477382,-0.71,-4.85,-1.24,-51.20,-39.33,26.08,0.02,0.32,0.30
21491360,-0.09,-3.72,-1.78,-24.72,-69.23,19.30,0.02,0.32,0.30
21500664,-0.05,-3.07,-1.32,-16.62,-84.66,14.01,0.03,0.33,0.29
21510450,-0.36,-0.23,-1.41,-3.60,-96.94,20.62,0.03,0.33,0.29
21519980,0.21,-1.39,-1.01,-10.17,-111.37,4.31,0.03,0.33,0.29
21529117,0.82,-2.46,0.15,-15.48,-116.44,-0.59,0.04,0.33,0.29
21557197,-0.59,-4.19,-1.12,-23.77,-98.99,-18.09,0.05,0.32,0.30
21566386,-0.80,-4.99,-0.31,-43.40,-109.82,-26.43,0.05,0.32,0.30
21575948,0.02,-7.46,0.16,-40.07,-120.62,-31.22,0.05,0.33,0.30
21587707,1.88,-11.03,-1.81,-54.74,-89.37,-32.30,0.05,0.33,0.30
21597080,1.10,-15.20,-5.07,-51.93,-36.92,-29.01,0.06,0.33,0.29
21606562,0.72,-19.26,-6.29,-30.67,-1.45,-15.49,0.06,0.33,0.29
21616245,0.47,-19.60,-8.56,-1.47,0.25,12.22,0.06,0.33,0.29
21628070,0.50,-19.07,-8.04,31.06,-2.57,37.73,0.06,0.35,0.26
21637293,0.12,-16.02,-5.34,81.78,-2.03,34.04,0.06,0.35,0.26
21651594,1.09,-4.90,-1.34,80.53,-17.28,12.01,0.06,0.33,0.28
21660766,5.03,-2.23,1.50,54.25,-44.73,2.97,0.06,0.33,0.28
21669881,8.04,-4.75,3.04,5.51,-57.31,14.03,0.06,0.33,0.28
21679064,1.39,-11.95,1.84,-9.03,-34.75,27.84,0.07,0.33,0.29
21688116,-0.70,-19.60,1.76,8.09,-58.28,42.98,0.07,0.33,0.29
21697279,-0.28,-19.60,0.94,35.25,-47.30,70.83,0.08,0.32,0.27
21707216,0.52,-19.60,1.94,73.81,44.67,111.56,0.08,0.32,0.27
21716556,-2.68,-19.40,1.81,181.65,131.05,90.47,0.08,0.32,0.27
21726199,-5.53,-7.67,5.53,243.96,95.49,53.27,0.09,0.32,0.28
21735536,-4.96,-1.09,4.49,198.38,-4.00,19.22,0.09,0.32,0.28
21744743,-1.82,-3.00,2.32,103.37,-84.02,5.42,0.09,0.32,0.28
21755241,-0.44,-5.12,0.46,80.39,-43.53,-8.31,0.10,0.30,0.31
21765890,-0.39,-7.14,1.35,39.36,14.94,-18.09,0.10,0.30,0.31
21776334,0.15,-9.73,0.56,-39.58,29.16,-18.58,0.10,0.30,0.30
21785746,-1.05,-12.65,-2.52,-105.71,37.60,-3.46,0.10,0.30,0.30
21797910,-0.93,-17.94,-1.89,-131.87,9.90,-2.56,0.10,0.31,0.30
21807284,0.91,-19.60,-3.26,-90.19,-17.88,-15.40,0.10,0.31,0.30
21816693,2.22,-19.60,-3.50,-33.52,-3.21,-33.76,0.10,0.31,0.30
21826152,1.54,-17.68,-1.22,0.35,45.67,-53.72,0.10,0.32,0.28
21835569,0.40,-13.83,0.94,16.88,73.98,-59.65,0.10,0.32,0.28
21846890,-0.13,-9.77,-0.80,-3.76,90.53,-47.17,0.09,0.33,0.27
21857197,0.02,-7.80,-1.83,-42.52,82.72,-37.17,0.09,0.33,0.27
21866862,0.64,-7.17,-1.65,-69.49,67.34,-37.19,0.09,0.33,0.27
21876000,1.20,-7.49,-1.28,-78.00,63.13,-35.99,0.09,0.33,0.26
21885077,1.92,-8.24,-1.26,-70.98,64.67,-37.21,0.09,0.33,0.26
21894276,2.82,-8.90,-1.17,-55.62,70.25,-39.21,0.09,0.33,0.26
21903459,3.01,-9.20,-1.82,-48.40,79.62,-43.26,0.09,0.34,0.26
21912959,2.25,-8.55,-2.12,-38.85,97.87,-37.82,0.09,0.34,0.26
21923149,0.84,-8.10,-1.96,-24.53,121.28,-34.41,0.07,0.35,0.24
21932439,-0.97,-6.42,-1.00,-2.17,134.82,-12.15,0.07,0.35,0.24
21942123,-2.27,-4.87,0.63,9.96,134.31,0.42,0.07,0.35,0.24
21957203,-3.20,-2.05,1.36,5.85,117.73,10.36,0.07,0.35,0.24
21985587,-1.86,0.16,0.99,-24.30,93.42,27.10,0.06,0.35,0.24
21995181,-1.96,0.35,-0.58,-71.06,103.28,40.78,0.07,0.36,0.24
22005724,-2.18,-1.90,-0.83,-108.04,113.81,56.81,0.07,0.36,0.24
22015061,-3.14,-4.00,-1.20,-114.88,112.93,64.56,0.07,0.36,0.24
22024700,-3.78,-6.31,-0.70,-101.99,100.77,68.99,0.06,0.37,0.21
22033872,-3.80,-7.58,-0.11,-82.43,92.93,70.94,0.06,0.37,0.21
22043143,-3.40,-8.40,0.25,-43.18,82.44,70.97,0.06,0.37,0.21
22052583,-3.06,-8.89,-0.60,0.55,66.96,67.72,0.09,0.38,0.19
22066234,-3.78,-8.22,-1.27,35.94,32.54,64.16,0.09,0.38,0.19
22076187,-4.08,-8.21,-1.64,29.72,-0.11,64.43,0.11,0.37,0.19
22088214,-3.92,-9.40,-1.98,-2.77,-23.41,60.65,0.11,0.37,0.19
22098850,-3.57,-11.77,-3.04,-23.89,-23.33,40.27,0.13,0.38,0.19
22108006,-3.99,-12.85,-3.23,-42.37,-6.55,12.01,0.13,0.38,0.19
22120418,-5.29,-12.75,-3.45,-61.28,8.64,-24.24,0.14,0.38,0.18
22131087,-4.08,-13.28,-2.84,-83.34,4.65,-45.42,0.14,0.38,0.18
22142068,-2.85,-13.63,0.64,-90.14,4.80,-52.26,0.14,0.38,0.18
22154169,-1.56,-12.97,12.85,-76.33,-52.62,-30.84,0.15,0.39,0.17
22164021,3.01,-16.99,4.30,-15.02,-101.66,-57.92,0.15,0.39,0.17
22173888,1.93,-19.18,2.60,15.52,-4.49,-78.46,0.16,0.40,0.16
22183109,0.25,-17.41,2.26,16.09,13.80,-105.96,0.16,0.40,0.16
22192339,-0.34,-15.51,1.59,-10.27,18.66,-129.53,0.16,0.40,0.16
22202206,1.68,-13.43,1.12,-2.37,34.83,-127.05,0.14,0.40,0.17
22211526,2.47,-10.53,3.53,54.51,41.04,-109.31,0.14,0.40,0.17
22221195,0.72,-7.10,5.41,89.13,24.48,-84.88,0.13,0.40,0.17
22230689,-0.85,-6.09,6.48,79.54,-8.49,-61.22,0.13,0.40,0.17
22239948,-0.10,-8.30,3.65,28.47,-44.27,-33.02,0.13,0.40,0.17
22249060,1.38,-10.57,0.63,-22.91,-59.51,2.48,0.12,0.39,0.19
22258563,1.92,-14.20,-1.69,-76.14,-43.33,25.17,0.12,0.39,0.19
22268544,1.63,-16.91,-2.17,-103.16,-10.03,38.51,0.12,0.39,0.19
22278268,0.10,-19.05,-0.74,-89.72,19.55,41.93,0.13,0.41,0.17
22287500,-2.73,-19.60,1.06,-47.85,33.34,43.82,0.13,0.41,0.17
22296584,-5.51,-19.60,4.88,9.41,21.59,38.46,0.15,0.42,0.16
22319618,-3.28,-17.83,4.15,248.74,-96.67,-10.35,0.15,0.40,0.18
22329096,-1.48,-13.68,1.49,286.68,-77.86,-8.30,0.15,0.40,0.18
22339048,-0.86,-7.22,-2.68,286.68,-38.92,7.43,0.15,0.40,0.18
22348502,0.48,-1.85,-6.11,185.26,27.48,35.97,0.16,0.36,0.22
22366990,-2.75,-1.91,1.33,-32.51,-22.44,59.40,0.16,0.36,0.22
22913750,-0.53,-5.02,-1.15,-27.46,117.71,-6.05,0.15,0.32,0.30
22925248,-1.87,-4.81,-0.30,-31.33,130.38,2.01,0.13,0.34,0.29
22934605,-2.24,-3.95,0.97,-38.40,130.27,9.49,0.13,0.34,0.29
22943770,-2.03,-3.20,2.15,-45.29,123.50,14.02,0.11,0.35,0.29
22952906,-1.57,-1.80,2.48,-60.80,119.82,19.17,0.11,0.35,0.29
22962604,-1.43,-1.62,2.05,-67.37,120.32,24.46,0.11,0.35,0.29
22988835,-2.55,-3.64,-1.15,-77.26,103.19,33.79,0.10,0.35,0.28
22998319,-3.17,-5.80,-2.02,-84.37,108.04,42.00,0.08,0.36,0.28
23008974,-3.68,-7.33,-1.42,-71.05,110.63,48.99,0.08,0.36,0.28
23045515,-3.17,-8.01,-0.46,3.68,57.01,65.75,0.07,0.36,0.26
23077122,-2.82,-10.88,-1.14,-23.30,-0.60,63.20,0.09,0.37,0.27
23087780,-2.83,-12.63,-1.86,-24.73,-15.45,49.92,0.09,0.37,0.27
23098081,-3.10,-14.36,-3.43,-22.39,1.38,27.07,0.07,0.37,0.26
23110290,-5.54,-14.06,-3.64,-37.21,33.37,-11.58,0.07,0.37,0.26
23120551,-5.57,-13.55,-3.61,-59.73,33.35,-35.94,0.08,0.38,0.26
23130267,-4.82,-13.65,-3.55,-75.08,28.27,-49.16,0.08,0.38,0.26
23139814,-3.73,-13.71,-1.55,-66.08,24.85,-47.92,0.08,0.38,0.26
23149211,-4.14,-11.71,4.81,-30.26,3.12,-38.61,0.07,0.39,0.25
23161237,0.09,-12.01,6.98,-7.03,-84.11,-30.94,0.07,0.39,0.25
23179837,-0.81,-17.31,-0.22,-13.97,17.76,-64.86,0.07,0.38,0.25
23190040,-1.89,-16.04,1.16,-24.74,20.68,-85.16,0.07,0.38,0.25
23199533,-1.95,-14.22,2.55,-38.67,31.68,-97.33,0.05,0.39,0.24
23208770,-1.62,-12.64,5.32,-13.14,41.32,-92.84,0.05,0.39,0.24
23218013,-0.65,-10.53,7.64,47.50,19.45,-86.31,0.03,0.39,0.24
23229236,-0.29,-7.44,7.02,108.50,-19.74,-75.48,0.03,0.39,0.24
23238796,0.29,-6.69,4.71,94.04,-38.85,-53.97,0.03,0.39,0.24
23248048,1.41,-8.55,0.52,36.66,-44.02,-30.59,0.02,0.36,0.26
23257233,2.50,-11.27,-1.90,-23.73,-36.17,-4.74,0.02,0.36,0.26
23274408,2.30,-16.70,-2.61,-113.41,-8.09,26.62,0.02,0.38,0.26
23289344,0.34,-19.17,-0.36,-99.07,13.75,37.26,0.02,0.38,0.26
23298734,-2.23,-19.60,2.72,-47.13,16.13,38.54,0.01,0.39,0.25
23308007,-4.67,-19.60,6.16,48.65,0.41,38.66,0.01,0.39,0.25
23318293,-5.83,-18.97,8.14,173.26,-57.83,10.93,0.02,0.39,0.24
23327603,-4.69,-14.78,5.74,276.84,-101.75,-0.23,0.02,0.39,0.24
23336928,-2.85,-10.52,3.23,286.68,-108.86,-0.94,0.02,0.39,0.24
23346172,-1.42,-3.19,-7.16,286.47,-75.70,6.82,0.03,0.36,0.29
23356234,-1.37,-0.17,-3.60,139.81,-12.67,18.93,0.03,0.36,0.29
23365796,-2.49,-0.77,-0.39,14.96,-21.87,36.59,0.03,0.36,0.29
23375699,-2.34,-3.09,1.19,-38.39,-54.03,47.85,0.04,0.34,0.32
23391112,-0.51,-5.54,0.87,-37.13,-88.37,43.36,0.04,0.34,0.32
23401359,-0.08,-5.51,0.55,-14.03,-79.36,44.06,0.04,0.34,0.33
23410585,0.15,-6.13,0.17,-6.05,-71.56,52.36,0.04,0.34,0.33
23419689,0.77,-6.48,-0.01,-2.06,-89.68,34.53,0.06,0.34,0.31
23429085,0.62,-4.51,-1.55,2.02,-104.64,27.39,0.06,0.34,0.31
23438781,1.18,-4.64,-1.27,-20.83,-97.36,26.28,0.06,0.34,0.31
23452524,0.82,-4.01,-0.77,-39.04,-81.50,20.95,0.07,0.35,0.33
23462739,0.94,-3.85,-0.17,-49.42,-63.53,30.98,0.07,0.35,0.33
23475102,-0.04,-3.86,-0.98,-52.65,-57.44,36.99,0.08,0.33,0.32
23484577,0.92,-3.67,0.86,-40.64,-81.73,23.26,0.08,0.33,0.32
23494706,1.20,-3.50,-1.16,-34.84,-95.79,13.30,0.10,0.37,0.31
23504393,1.30,-3.45,-2.60,-35.92,-81.99,11.22,0.10,0.37,0.31
23513714,1.50,-4.17,-2.74,-38.55,-68.67,9.41,0.10,0.37,0.31
23523487,1.89,-4.91,-2.82,-33.85,-60.65,5.28,0.10,0.37,0.31
23532845,1.90,-5.17,-2.40,-22.62,-53.34,-1.57,0.10,0.37,0.31
23542591,1.67,-5.50,-2.02,-13.75,-47.74,-6.76,0.10,0.37,0.31
23552189,0.98,-6.04,-2.29,-13.69,-42.26,-10.83,0.10,0.37,0.31
23564433,0.14,-6.77,-1.35,-18.30,-43.90,-15.99,0.10,0.37,0.31
23576750,0.12,-8.64,-0.06,-20.24,-55.36,-21.64,0.11,0.37,0.30
23587676,0.84,-10.07,0.99,-24.34,-50.02,-28.38,0.11,0.37,0.30
23598114,1.76,-11.91,0.02,-29.10,-15.19,-28.32,0.09,0.38,0.29
23608466,0.40,-17.31,-6.31,-35.69,27.89,-12.09,0.09,0.38,0.29
23618592,-1.91,-19.60,-9.60,-24.38,36.51,19.03,0.08,0.38,0.28
23628013,-2.65,-19.60,-10.55,-3.78,12.21,46.63,0.08,0.38,0.28
23639976,-3.05,-16.69,-7.64,29.50,-9.94,41.09,0.08,0.38,0.28
23649486,-3.10,-8.37,-1.22,40.91,3.81,27.94,0.10,0.38,0.29
23659213,-0.76,-3.63,4.62,22.33,-14.08,17.30,0.10,0.38,0.29
23669026,2.44,-6.41,4.30,-5.30,-48.97,23.18,0.10,0.38,0.29
23679074,1.53,-12.59,3.84,33.15,-55.97,20.22,0.10,0.38,0.29
23690855,5.62,-17.66,3.04,70.52,-95.38,36.67,0.10,0.38,0.29
23707849,7.29,-19.60,-4.42,74.24,50.19,102.83,0.11,0.37,0.31
23717785,-1.42,-19.60,-1.95,111.06,148.15,95.85,0.11,0.36,0.32
23727075,-8.08,-10.65,7.17,146.96,110.29,65.25,0.11,0.36,0.32
23741325,-3.13,-5.97,7.16,140.31,-88.74,23.54,0.11,0.36,0.34
23751193,-0.81,-6.49,2.67,98.68,-76.51,12.32,0.12,0.35,0.34
23761791,-1.37,-9.37,2.13,65.83,-44.26,-1.29,0.12,0.35,0.34
23771250,-1.36,-10.88,0.92,31.65,-29.42,-10.32,0.12,0.33,0.36
23782422,2.01,-13.66,0.21,-29.57,-24.35,-6.87,0.12,0.33,0.36
23801488,3.54,-17.14,-1.22,-90.72,33.39,-10.03,0.12,0.34,0.35
23811123,2.98,-17.86,-1.84,-32.17,32.59,-34.92,0.12,0.34,0.35
23820435,1.04,-16.20,-4.08,7.58,29.02,-53.24,0.11,0.35,0.34
23830102,0.78,-14.54,-2.78,27.88,42.33,-61.80,0.11,0.35,0.34
23848026,0.22,-8.85,0.03,33.69,80.96,-63.20,0.10,0.34,0.35
23857345,0.96,-6.43,1.09,16.84,81.25,-55.38,0.10,0.34,0.35
23866900,1.88,-4.51,0.01,-0.79,77.50,-43.68,0.07,0.34,0.35
23876837,1.99,-3.03,0.05,-13.63,81.60,-34.35,0.07,0.34,0.35
23886598,2.05,-1.81,-0.01,-19.50,78.02,-30.65,0.07,0.34,0.35
23898267,1.56,-1.34,-1.13,-28.33,84.21,-25.28,0.06,0.33,0.35
23908902,0.70,-2.30,-0.54,-47.70,100.62,-12.31,0.06,0.33,0.35
23931508,-0.74,-5.64,1.28,-97.32,122.81,16.27,0.04,0.36,0.34
23941010,-1.02,-5.43,2.11,-90.03,119.18,16.09,0.04,0.36,0.31
23953534,-1.78,-4.84,2.20,-71.00,108.54,13.17,0.03,0.37,0.31
23964953,-1.99,-3.85,1.27,-34.65,91.53,6.95,0.03,0.37,0.31
23974832,-2.37,-3.61,-0.90,-15.23,82.00,5.86,0.01,0.37,0.30
23986455,-3.11,-4.11,-2.98,-26.07,89.83,16.47,0.01,0.37,0.30
23996172,-3.92,-5.09,-2.98,-46.31,97.68,26.37,-0.01,0.38,0.30
24007784,-4.38,-6.14,-1.51,-59.51,97.50,37.26,-0.01,0.38,0.30
24017475,-4.33,-7.05,-0.51,-54.24,96.52,45.62,0.00,0.39,0.28
24027543,-4.19,-7.82,0.43,-35.67,88.63,51.04,0.00,0.39,0.28
24037070,-3.88,-8.26,0.61,-20.73,73.68,54.02,0.00,0.39,0.28
24049209,-3.40,-8.53,-0.46,-5.57,47.68,55.98,-0.01,0.39,0.28
24058772,-3.14,-8.71,-1.16,-1.57,28.64,58.71,-0.01,0.39,0.28
24068378,-3.08,-9.26,-1.50,-10.00,5.50,59.33,-0.00,0.39,0.27
24077899,-2.66,-10.30,-1.54,-20.55,-9.96,60.80,-0.00,0.39,0.27
24088219,-1.59,-11.99,-1.56,-20.71,-20.26,57.31,-0.00,0.39,0.27
24100919,-1.33,-13.62,-3.36,-6.69,-10.07,34.76,0.01,0.39,0.26
24111790,-3.29,-12.77,-5.01,-11.04,19.85,1.48,0.01,0.39,0.26
24121159,-4.61,-11.64,-4.85,-39.60,39.48,-26.64,-0.00,0.40,0.26
24130442,-4.57,-11.57,-3.51,-73.33,42.39,-43.36,-0.00,0.40,0.26
24139777,-4.23,-12.62,-1.21,-89.30,36.07,-50.89,-0.00,0.40,0.26
24149024,-4.48,-12.71,3.54,-64.57,16.23,-47.95,-0.02,0.40,0.24
24158573,-3.13,-12.34,9.82,-27.10,-39.44,-36.90,-0.02,0.40,0.24
24168021,1.00,-13.45,4.22,19.56,-83.10,-57.74,-0.03,0.39,0.24
24177667,0.23,-15.47,0.83,12.71,-12.48,-73.80,-0.03,0.39,0.24
24191417,-1.40,-14.25,1.73,-19.30,12.88,-110.99,-0.05,0.38,0.25
24202752,-1.16,-12.95,2.92,-51.87,16.14,-130.15,-0.05,0.38,0.25
24212822,0.39,-12.15,5.71,-21.32,10.78,-121.60,-0.05,0.38,0.25
24222757,1.24,-10.97,5.66,49.57,-17.16,-112.17,-0.06,0.38,0.23
24232503,0.88,-9.38,4.50,71.36,-23.05,-94.04,-0.06,0.38,0.23
24242078,1.15,-10.37,1.80,40.44,-21.35,-62.82,-0.08,0.37,0.24
24254919,1.61,-13.70,-1.59,-22.97,-10.74,-16.15,-0.08,0.37,0.24
24264213,1.06,-16.38,-3.29,-58.42,3.52,15.09,-0.08,0.37,0.24
24273953,0.74,-18.43,-2.44,-67.51,19.84,31.96,-0.09,0.38,0.25
24283031,-0.39,-19.32,-0.01,-44.89,22.73,44.63,-0.09,0.38,0.25
24294643,-2.71,-19.27,5.22,29.73,3.33,40.09,-0.09,0.38,0.24
24304228,-4.05,-18.44,6.76,121.13,-24.79,25.46,-0.09,0.38,0.24
24315117,-4.68,-16.20,5.47,235.87,-51.05,4.50,-0.09,0.38,0.24
24325662,-4.24,-11.74,3.05,286.68,-63.69,0.36,-0.08,0.36,0.26
24336259,-2.02,-3.55,-7.22,282.00,-34.57,15.19,-0.08,0.36,0.26
24348123,-2.97,-0.73,-2.21,105.34,-6.28,28.85,-0.09,0.33,0.31
24359410,-2.51,-2.78,-0.29,-25.30,-34.29,58.21,-0.09,0.33,0.31
24369127,-1.20,-5.99,0.87,-51.98,-53.11,66.77,-0.06,0.33,0.32
24378812,-0.59,-6.48,0.82,-38.10,-58.63,60.61,-0.06,0.33,0.32
24388275,-0.29,-5.80,0.48,-8.30,-58.06,60.49,-0.06,0.33,0.32
24397602,-0.59,-5.18,-0.42,3.24,-57.37,68.05,-0.05,0.34,0.31
24406792,-0.26,-5.62,0.09,-0.82,-66.95,69.86,-0.05,0.34,0.31
24416950,-0.58,-3.61,-0.99,-10.40,-109.31,43.89,-0.03,0.34,0.32
24426299,-0.18,-3.19,-0.76,-36.99,-116.40,45.38,-0.03,0.34,0.32
24438406,-0.01,-4.40,1.04,-71.72,-106.48,33.01,-0.03,0.34,0.32
24448916,-1.47,-1.31,-1.14,-87.55,-87.24,40.40,-0.01,0.34,0.32
24459709,-0.22,-4.84,2.64,-82.77,-80.75,39.25,-0.01,0.34,0.32
24469099,-0.05,-3.54,0.09,-70.64,-94.05,29.78,0.01,0.36,0.31
24478661,0.56,-3.62,-1.50,-66.61,-91.99,22.80,0.01,0.36,0.31
24487909,1.53,-4.84,-1.99,-60.10,-79.77,12.48,0.01,0.36,0.31
24498356,2.28,-5.81,-3.45,-47.16,-65.53,7.71,0.03,0.37,0.31
24511226,2.51,-6.32,-3.79,-25.13,-53.58,-2.87,0.03,0.37,0.31
24521043,2.49,-6.76,-3.53,-12.15,-48.31,-7.26,0.04,0.35,0.30
24530390,2.52,-7.30,-2.50,-5.91,-46.83,-9.71,0.04,0.35,0.30
24540775,2.27,-8.06,-2.10,-0.61,-48.52,-11.63,0.04,0.37,0.30
24551186,1.85,-7.84,-1.62,5.06,-50.89,-15.73,0.04,0.37,0.30
24562066,0.90,-8.23,-1.23,9.36,-56.31,-19.42,0.04,0.37,0.30
24571377,0.52,-7.81,0.84,-2.30,-52.09,-23.56,0.04,0.36,0.31
24583008,0.74,-8.80,1.51,-16.97,-34.51,-29.21,0.04,0.36,0.31
24592596,1.07,-12.63,-2.96,-32.98,2.28,-24.05,0.04,0.37,0.30
24603950,-0.31,-17.48,-8.54,-40.01,35.68,1.37,0.04,0.37,0.30
24613498,-2.69,-19.49,-11.12,-27.82,32.55,31.76,0.04,0.37,0.30
24627181,-3.23,-18.95,-8.67,-0.42,3.15,42.73,0.04,0.37,0.31
24637193,-4.53,-12.89,-3.40,30.84,13.87,32.33,0.04,0.37,0.31
24649892,-1.22,-4.93,6.34,31.77,-6.76,20.86,0.05,0.37,0.31
24660573,1.57,-7.70,6.21,0.90,-36.65,26.82,0.05,0.37,0.31
24670709,2.75,-13.41,3.93,38.27,-46.26,25.20,0.05,0.37,0.32
24680021,7.11,-17.37,3.75,61.59,-59.89,38.21,0.05,0.37,0.32
24690179,9.20,-19.60,-0.01,90.30,-25.51,68.79,0.07,0.35,0.31
24709802,-5.25,-17.36,-0.47,142.22,93.93,56.04,0.07,0.35,0.31
24725169,-6.99,-5.61,9.27,155.41,-47.42,10.60,0.07,0.33,0.33
24734600,-1.07,-5.09,5.75,118.44,-102.51,-5.39,0.07,0.33,0.33
24744961,-0.66,-5.62,1.92,68.84,-50.27,-10.27,0.08,0.28,0.35
24754359,-2.11,-8.23,2.43,23.15,-7.10,-13.04,0.08,0.28,0.35
24766474,-2.03,-11.03,1.91,-21.68,-32.57,-16.37,0.08,0.31,0.34
24775889,1.04,-13.52,1.24,-66.81,-65.31,-11.26,0.08,0.31,0.34
24788044,3.51,-16.45,-0.89,-87.72,-34.74,-3.54,0.08,0.31,0.34
24797899,4.46,-17.22,-2.59,-42.82,1.65,-19.54,0.09,0.32,0.34
24807783,3.21,-16.36,-3.73,11.91,25.77,-43.27,0.09,0.32,0.34
24817400,1.85,-13.90,-4.27,30.89,40.56,-56.12,0.08,0.33,0.34
24827498,0.90,-11.12,-1.84,27.27,65.21,-60.38,0.08,0.33,0.34
24837548,0.28,-9.13,-0.55,-0.87,82.07,-56.67,0.08,0.33,0.34
24849106,0.51,-7.97,0.83,-46.99,88.77,-43.29,0.06,0.32,0.34
24860902,1.19,-7.44,0.75,-34.70,72.97,-32.80,0.06,0.32,0.34
24871671,1.49,-6.55,-0.03,-9.40,62.17,-28.01,0.03,0.33,0.35
24880893,2.13,-5.58,-0.31,4.10,60.41,-23.33,0.03,0.33,0.35
24890560,2.00,-4.65,-1.59,11.68,61.92,-20.03,0.03,0.34,0.34
24900635,1.55,-4.12,-2.10,10.38,80.38,-12.25,0.03,0.34,0.34
24917215,-1.02,-5.23,-2.40,-23.83,112.93,-3.52,0.03,0.34,0.32
24929225,-2.55,-4.32,0.12,-32.87,127.20,2.20,0.03,0.34,0.32
24938770,-2.42,-3.05,2.63,-37.79,120.21,5.54,0.03,0.34,0.32
24948858,-2.05,-1.88,3.32,-58.81,112.13,7.24,0.00,0.34,0.32
24960106,-1.86,-0.96,3.37,-66.97,101.90,3.39,0.00,0.34,0.32
24973122,-2.19,-1.08,1.03,-66.13,77.17,0.20,-0.00,0.34,0.31
24983076,-2.38,-2.04,-0.99,-79.14,68.12,5.15,-0.00,0.34,0.31
24992596,-3.10,-3.64,-2.40,-93.40,75.92,14.49,-0.02,0.35,0.30
25002339,-3.74,-5.21,-2.31,-103.91,86.95,26.36,-0.02,0.35,0.30
25046058,-2.01,-9.34,0.18,-13.48,64.33,65.68,-0.03,0.39,0.25
25092493,-2.68,-11.86,-2.96,-7.98,-6.47,38.87,0.00,0.37,0.25
25106650,-4.68,-12.41,-2.97,-17.54,33.84,-1.42,0.00,0.37,0.25
25139747,-2.97,-13.35,-0.89,-62.19,26.83,-51.67,-0.02,0.38,0.24
25152007,-4.33,-10.37,8.44,-13.11,-4.06,-26.70,-0.02,0.38,0.24
25176886,0.39,-18.07,1.75,-11.86,6.04,-76.21,-0.01,0.38,0.24
25249982,1.04,-11.21,-0.33,57.99,-42.48,-2.61,-0.07,0.36,0.25
25260353,1.59,-14.14,-2.73,-17.54,-36.47,26.12,-0.07,0.36,0.25
25269822,1.83,-16.20,-3.22,-58.56,-4.47,43.28,-0.07,0.33,0.27
25279518,0.34,-17.41,-1.72,-60.13,28.51,52.74,-0.07,0.33,0.27
25289455,-2.27,-18.98,2.19,-30.17,45.74,60.94,-0.05,0.37,0.25
25303211,-6.28,-19.60,6.37,73.62,10.60,37.35,-0.05,0.37,0.25
25326432,-3.07,-12.86,1.23,286.68,-76.88,-9.56,-0.05,0.36,0.27
25348304,-1.46,-1.12,-2.64,97.69,18.29,23.35,-0.05,0.33,0.30
25358839,-2.16,-3.17,-1.47,-13.74,-6.12,45.96,-0.05,0.33,0.30
25369103,-2.37,-4.86,0.46,-46.90,-22.78,53.38,-0.04,0.29,0.34
25381034,-1.94,-5.96,0.85,-33.25,-38.97,46.22,-0.04,0.29,0.34
25390859,-2.39,-5.00,0.14,-6.89,-42.94,52.88,-0.02,0.33,0.30
25402019,-2.11,-3.98,-1.23,-1.12,-56.46,57.58,-0.02,0.33,0.30
25416290,0.12,-3.55,-0.33,-16.67,-93.61,28.83,-0.01,0.33,0.31
25426465,1.24,-3.09,-1.53,-46.87,-87.03,33.40,-0.01,0.33,0.31
25440165,0.27,-0.68,-1.32,-75.37,-61.82,32.24,0.00,0.34,0.31
25451525,0.77,-3.21,2.99,-81.03,-59.95,39.10,0.00,0.34,0.31
25461087,-0.27,-1.77,2.05,-68.90,-91.11,34.94,0.00,0.34,0.31
25470692,-0.34,-1.62,0.77,-58.77,-111.04,33.64,0.02,0.35,0.30
25480346,0.53,-2.64,-0.94,-49.20,-111.33,38.05,0.02,0.35,0.30
25489741,1.01,-3.61,-2.22,-42.32,-99.33,31.51,0.04,0.35,0.29
25499088,1.47,-4.46,-2.09,-35.88,-83.40,23.29,0.04,0.35,0.29
25508931,1.11,-4.76,-2.44,-28.87,-76.53,9.62,0.04,0.35,0.29
25519030,1.17,-5.78,-2.65,-25.73,-72.19,-0.82,0.05,0.36,0.31
25533068,-0.04,-6.96,-2.11,-22.05,-73.33,-18.45,0.05,0.36,0.31
25543687,0.21,-8.37,-0.56,-9.59,-92.09,-32.48,0.06,0.36,0.30
25553119,1.76,-9.74,-0.27,-3.43,-97.47,-40.52,0.06,0.36,0.30
25562528,2.02,-11.93,-1.78,4.68,-83.61,-38.60,0.06,0.36,0.30
25572548,1.83,-15.19,-4.88,-9.56,-41.38,-33.87,0.05,0.36,0.30
25588861,0.85,-19.60,-8.37,-9.47,1.31,10.31,0.06,0.36,0.29
25598616,1.42,-19.60,-9.85,18.37,20.36,45.22,0.06,0.36,0.29
25608463,2.24,-16.42,-6.62,57.80,41.91,51.97,0.06,0.36,0.29
25618265,5.37,-7.89,2.73,44.72,18.10,57.54,0.07,0.34,0.29
25627913,5.79,-12.03,7.94,-28.91,-25.37,74.83,0.07,0.34,0.29
25643515,-2.29,-19.60,3.28,50.11,19.71,92.90,0.07,0.35,0.30
25653633,1.47,-19.60,1.62,182.65,37.35,93.19,0.07,0.35,0.30
25665724,6.15,-11.21,-3.38,278.52,107.69,40.88,0.07,0.34,0.32
25675548,3.58,-0.98,-0.62,181.19,165.37,30.00,0.07,0.34,0.32
25687274,1.74,-2.01,4.25,21.21,110.57,12.18,0.07,0.34,0.32
25696696,1.39,-6.68,5.70,1.58,47.32,4.71,0.06,0.32,0.33
25708077,-2.75,-10.61,4.29,80.82,-34.02,-13.73,0.06,0.32,0.33
25717639,-6.62,-11.71,3.61,149.61,-84.50,-35.88,0.07,0.29,0.35
25727234,-8.97,-11.44,2.72,185.12,-106.78,-44.65,0.07,0.29,0.35
25738584,-8.14,-8.97,0.33,90.29,-94.02,-15.06,0.07,0.28,0.37
25748537,-2.82,-12.99,-0.70,-100.79,-43.47,30.28,0.07,0.28,0.37
25759012,0.04,-17.40,-0.39,-192.43,40.64,34.78,0.07,0.28,0.37
25768916,0.34,-18.71,-1.22,-145.79,79.21,9.98,0.08,0.30,0.35
25778709,0.73,-16.81,-2.57,-74.08,69.92,-21.33,0.08,0.30,0.35
25791300,0.92,-11.89,-3.65,-30.04,49.03,-54.94,0.07,0.32,0.34
25801363,1.49,-9.24,-2.58,-30.52,47.23,-68.26,0.07,0.32,0.34
25810716,2.25,-7.41,-0.32,-62.36,44.83,-76.94,0.07,0.32,0.34
25820624,2.62,-6.03,1.20,-84.22,50.64,-70.02,0.05,0.32,0.33
25831383,2.62,-5.93,1.64,-69.56,51.92,-59.56,0.05,0.32,0.33
25841470,2.59,-5.39,0.29,-43.42,57.37,-46.24,0.04,0.33,0.32
25852303,2.87,-5.38,-0.87,-23.97,58.86,-41.36,0.04,0.33,0.32
25861847,2.70,-5.86,-2.37,-24.47,57.75,-39.45,0.04,0.33,0.32
25871969,1.17,-6.83,-3.80,-29.95,81.34,-29.72,0.02,0.33,0.31
25881381,-0.36,-7.52,-1.29,-38.25,108.61,-27.79,0.02,0.33,0.31
25896437,-2.50,-6.79,1.43,-22.49,120.41,-16.60,0.01,0.34,0.30
25906096,-3.28,-5.52,1.92,-11.33,117.67,-8.32,0.01,0.34,0.30
25916293,-3.40,-3.78,0.93,0.50,113.58,-6.58,-0.01,0.34,0.29
25925591,-3.25,-3.53,0.53,-1.61,106.29,-1.37,-0.01,0.34,0.29
25936876,-3.28,-2.92,-0.45,-10.26,86.83,3.75,-0.01,0.34,0.29
25952527,-2.99,-4.03,-0.80,-37.17,76.48,14.15,-0.02,0.34,0.28
25962143,-3.49,-5.11,-1.16,-47.22,82.08,18.35,-0.02,0.34,0.28
25971774,-3.77,-6.38,-0.88,-45.90,90.30,22.61,-0.03,0.35,0.28
25981435,-4.11,-7.05,-0.06,-33.63,85.88,22.63,-0.03,0.35,0.28
25990854,-3.93,-7.21,0.41,-24.60,75.32,23.80,-0.04,0.35,0.27
26001574,-3.45,-7.45,0.92,-23.96,67.69,28.01,-0.04,0.35,0.27
26011189,-2.98,-8.25,0.91,-25.41,57.82,31.43,-0.04,0.35,0.27
26020620,-2.40,-9.80,0.56,-22.81,41.55,33.70,-0.04,0.35,0.27
26030119,-1.70,-11.50,-0.22,-18.56,17.22,36.21,-0.04,0.35,0.27
26039996,-1.37,-14.01,-2.61,-3.61,8.26,35.08,-0.04,0.36,0.26
26059073,-1.87,-14.60,-5.49,64.00,21.28,14.77,-0.04,0.36,0.26
26068554,-2.32,-11.84,-7.01,57.75,32.43,-1.30,-0.03,0.34,0.28
26079197,-3.58,-9.70,-5.69,-4.13,46.50,-10.95,-0.03,0.34,0.28
26088778,-4.70,-9.71,-3.84,-56.35,45.36,-14.11,-0.04,0.35,0.26
26099337,-5.73,-10.84,-1.84,-73.81,39.54,-15.18,-0.04,0.35,0.26
26108811,-6.36,-11.11,-0.19,-54.32,31.16,-15.58,-0.04,0.35,0.26
26119494,-7.63,-10.12,2.55,-35.80,12.83,-14.16,-0.05,0.34,0.28
26129810,-7.29,-10.91,5.51,-68.22,-31.33,-7.88,-0.05,0.34,0.28
26140031,-4.40,-15.36,2.91,-88.82,-35.26,-14.24,-0.04,0.37,0.24
26149682,-0.62,-17.90,1.55,-74.72,-12.15,-39.97,-0.04,0.37,0.24
26160231,-0.50,-17.57,-1.32,-43.27,33.90,-73.17,-0.04,0.37,0.24
26170290,-2.33,-15.32,0.46,2.06,62.61,-86.38,-0.05,0.37,0.23
26179964,-1.14,-10.87,-0.39,70.04,41.83,-85.54,-0.05,0.37,0.23
26189375,-2.16,-4.85,1.29,107.42,35.29,-65.49,-0.07,0.36,0.25
26206678,-7.07,-2.55,8.87,20.90,-31.24,-27.54,-0.07,0.36,0.25
26218166,-6.75,-6.29,8.40,-63.96,-85.02,-8.40,-0.08,0.35,0.24
26227920,-3.86,-10.67,6.00,-102.86,-101.75,2.00,-0.08,0.35,0.24
26237701,-0.07,-14.89,2.29,-100.82,-96.06,3.40,-0.08,0.36,0.23
26261105,1.32,-19.60,-1.65,-65.30,-35.88,2.27,-0.08,0.36,0.23
26270819,-0.20,-19.60,-0.12,-52.98,-29.88,7.74,-0.07,0.37,0.23
26280731,-1.17,-19.11,1.31,-20.48,-50.30,16.25,-0.07,0.37,0.23
26293173,-0.88,-17.91,2.76,37.07,-80.59,20.51,-0.06,0.37,0.23
26303461,0.19,-16.07,3.76,91.27,-80.58,19.95,-0.06,0.37,0.23
26313432,0.95,-13.74,4.45,152.97,-57.98,20.90,-0.06,0.36,0.24
26323024,0.82,-10.91,4.71,214.04,-28.07,21.28,-0.06,0.36,0.24
26332437,0.71,-6.19,0.18,226.15,7.90,32.97,-0.06,0.36,0.24
26345023,-0.57,-2.92,-1.36,143.72,44.68,54.22,-0.04,0.32,0.27
26360842,-1.99,-3.24,-0.07,27.58,-7.70,78.68,-0.04,0.32,0.27
26370699,-1.68,-5.20,-0.30,-7.05,-40.75,94.72,-0.04,0.33,0.29
26380271,-0.89,-6.83,-0.87,-6.26,-51.98,99.53,-0.04,0.33,0.29
26390662,-0.22,-9.27,-0.47,13.82,-49.20,95.51,-0.02,0.34,0.28
26404912,0.41,-8.87,-0.24,43.35,-53.24,78.85,-0.02,0.34,0.28
26414824,0.59,-6.95,-0.76,61.62,-47.60,68.04,0.00,0.34,0.30
26424694,0.32,-5.88,-0.81,56.87,-29.37,63.12,0.00,0.34,0.30
26434237,-0.15,-4.45,-0.19,39.52,-17.25,56.78,0.00,0.34,0.30
26444400,-0.68,-3.81,0.18,9.46,-18.06,44.89,0.02,0.34,0.31
26454512,-1.06,-3.49,0.08,-22.17,-22.76,44.79,0.02,0.34,0.31
26464094,-1.34,-3.69,-0.17,-42.86,-33.49,26.99,0.02,0.33,0.30
26474063,-1.36,-4.35,-0.56,-49.93,-41.83,20.81,0.02,0.33,0.30
26483457,-0.71,-5.51,-0.17,-47.32,-49.96,13.97,0.02,0.33,0.30
26493055,-0.17,-5.09,-1.13,-43.25,-58.17,4.44,0.04,0.34,0.31
26507857,0.07,-4.01,-1.49,-35.42,-55.06,5.61,0.04,0.34,0.31
26517870,0.74,-5.52,-0.96,-28.91,-63.65,-2.32,0.03,0.33,0.29
26527794,1.12,-6.54,-0.91,-15.76,-65.31,-3.23,0.03,0.33,0.29
26537017,1.17,-6.99,-1.40,-1.06,-60.43,-0.28,0.04,0.35,0.29
26546482,1.05,-8.15,-1.12,7.57,-59.86,-9.95,0.04,0.35,0.29
26558016,0.51,-8.85,-1.40,20.86,-59.81,-9.14,0.04,0.35,0.29
26568074,0.37,-9.17,-2.19,23.62,-63.90,-11.43,0.05,0.34,0.32
26579093,0.10,-8.95,-2.33,23.95,-59.96,-12.88,0.05,0.34,0.32
26589002,-0.31,-9.17,-2.91,12.29,-51.05,-13.09,0.06,0.34,0.30
26598582,-0.96,-10.43,-3.06,-4.07,-34.98,-9.92,0.06,0.34,0.30
26611616,-1.52,-14.41,-3.21,-15.83,-13.76,-3.27,0.06,0.34,0.30
26621945,-0.74,-15.99,-4.92,6.99,-4.30,6.75,0.06,0.34,0.30
26632504,1.00,-16.89,-5.32,28.79,14.59,12.01,0.06,0.34,0.30
26642364,0.81,-13.82,-6.72,48.93,33.34,13.14,0.06,0.34,0.32
26652164,-0.13,-10.85,-6.11,48.18,36.27,11.18,0.06,0.34,0.32
26670785,-0.41,-7.75,-2.61,-1.17,-1.79,13.55,0.06,0.33,0.32
26680235,1.37,-8.67,-0.44,-20.48,-18.93,23.94,0.06,0.33,0.32
26689539,1.85,-12.16,1.00,-19.08,-20.18,34.50,0.06,0.33,0.30
26700196,0.49,-17.69,0.50,9.24,-20.91,38.39,0.06,0.33,0.30
26712394,1.52,-19.60,-1.28,72.16,-5.82,39.34,0.07,0.33,0.31
26722497,3.38,-18.52,-0.69,114.93,24.65,37.25,0.07,0.33,0.31
26733270,3.87,-12.35,-1.62,112.71,47.16,34.74,0.07,0.33,0.31
26742633,1.23,-9.40,-2.79,79.02,64.45,34.62,0.07,0.33,0.34
26752344,-2.00,-6.27,-1.76,53.90,37.87,28.27,0.07,0.33,0.34
26775549,1.43,-3.12,0.63,27.13,-38.88,-12.85,0.07,0.31,0.33
26785805,-0.07,-5.58,2.49,13.54,-45.93,-19.92,0.07,0.31,0.33
26796750,-2.47,-9.04,3.67,9.63,-65.56,-27.95,0.08,0.32,0.34
26806257,-4.27,-11.15,3.44,5.76,-69.04,-25.57,0.08,0.32,0.34
26816624,-4.73,-13.58,1.78,-19.48,-64.71,-6.14,0.09,0.29,0.34
26826622,-4.13,-17.43,-0.16,-40.68,-52.86,10.08,0.09,0.29,0.34
26836176,-0.98,-17.25,-0.95,-34.08,-26.99,5.20,0.09,0.31,0.34
26845537,1.15,-13.96,-2.00,-25.85,21.65,-4.51,0.09,0.31,0.34
26855123,1.48,-11.92,-1.19,-31.57,54.56,-17.60,0.09,0.31,0.34
26864732,1.84,-9.98,-0.98,-42.97,55.31,-31.72,0.08,0.31,0.34
26874677,1.81,-8.62,0.03,-56.53,51.40,-48.13,0.08,0.31,0.34
26884218,1.13,-6.86,0.45,-73.82,49.57,-50.11,0.08,0.31,0.34
26893664,0.77,-6.47,1.52,-90.00,38.74,-50.29,0.06,0.33,0.32
26903534,0.59,-6.45,2.29,-93.02,18.59,-51.15,0.06,0.33,0.32
26922244,0.88,-8.02,1.35,-79.93,3.04,-43.67,0.05,0.33,0.31
26931680,0.94,-8.85,1.14,-54.26,4.43,-38.60,0.05,0.33,0.31
26949473,1.09,-9.15,-1.07,-24.49,44.28,-23.41,0.03,0.34,0.32
26960966,-0.29,-9.04,-0.54,-16.95,76.10,-17.46,0.03,0.35,0.29
26975205,-1.55,-7.86,0.60,-12.28,78.62,-13.83,0.04,0.35,0.29
26986834,-1.50,-6.54,0.02,-4.13,65.21,-14.84,0.03,0.35,0.29
26997636,-1.27,-5.91,-0.21,-11.35,71.62,-14.51,0.03,0.35,0.29
27007360,-1.43,-5.96,-0.33,-22.55,78.00,-9.01,0.03,0.35,0.29
27024156,-2.19,-5.70,-0.24,-21.46,73.76,-2.13,0.02,0.33,0.28
27034283,-2.23,-5.56,0.19,-16.34,61.37,1.35,0.02,0.33,0.28
27043850,-2.29,-4.98,0.44,-16.09,51.08,7.58,0.01,0.36,0.28
27055049,-2.32,-4.58,0.23,-17.40,50.66,14.82,0.01,0.36,0.28
27083044,-4.38,-6.08,-0.46,-15.76,44.29,32.80,0.00,0.36,0.28
27096254,-4.36,-7.05,-0.51,-14.24,24.16,42.62,0.01,0.36,0.27
27106426,-3.47,-7.87,-0.81,-10.77,13.11,49.39,0.01,0.36,0.27
27115861,-2.78,-8.79,-0.98,-6.95,1.46,53.47,-0.00,0.36,0.29
27126834,-1.80,-9.75,-1.39,-7.32,-15.57,57.58,-0.00,0.36,0.29
27136514,-0.92,-10.80,-1.96,-10.56,-27.79,59.48,0.02,0.36,0.26
27146163,-0.29,-11.71,-2.95,-15.86,-29.07,55.07,0.02,0.36,0.26
27155718,-0.87,-12.96,-3.40,-23.97,-18.06,41.82,0.02,0.36,0.26
27166329,-2.02,-14.64,-3.49,-36.04,-1.37,17.84,0.01,0.34,0.26
27200977,-2.90,-12.83,-2.29,-26.85,44.13,-34.91,0.02,0.38,0.25
27210877,-2.72,-11.11,-2.08,-4.35,36.96,-26.60,0.02,0.38,0.25
27220557,-3.22,-9.00,-0.37,10.46,24.53,-19.23,0.02,0.38,0.25
27229968,-4.38,-7.53,3.97,-0.95,4.50,-17.95,0.02,0.38,0.25
27242563,-3.42,-11.38,4.40,-34.99,-19.04,-18.19,0.01,0.37,0.24
27254108,-2.97,-15.07,2.68,-37.41,2.40,-44.39,0.01,0.37,0.24
27263878,-3.89,-15.16,2.61,-43.93,19.57,-68.59,0.01,0.37,0.24
27283722,-2.31,-12.99,4.68,-14.79,-9.63,-96.50,0.01,0.37,0.24
27293278,-0.03,-11.04,3.51,44.58,-21.48,-91.84,-0.01,0.38,0.23
27303185,0.37,-8.58,3.10,82.92,-22.70,-73.64,-0.01,0.38,0.23
27312454,-0.02,-7.60,2.59,68.92,-20.85,-52.40,-0.03,0.37,0.24
27326783,1.03,-9.89,0.47,-17.22,-25.07,-10.53,-0.03,0.37,0.24
27336750,2.73,-12.81,-1.41,-75.64,-30.56,18.18,-0.02,0.37,0.25
27346096,3.36,-15.03,-2.18,-115.27,-21.83,31.49,-0.02,0.37,0.25
27356314,3.04,-16.91,-1.84,-126.57,-1.15,42.99,-0.02,0.37,0.25
27367445,1.08,-17.80,0.43,-99.55,28.61,43.34,-0.03,0.38,0.25
27380415,-2.45,-18.81,4.93,-20.62,42.99,42.03,-0.03,0.38,0.25
27391462,-4.21,-18.31,7.90,98.72,-0.41,27.99,-0.01,0.38,0.22
27401145,-4.17,-16.36,8.08,216.77,-56.94,3.05,-0.01,0.38,0.22
27413909,-2.57,-11.09,4.40,286.68,-87.51,0.42,-0.01,0.37,0.25
27431019,0.53,-1.39,-3.98,202.65,-8.66,28.42,-0.01,0.37,0.25
27440799,-0.24,-0.33,-0.59,64.03,1.70,38.59,-0.01,0.33,0.29
27450265,-0.13,-2.61,0.77,-28.84,-12.81,62.45,-0.01,0.33,0.29
27460017,-0.54,-4.58,1.22,-63.65,-16.90,70.89,-0.01,0.33,0.29
27469791,0.01,-6.46,1.42,-43.91,-19.50,67.51,0.01,0.34,0.29
27479577,-1.04,-6.91,0.49,-7.21,-22.85,61.17,0.01,0.34,0.29
27488995,-1.24,-6.94,0.13,20.69,-34.05,59.28,0.02,0.34,0.29
27498783,-1.08,-5.72,-0.10,24.05,-56.23,48.83,0.02,0.34,0.29
27508234,-0.68,-5.07,-0.24,4.94,-68.82,50.10,0.02,0.34,0.29
27517504,-0.25,-4.15,-1.18,-15.15,-71.64,47.38,0.03,0.34,0.30
27531662,0.67,-5.18,0.10,-44.06,-55.91,42.45,0.03,0.34,0.30
27542971,0.87,-5.56,0.64,-42.63,-48.69,28.59,0.05,0.35,0.31
27552789,1.02,-5.37,-0.03,-36.15,-39.88,26.62,0.05,0.35,0.31
27562803,1.01,-5.30,-0.74,-30.56,-37.56,21.81,0.06,0.35,0.28
27572996,1.18,-5.52,-1.26,-24.13,-40.60,13.08,0.06,0.35,0.28
27582592,1.34,-5.90,-1.73,-20.30,-39.37,9.47,0.06,0.35,0.28
27593399,1.29,-6.17,-1.53,-13.79,-35.38,3.53,0.07,0.34,0.28
27603313,1.31,-6.30,-1.33,-8.64,-33.77,-3.54,0.07,0.34,0.28
27613504,1.38,-6.73,-1.35,-5.22,-32.24,-8.89,0.07,0.36,0.29
27623312,1.38,-7.25,-1.59,-1.18,-31.80,-13.34,0.07,0.36,0.29
27636946,0.75,-7.77,-1.97,5.88,-33.49,-17.13,0.07,0.36,0.29
27646795,-0.04,-7.69,-1.41,9.05,-38.85,-24.38,0.07,0.36,0.29
27657234,-0.65,-8.12,-1.05,5.79,-45.57,-27.20,0.07,0.36,0.29
27667172,-1.01,-9.22,-0.80,-5.33,-43.43,-31.41,0.07,0.35,0.29
27676988,-1.24,-11.53,-0.66,-19.64,-32.94,-30.76,0.07,0.35,0.29
27691951,-2.03,-16.01,-2.20,-16.21,-9.53,-16.30,0.06,0.35,0.29
27701739,-2.02,-17.47,-4.48,-4.14,-1.85,-2.27,0.06,0.35,0.29
27711372,-1.33,-17.01,-6.38,3.03,4.18,12.49,0.07,0.35,0.28
27720766,-1.04,-14.94,-7.73,2.85,17.61,24.56,0.07,0.35,0.28
27730258,-1.26,-13.26,-6.25,1.44,29.07,29.58,0.07,0.35,0.28
27740057,-1.76,-9.97,-4.76,2.69,16.37,14.01,0.07,0.34,0.29
27749610,-2.06,-8.05,-2.93,-10.50,-3.95,11.97,0.07,0.34,0.29
27759996,-0.58,-8.43,-1.82,-14.32,-30.13,13.35,0.07,0.36,0.28
27769444,1.61,-9.24,-0.24,12.72,-51.63,10.10,0.07,0.36,0.28
27778997,3.91,-10.46,1.06,34.81,-55.79,16.65,0.07,0.36,0.28
27794457,2.93,-17.16,0.36,44.72,-45.34,37.15,0.08,0.36,0.29
27803940,2.90,-19.60,-1.51,56.49,-27.99,53.64,0.08,0.36,0.29
27813317,5.08,-19.60,0.22,81.34,12.08,62.00,0.09,0.35,0.29
27823386,4.00,-15.09,-0.35,121.15,71.74,60.38,0.09,0.35,0.29
27832899,1.09,-8.40,-0.00,101.30,94.25,55.43,0.09,0.35,0.29
27842874,-0.91,-3.95,1.70,60.47,45.14,40.75,0.10,0.34,0.31
27852423,0.30,-3.62,2.30,21.64,4.57,25.68,0.10,0.34,0.31
27862299,1.51,-5.81,2.86,14.11,-13.00,21.81,0.09,0.33,0.31
27873395,-1.15,-9.19,3.28,29.41,-32.30,17.12,0.09,0.33,0.31
27882992,-2.74,-10.97,3.46,50.17,-63.13,4.00,0.09,0.33,0.31
27903988,-1.65,-12.13,0.82,44.18,-58.06,-5.62,0.10,0.33,0.32
27913476,-0.48,-12.91,-0.57,-1.83,-5.32,-1.08,0.10,0.32,0.34
27924336,0.39,-13.46,-0.73,-43.78,45.68,-7.98,0.10,0.32,0.34
27933724,0.63,-13.58,-1.62,-42.38,52.14,-27.83,0.10,0.32,0.34
27943379,0.40,-12.52,-2.33,-33.46,50.94,-43.44,0.10,0.33,0.32
27952919,0.73,-11.53,-1.30,-33.18,46.24,-58.82,0.10,0.33,0.32
27962326,0.85,-9.30,-0.40,-38.70,50.82,-56.83,0.09,0.33,0.31
27972427,0.99,-7.96,1.08,-43.76,55.39,-59.94,0.09,0.33,0.31
27981994,1.08,-7.08,1.69,-49.04,53.65,-54.26,0.09,0.33,0.31
27991465,1.01,-6.47,1.08,-54.08,51.50,-48.59,0.07,0.34,0.32
28001701,1.22,-6.43,0.98,-57.95,46.75,-39.17,0.07,0.34,0.32
28011616,1.19,-5.61,0.59,-50.90,40.89,-30.20,0.07,0.34,0.30
28020798,1.39,-5.81,0.83,-38.19,37.03,-27.65,0.07,0.34,0.30
28030281,1.13,-6.60,0.19,-40.08,43.14,-25.88,0.07,0.34,0.30
28044035,0.30,-8.07,0.08,-55.29,79.73,-14.01,0.05,0.32,0.29
28054197,-0.95,-8.72,0.89,-53.90,97.98,-9.06,0.05,0.32,0.29
28063892,-1.65,-8.88,1.12,-48.47,103.57,-6.77,0.03,0.34,0.28
28074111,-2.07,-8.85,1.51,-28.58,99.92,-4.06,0.03,0.34,0.28
28084165,-1.99,-7.68,1.13,-4.94,88.73,-3.45,0.03,0.36,0.28
28094229,-1.78,-6.73,-0.19,8.41,80.82,-0.92,0.03,0.36,0.28
28104544,-2.24,-5.74,-0.76,4.73,80.10,3.07,0.03,0.36,0.28
28113989,-2.42,-6.01,-0.53,-10.05,76.66,6.80,0.02,0.35,0.29
28123392,-2.86,-5.85,-0.54,-20.34,66.30,9.15,0.02,0.35,0.29
28133469,-2.86,-6.31,-0.34,-25.47,59.21,11.94,0.02,0.35,0.29
28149858,-3.01,-7.07,-0.27,-19.15,54.77,17.33,0.01,0.36,0.27
28160011,-2.93,-7.62,-0.33,-15.40,50.33,21.44,0.01,0.36,0.26
28169905,-2.85,-7.94,-0.50,-7.46,44.30,24.73,0.01,0.36,0.26
28179434,-2.85,-8.24,-0.88,0.96,38.95,28.82,0.01,0.36,0.26
28188861,-2.82,-8.46,-0.98,7.63,33.18,33.19,0.00,0.36,0.27
28206033,-2.20,-8.50,-1.67,9.92,21.96,38.93,0.00,0.36,0.27
28216074,-1.64,-8.52,-1.90,4.37,15.98,43.01,0.01,0.36,0.26
28225363,-1.34,-9.04,-1.90,-4.03,10.51,47.02,0.01,0.36,0.26
28235191,-1.13,-9.97,-2.03,-9.65,5.07,44.60,0.02,0.36,0.27
28247246,-1.30,-10.95,-2.05,-12.39,1.62,38.66,0.02,0.36,0.27
28256988,-2.13,-11.87,-2.10,-17.89,2.84,29.65,0.02,0.36,0.27
28266319,-2.95,-12.89,-2.03,-32.16,10.21,17.12,0.03,0.37,0.26
28276052,-3.53,-13.12,-1.76,-40.38,20.62,0.15,0.03,0.37,0.26
28288527,-3.52,-12.43,-2.24,-40.70,27.11,-20.73,0.02,0.37,0.26
28298267,-3.13,-12.58,-2.49,-43.87,28.28,-27.57,0.02,0.37,0.26
28308317,-3.06,-11.90,0.25,-40.26,19.85,-27.04,0.02,0.37,0.24
28319311,-3.05,-11.82,4.54,-38.74,-13.56,-24.16,0.01,0.37,0.24
28331239,-1.92,-13.58,2.35,-30.08,-40.01,-30.94,0.01,0.37,0.24
28341921,-2.76,-15.37,1.20,-37.35,-15.75,-42.67,0.01,0.37,0.24
28351358,-3.32,-15.64,0.18,-40.37,5.08,-55.63,0.01,0.37,0.24
28361333,-4.37,-15.13,1.14,-38.63,16.89,-69.43,0.00,0.38,0.23
28370740,-4.02,-14.04,2.80,-12.52,15.18,-70.65,0.00,0.38,0.23
28379983,-2.71,-11.57,4.45,39.32,6.68,-64.08,0.00,0.38,0.23
28390561,-1.57,-8.30,5.67,94.11,-4.86,-52.14,-0.01,0.38,0.24
28409716,-1.45,-5.79,5.03,88.28,-29.67,-20.75,-0.02,0.36,0.25
28419150,0.65,-6.97,3.03,47.28,-49.94,-5.92,-0.02,0.36,0.25
28429625,3.30,-8.94,-1.38,-19.35,-58.03,2.93,-0.02,0.36,0.25
28438977,3.92,-10.89,-2.73,-63.05,-32.05,12.86,-0.03,0.36,0.27
28452806,3.66,-14.01,-2.83,-93.66,3.12,27.02,-0.03,0.36,0.27
28463874,1.76,-15.44,-1.93,-86.34,25.39,31.32,-0.02,0.37,0.26
28473666,-0.29,-16.48,0.27,-56.60,26.70,36.37,-0.02,0.37,0.26
28483515,-1.82,-16.49,2.72,-0.67,-0.68,30.40,-0.01,0.38,0.23
28492901,-2.40,-15.60,3.89,70.36,-29.22,26.53,-0.01,0.38,0.23
28503192,-2.07,-14.01,4.36,149.05,-50.84,18.50,-0.01,0.38,0.23
28515770,-1.44,-10.54,3.76,205.76,-43.37,24.06,-0.02,0.37,0.26
28525743,-0.95,-7.31,1.07,221.06,-21.86,33.05,-0.02,0.37,0.26
28536083,-0.35,-3.71,-1.72,135.55,19.41,46.25,0.00,0.34,0.28
28545591,-0.85,-3.77,-0.18,47.66,16.06,57.65,0.00,0.34,0.28
28556144,-1.25,-4.16,-0.01,-13.97,-6.92,67.67,0.00,0.34,0.28
28565733,-0.44,-5.76,0.61,-34.33,-22.34,67.31,0.01,0.35,0.29
28575538,0.35,-6.35,0.11,-24.32,-27.64,69.06,0.01,0.35,0.29
28585478,0.26,-6.93,-0.93,-3.28,-31.26,56.07,0.03,0.35,0.28
28595796,0.52,-7.84,-0.32,15.99,-33.04,51.56,0.03,0.35,0.28
28608836,0.21,-6.82,-0.23,17.79,-40.21,46.79,0.04,0.34,0.29
28618779,0.18,-6.04,-0.58,-0.49,-41.73,51.08,0.04,0.34,0.29
28628339,-0.06,-5.71,0.34,-14.18,-51.33,42.89,0.04,0.34,0.29
28638305,0.46,-6.24,0.43,-25.14,-55.10,36.94,0.03,0.35,0.30
28648319,0.41,-6.47,0.29,-33.19,-47.72,39.68,0.03,0.35,0.30
28663069,0.61,-6.15,-1.05,-30.78,-44.74,30.88,0.06,0.35,0.31
28672796,1.13,-6.76,-0.59,-27.19,-41.97,21.28,0.06,0.35,0.31
28682124,1.33,-7.13,-0.99,-24.52,-39.19,16.86,0.06,0.35,0.31
28691448,1.31,-6.94,-1.32,-21.05,-37.61,9.26,0.06,0.36,0.28
28701467,1.35,-7.08,-1.37,-19.73,-34.06,5.53,0.06,0.36,0.28
28716000,1.27,-7.10,-1.51,-15.53,-33.24,-0.25,0.07,0.36,0.28
28726442,1.22,-7.36,-2.13,-13.12,-33.42,-4.16,0.07,0.36,0.28
28736434,0.92,-7.90,-2.44,-9.48,-32.83,-8.31,0.08,0.36,0.27
28745919,0.40,-8.65,-2.60,-3.00,-36.19,-13.05,0.08,0.36,0.27
28762131,-0.11,-9.58,-2.71,14.75,-43.91,-22.99,0.08,0.37,0.28
28771536,-0.10,-9.54,-2.02,21.64,-47.28,-28.00,0.08,0.37,0.28
28780940,-0.13,-9.72,-1.58,21.97,-44.89,-30.21,0.08,0.37,0.28
28790588,-0.06,-10.18,-0.86,14.70,-39.11,-30.42,0.08,0.36,0.29
28800034,0.21,-11.73,-0.96,4.55,-31.38,-25.93,0.08,0.36,0.29
28809540,-0.04,-14.61,-2.56,4.80,-20.66,-18.72,0.08,0.36,0.29
28821187,-0.09,-16.93,-5.38,22.60,-10.23,-8.46,0.08,0.36,0.29
28830795,-0.03,-16.43,-7.06,37.22,4.09,1.11,0.08,0.36,0.29
28841089,-0.85,-13.56,-6.88,40.28,24.91,4.71,0.08,0.35,0.29
28850865,-2.17,-9.99,-5.63,38.48,29.47,1.01,0.08,0.35,0.29
28864563,-3.46,-6.17,-3.74,-1.86,6.48,-1.23,0.07,0.35,0.29
28875272,-3.58,-5.37,-3.15,-33.57,-24.29,3.77,0.07,0.35,0.29
28885263,-2.26,-6.11,-2.50,-19.80,-57.84,0.29,0.06,0.32,0.29
28895744,2.03,-6.41,-1.65,2.07,-78.15,-2.78,0.06,0.32,0.29
28905932,4.58,-8.52,-0.24,-1.83,-68.97,7.74,0.06,0.32,0.29
28921522,5.05,-17.14,0.19,-1.44,-48.13,29.72,0.08,0.36,0.29
28931377,5.44,-19.60,2.14,29.43,-27.19,34.94,0.08,0.36,0.29
28941305,6.31,-19.60,3.45,67.04,7.99,48.99,0.09,0.35,0.29
28951906,4.26,-18.89,2.10,106.64,67.57,58.29,0.09,0.35,0.29
28967199,-3.52,-8.59,1.81,118.82,75.62,47.72,0.10,0.34,0.30
28976998,-2.56,-5.57,2.27,95.06,-1.01,25.61,0.10,0.34,0.30
28986403,1.45,-5.17,2.08,70.00,-34.74,17.88,0.10,0.32,0.34
28996387,2.59,-5.56,2.29,40.34,-0.61,12.28,0.10,0.32,0.34
29007165,0.38,-7.33,3.10,11.25,20.75,-1.30,0.10,0.32,0.32
29022761,-1.32,-9.72,2.47,-6.12,-13.79,-29.75,0.10,0.32,0.32
29032541,-1.46,-10.29,0.46,-24.61,-30.46,-33.24,0.10,0.32,0.33
29042062,-0.93,-11.97,-0.44,-62.90,-19.44,-30.00,0.10,0.32,0.33
29051658,-0.03,-13.42,-1.09,-78.50,-4.05,-28.74,0.10,0.32,0.33
29061755,0.76,-14.39,-1.60,-58.49,20.34,-35.48,0.10,0.33,0.32
29071920,0.49,-14.37,-1.66,-28.15,52.26,-44.60,0.10,0.33,0.32
29084001,-0.54,-12.40,-0.06,-0.10,71.97,-50.12,0.09,0.34,0.33
29094386,-0.63,-9.64,0.34,-4.37,70.74,-47.15,0.09,0.34,0.33
29110021,-0.02,-6.27,1.25,-33.69,70.32,-42.46,0.07,0.33,0.32
29132086,0.62,-4.73,1.50,-63.48,54.95,-25.72,0.07,0.34,0.31
29142128,0.83,-5.21,0.49,-66.68,48.57,-19.07,0.05,0.34,0.31
29151960,0.79,-7.25,-1.16,-69.18,51.37,-15.98,0.05,0.34,0.31
29161279,0.56,-8.26,-1.11,-58.45,65.13,-14.84,0.05,0.34,0.29
29173238,-0.25,-9.01,-0.29,-43.02,80.24,-13.89,0.05,0.34,0.29
29182676,-0.89,-8.63,0.21,-32.37,86.12,-13.20,0.03,0.36,0.28
29192461,-1.44,-8.29,0.49,-24.27,88.54,-12.67,0.03,0.36,0.28
29201910,-1.83,-7.47,0.63,-18.93,90.99,-9.88,0.03,0.36,0.28
29211569,-2.06,-7.00,0.75,-11.32,88.83,-5.48,0.01,0.35,0.28
29221959,-2.38,-6.29,-0.11,-3.64,82.69,0.06,0.01,0.35,0.28
29231800,-2.89,-5.68,-0.53,-7.32,78.09,4.59,0.01,0.36,0.27
29241298,-2.89,-6.19,-0.68,-16.01,71.50,8.88,0.01,0.36,0.27
29251701,-3.08,-6.32,-0.73,-18.86,63.03,13.40,0.01,0.36,0.27
29261506,-3.02,-6.46,-0.56,-15.01,58.98,17.87,0.00,0.35,0.27
29272976,-3.09,-6.66,-0.82,-8.90,54.85,24.20,0.00,0.35,0.27
29282185,-3.19,-6.78,-0.87,-4.15,52.33,29.27,0.01,0.36,0.26
29291382,-3.36,-7.12,-0.86,-2.07,48.86,35.37,0.01,0.36,0.26
29300898,-3.42,-7.52,-0.81,1.48,41.28,38.96,0.01,0.36,0.26
29311966,-3.28,-7.94,-0.82,6.46,29.64,41.62,-0.01,0.37,0.26
29321768,-2.63,-8.18,-1.09,7.11,21.39,43.85,-0.01,0.37,0.26
29332589,-1.98,-8.69,-1.51,-1.75,14.32,48.06,0.01,0.36,0.27
29342379,-1.09,-9.77,-2.01,-11.79,9.24,51.69,0.01,0.36,0.27
29351733,-0.76,-11.04,-2.25,-17.36,5.82,51.99,0.01,0.36,0.27
29361522,-1.10,-12.23,-2.52,-16.76,6.07,46.28,0.00,0.37,0.27
29377421,-2.91,-13.77,-3.03,-16.84,11.41,20.32,0.00,0.37,0.27
29386695,-3.82,-13.54,-3.25,-27.05,22.36,3.66,0.02,0.35,0.27
29396314,-4.20,-12.54,-2.59,-33.88,30.91,-11.21,0.02,0.35,0.27
29406065,-4.22,-12.00,-1.91,-42.27,28.32,-19.70,0.02,0.35,0.27
29415421,-4.17,-11.92,-0.49,-48.08,20.17,-21.62,0.01,0.38,0.26
29425522,-5.06,-11.62,4.77,-56.54,-9.72,-18.29,0.01,0.38,0.26
29435750,-4.49,-14.35,5.54,-56.04,-53.65,-19.70,0.01,0.38,0.24
29445201,-3.00,-16.88,3.06,-30.60,-62.47,-32.14,0.01,0.38,0.24
29454538,-3.07,-16.75,-0.06,-14.61,-42.80,-54.78,0.01,0.38,0.24
29464083,-3.71,-15.37,-1.11,-12.80,-15.23,-70.70,0.01,0.38,0.24
29476965,-4.01,-13.68,1.21,-7.84,-13.51,-72.90,0.01,0.38,0.24
29487018,-1.66,-11.02,2.47,28.24,-26.67,-68.71,-0.01,0.37,0.24
29497081,-0.21,-7.94,4.24,63.67,-24.10,-58.03,-0.01,0.37,0.24
29507026,-0.18,-5.81,4.83,79.04,-19.50,-46.41,-0.01,0.37,0.24
29517499,-0.85,-4.99,5.28,69.49,-26.61,-29.36,-0.01,0.37,0.24
29565163,2.55,-14.43,-2.82,-133.78,-29.05,30.07,-0.01,0.37,0.26
29594034,-2.57,-17.81,4.14,15.23,-31.49,42.89,-0.01,0.39,0.23
29603717,-2.93,-17.24,5.15,104.36,-80.66,28.17,-0.01,0.39,0.23
29613465,-2.03,-14.77,5.05,194.91,-104.53,18.87,0.01,0.38,0.24
29624101,-1.02,-11.17,4.36,259.67,-93.48,18.13,0.01,0.38,0.24
29639717,0.84,-4.04,-3.62,221.48,-30.20,33.48,0.03,0.36,0.27
29649173,-0.17,-1.50,-1.93,99.08,5.48,40.63,0.03,0.36,0.27
29658556,-1.11,-2.31,0.27,-16.05,-4.48,54.05,0.04,0.34,0.31
29668012,-0.74,-3.74,0.22,-70.41,-29.00,60.34,0.04,0.34,0.31
29687680,0.75,-8.09,-0.41,-36.62,-24.67,62.07,0.04,0.34,0.29
29716792,1.38,-6.86,0.27,40.10,-57.78,36.58,0.06,0.36,0.28
29726739,1.50,-5.44,-0.01,28.76,-55.61,34.07,0.06,0.36,0.28
29744031,0.83,-4.93,0.22,-9.61,-39.40,36.38,0.07,0.33,0.30
29755150,0.37,-5.61,-0.18,-26.68,-35.04,33.19,0.07,0.33,0.30
29765514,0.15,-6.86,-0.75,-28.31,-29.82,28.94,0.08,0.36,0.30
29775457,-0.04,-7.13,-1.35,-24.46,-27.49,19.40,0.08,0.36,0.30
29785381,0.06,-7.19,-2.01,-25.07,-19.15,18.40,0.09,0.35,0.29
29795803,0.58,-7.20,-1.41,-21.54,-20.51,8.97,0.09,0.35,0.29
29806007,0.76,-7.00,-1.77,-21.96,-20.79,5.26,0.09,0.36,0.29
29815660,0.75,-6.89,-1.75,-23.02,-20.35,3.18,0.09,0.36,0.29
29825582,0.48,-6.87,-1.70,-21.31,-21.09,0.33,0.09,0.36,0.29
29834963,0.24,-7.13,-1.51,-16.83,-23.34,-3.15,0.09,0.36,0.28
29846009,0.24,-7.69,-1.84,-8.78,-27.40,-8.72,0.09,0.36,0.28
29856063,0.23,-8.53,-2.35,-1.31,-29.80,-13.79,0.08,0.36,0.29
29868209,-0.02,-9.38,-3.00,10.52,-30.47,-20.29,0.08,0.36,0.29
29878001,-0.54,-9.37,-2.57,17.91,-33.07,-26.15,0.08,0.36,0.29
29888014,-0.69,-9.43,-2.04,17.11,-40.95,-29.85,0.09,0.35,0.28
29897949,-0.49,-10.16,-1.63,10.06,-41.26,-30.33,0.09,0.35,0.28
29907699,-0.30,-11.44,-1.28,1.92,-34.96,-26.90,0.07,0.36,0.30
29917650,-0.62,-13.67,-2.01,0.33,-23.08,-19.59,0.07,0.36,0.30
29927380,-0.87,-15.53,-4.06,8.44,-15.12,-9.74,0.07,0.36,0.30
29940142,-0.86,-15.42,-6.34,20.64,-4.82,4.92,0.09,0.36,0.30
29950171,-1.06,-13.35,-6.61,23.84,7.18,10.48,0.09,0.36,0.30
29959961,-1.36,-11.04,-4.59,21.74,5.38,10.25,0.08,0.35,0.29
29969628,-0.80,-10.21,-1.19,5.67,-11.69,16.25,0.08,0.35,0.29
29979949,0.68,-12.05,1.62,-9.20,-29.36,32.58,0.08,0.35,0.29
29990544,0.92,-16.26,2.64,10.12,-40.51,40.82,0.09,0.35,0.29
29999880,1.58,-19.44,0.41,57.80,-38.74,46.53,0.09,0.35,0.29
30010203,1.73,-19.60,-2.04,99.06,-8.30,51.73,0.10,0.32,0.32
30020906,3.24,-15.52,-1.40,123.10,38.05,43.54,0.10,0.32,0.32
30030386,3.96,-9.15,-1.39,138.85,63.04,29.10,0.14,0.34,0.32
30042520,2.48,-3.67,0.45,62.63,66.78,18.74,0.11,0.34,0.32
30052567,1.60,-3.35,1.47,6.62,24.37,2.48,0.11,0.34,0.32
30062041,1.38,-3.89,2.91,-3.75,-4.60,-2.77,0.11,0.33,0.32
30074919,-0.75,-6.31,3.76,18.49,-44.90,-1.51,0.11,0.33,0.32
30084742,-3.06,-8.36,3.66,35.91,-77.09,-2.74,0.10,0.32,0.33
30094667,-3.95,-9.67,3.45,38.55,-98.99,-1.38,0.10,0.32,0.33
30104045,-3.00,-11.41,2.39,22.57,-99.56,10.36,0.10,0.32,0.33
30115517,-0.29,-15.36,-0.08,-21.79,-58.97,26.57,0.11,0.31,0.32
30125043,1.25,-15.87,-1.02,-34.59,9.82,17.04,0.11,0.31,0.32
30134510,1.54,-13.84,-1.06,-32.30,54.88,-3.37,0.12,0.31,0.32
30149620,1.49,-11.13,-1.83,-40.84,64.55,-31.39,0.12,0.31,0.32
30159285,0.99,-10.17,-1.25,-46.00,47.02,-52.26,0.11,0.32,0.32
30169416,0.63,-9.15,-0.40,-58.68,31.45,-61.53,0.11,0.32,0.32
30179234,0.46,-8.55,0.84,-70.84,23.75,-64.45,0.11,0.32,0.32
30196874,0.73,-8.43,1.84,-64.47,16.80,-59.51,0.10,0.33,0.31
30206603,0.91,-7.99,1.27,-48.33,13.77,-52.64,0.10,0.34,0.30
30216418,1.25,-7.52,0.63,-33.60,13.79,-45.19,0.10,0.34,0.30
30226406,1.06,-7.02,-0.00,-22.43,18.81,-40.18,0.10,0.34,0.30
30236039,0.89,-6.60,-0.46,-23.91,34.37,-35.54,0.08,0.33,0.31
30251840,-0.50,-6.40,0.75,-31.76,58.92,-28.70,0.08,0.33,0.31
30261717,-1.16,-7.24,1.27,-39.40,70.09,-23.85,0.08,0.35,0.30
30272030,-2.10,-7.65,0.97,-44.95,73.07,-20.42,0.08,0.35,0.30
30282056,-2.43,-7.60,1.14,-40.71,66.98,-17.24,0.06,0.35,0.29
30291599,-2.39,-7.34,0.54,-31.49,55.43,-14.69,0.06,0.35,0.29
30300778,-2.13,-6.93,-0.22,-28.47,49.71,-9.51,0.06,0.35,0.29
30310239,-2.00,-6.76,-0.46,-30.62,48.84,-4.29,0.04,0.34,0.28
30320937,-1.82,-6.94,-0.28,-34.13,52.12,0.05,0.04,0.34,0.28
30333569,-1.90,-7.38,-0.17,-32.34,52.71,3.86,0.04,0.36,0.27
30346992,-2.17,-7.63,-0.32,-18.85,49.68,7.11,0.04,0.36,0.27
30356923,-2.24,-7.78,-0.57,-12.45,45.46,13.07,0.04,0.37,0.26
30366325,-2.47,-8.08,-0.72,-8.22,39.98,20.41,0.04,0.37,0.26
30376530,-2.79,-8.41,-0.84,0.80,34.78,27.79,0.04,0.37,0.26
30386429,-3.20,-8.40,-0.89,10.26,28.66,32.48,0.04,0.36,0.28
30398718,-3.59,-8.59,-0.75,18.04,21.40,37.28,0.04,0.36,0.28
30408582,-3.54,-8.58,-0.77,21.74,15.12,39.23,0.04,0.37,0.26
30417920,-3.27,-8.48,-1.32,20.54,13.76,41.03,0.04,0.37,0.26
30427401,-2.92,-8.38,-1.51,12.49,11.94,44.05,0.04,0.37,0.26
30441107,-2.27,-9.06,-1.41,-3.43,-2.04,47.92,0.04,0.36,0.27
30456692,-1.45,-10.60,-0.97,-14.81,-11.01,45.24,0.05,0.36,0.27
30466604,-1.72,-11.27,-0.86,-15.11,-11.32,37.48,0.05,0.36,0.27
30476440,-2.59,-12.13,-0.93,-18.15,-4.04,24.18,0.05,0.36,0.27
30486284,-3.32,-12.71,-1.99,-33.68,6.65,6.15,0.06,0.36,0.28
30502327,-3.37,-11.93,-2.49,-50.95,21.69,-14.93,0.06,0.36,0.28
30511981,-2.37,-12.46,-2.48,-55.62,28.15,-18.24,0.06,0.36,0.27
30521355,-1.51,-12.94,-1.76,-46.17,33.71,-17.50,0.06,0.36,0.27
30530677,-1.43,-12.36,-0.73,-19.28,34.46,-14.24,0.05,0.37,0.25
30540019,-1.97,-10.89,0.87,3.40,24.05,-9.90,0.05,0.37,0.25
30550936,-2.09,-9.38,2.82,11.20,0.13,-4.38,0.05,0.37,0.25
30561338,-2.08,-10.05,1.76,-3.33,-6.62,-6.09,0.05,0.37,0.25
30571388,-2.43,-12.74,1.69,-27.40,0.90,-13.29,0.05,0.37,0.25
30581000,-2.64,-14.25,1.96,-39.67,5.02,-27.41,0.05,0.37,0.25
30590220,-3.03,-14.80,2.12,-42.27,7.27,-48.15,0.05,0.37,0.25
30600124,-3.17,-14.54,2.48,-40.26,12.80,-63.93,0.05,0.37,0.25
30609906,-2.05,-13.33,3.56,-15.25,13.91,-70.18,0.04,0.38,0.25
30619282,-0.47,-11.38,3.93,20.94,11.22,-67.49,0.04,0.38,0.25
30628902,0.20,-9.32,3.99,56.00,13.04,-63.88,0.04,0.38,0.22
30640092,0.49,-7.19,4.23,78.17,10.95,-49.92,0.02,0.38,0.25
30665144,3.55,-8.35,-0.52,5.62,-17.45,-9.10,0.01,0.36,0.26
30675004,3.96,-9.93,-1.07,-34.30,-2.38,5.31,0.01,0.36,0.26
30684322,3.63,-11.89,-1.15,-52.93,12.70,18.61,0.01,0.36,0.27
30694020,2.68,-13.58,-0.78,-48.83,25.79,27.81,0.01,0.36,0.27
30706422,0.30,-15.54,0.63,-23.00,28.40,35.97,0.01,0.37,0.25
30716432,-1.63,-16.09,2.17,20.43,9.18,36.72,0.01,0.37,0.25
30726131,-2.86,-15.93,3.15,84.43,-17.56,29.18,0.01,0.37,0.25
30735446,-3.21,-14.34,3.28,154.89,-40.68,18.75,0.02,0.37,0.25
30744787,-2.41,-11.32,0.62,193.63,-49.36,14.11,0.02,0.37,0.25
30763718,-1.33,-5.52,-0.52,87.05,-3.35,23.98,0.03,0.35,0.28
30774310,-1.55,-5.51,0.53,29.72,2.33,35.29,0.03,0.35,0.28
30786357,-1.50,-6.41,1.64,7.29,-2.56,47.18,0.03,0.34,0.30
30796053,-0.85,-6.99,1.20,7.59,-17.32,47.08,0.03,0.34,0.30
30809265,-0.17,-6.83,0.45,19.64,-30.00,47.63,0.04,0.33,0.31
30819298,0.51,-6.43,-0.06,24.21,-35.44,42.29,0.04,0.33,0.31
30828904,0.90,-6.61,-0.60,16.43,-30.88,46.73,0.04,0.33,0.30
30840223,0.73,-6.53,-0.22,10.39,-29.55,41.35,0.05,0.33,0.30
30850889,0.95,-7.18,-0.25,-2.61,-25.83,46.69,0.05,0.33,0.30
30867106,0.70,-7.14,-0.15,-6.65,-28.17,48.54,0.06,0.34,0.30
30877523,0.82,-7.11,-0.30,-3.00,-36.35,40.21,0.06,0.34,0.30
30887140,0.70,-6.39,-1.04,-4.80,-39.95,36.15,0.07,0.34,0.29
30897056,0.99,-6.50,-1.29,-11.64,-34.03,35.33,0.07,0.34,0.29
30912031,0.78,-6.80,-1.48,-16.91,-22.89,26.99,0.08,0.34,0.30
30921383,0.65,-6.94,-1.50,-20.07,-20.65,24.74,0.08,0.34,0.30
30930923,0.63,-7.20,-1.30,-21.34,-20.97,20.20,0.10,0.35,0.29
30940266,0.78,-7.28,-1.15,-19.53,-24.30,14.81,0.10,0.35,0.29
30949763,1.02,-7.43,-1.24,-18.19,-28.55,8.91,0.10,0.35,0.29
30960157,1.07,-7.65,-1.26,-18.89,-28.69,3.54,0.08,0.34,0.31
30975976,0.47,-8.29,-1.80,-17.00,-30.56,-8.43,0.08,0.34,0.31
30985353,0.33,-8.60,-2.05,-12.51,-31.78,-14.40,0.09,0.35,0.30
30996342,0.02,-8.78,-2.57,-7.73,-30.82,-23.64,0.09,0.35,0.30
31006127,-0.19,-8.68,-2.83,-5.04,-29.23,-30.88,0.09,0.35,0.29
31015460,-0.36,-8.60,-2.73,-4.99,-28.67,-36.84,0.09,0.35,0.29
31025907,-0.12,-9.02,-2.42,-8.71,-30.08,-39.89,0.09,0.35,0.29
31035799,0.29,-9.89,-2.20,-13.35,-27.25,-35.90,0.08,0.35,0.27
31045279,0.09,-10.86,-1.39,-13.40,-21.39,-33.81,0.08,0.35,0.27
31054643,0.47,-11.85,-0.83,-6.56,-13.46,-28.79,0.08,0.35,0.28
31071078,0.18,-14.74,-4.17,7.89,-1.10,-11.91,0.08,0.35,0.28
31080562,-0.66,-14.99,-6.29,14.66,-7.77,1.14,0.08,0.36,0.29
31090604,-1.17,-14.07,-7.46,13.14,-10.17,15.61,0.08,0.36,0.29
31100214,-1.64,-12.64,-6.92,11.17,-4.90,19.53,0.08,0.36,0.29
31114572,-2.22,-10.07,-4.23,10.16,-1.23,13.06,0.08,0.35,0.31
31124218,-0.99,-8.93,-1.36,1.72,-11.90,6.33,0.08,0.35,0.31
31134004,1.11,-8.48,0.03,-11.97,-32.67,4.92,0.09,0.34,0.29
31144573,2.54,-11.10,0.99,-15.09,-36.28,17.36,0.09,0.34,0.29
31154432,2.60,-14.39,0.71,-8.45,-40.87,34.83,0.09,0.34,0.28
31164716,2.40,-18.87,-0.82,4.37,-41.75,54.22,0.09,0.34,0.28
31175440,2.27,-19.60,-3.09,50.92,-13.63,68.28,0.09,0.34,0.28
31184899,4.02,-18.93,-1.22,106.43,24.18,62.05,0.10,0.34,0.30
31194342,3.55,-11.77,-1.28,139.48,60.33,49.34,0.10,0.34,0.30
31203707,2.85,-6.34,0.04,103.20,67.58,36.66,0.10,0.33,0.31
31223252,2.95,-4.55,2.95,15.45,39.37,7.69,0.10,0.33,0.31
31232666,1.13,-5.75,4.17,11.79,21.21,3.98,0.11,0.31,0.30
31242208,-1.31,-7.08,3.54,32.46,-21.75,1.76,0.11,0.31,0.30
31252472,-3.74,-8.33,3.03,53.85,-65.35,-5.63,0.11,0.31,0.30
31261902,-4.20,-9.04,2.65,59.89,-86.72,-7.04,0.11,0.32,0.31
31278317,-2.41,-11.30,2.05,7.46,-53.55,15.40,0.12,0.32,0.33
31288882,-0.77,-12.86,0.88,-31.82,-1.35,17.99,0.12,0.32,0.33
31298537,-0.18,-12.92,0.22,-40.22,38.67,4.42,0.12,0.32,0.33
31308469,0.29,-12.32,-0.93,-38.67,53.05,-14.07,0.12,0.32,0.33
31320761,-0.08,-11.00,-2.13,-35.20,57.50,-33.62,0.12,0.32,0.33
31330483,0.37,-10.17,-1.67,-35.13,46.97,-46.51,0.11,0.33,0.32
31340354,0.78,-8.75,-0.53,-35.71,41.86,-49.31,0.11,0.33,0.32
31349866,1.12,-7.91,0.52,-42.45,44.81,-51.96,0.11,0.33,0.32
31359330,1.13,-7.72,1.36,-59.23,45.52,-49.56,0.10,0.33,0.32
31371097,1.20,-7.52,1.57,-57.97,36.68,-42.29,0.10,0.33,0.32
31381468,1.13,-7.68,0.48,-39.28,22.72,-36.90,0.09,0.34,0.29
31391325,1.58,-8.01,-0.24,-22.89,21.52,-30.91,0.09,0.34,0.29
31401129,1.57,-7.78,-0.73,-14.05,31.84,-28.23,0.09,0.34,0.29
31411484,0.77,-7.44,-0.62,-14.67,54.64,-22.48,0.08,0.35,0.29
31423060,-0.75,-7.84,0.42,-22.96,78.43,-18.90,0.08,0.35,0.29
31433144,-1.75,-7.93,0.98,-28.10,86.66,-16.68,0.06,0.34,0.31
31442405,-2.51,-8.08,1.29,-31.24,84.48,-15.14,0.06,0.34,0.31
31452342,-2.86,-7.99,1.15,-30.03,77.12,-11.11,0.06,0.34,0.31
31462585,-2.79,-8.01,0.65,-26.33,64.57,-6.84,0.05,0.34,0.28
31472005,-2.41,-7.77,-0.17,-24.53,58.97,-3.31,0.05,0.34,0.28
