39831037,-5.91,-7.75,7.51,25.50,-28.30,-21.66,0.02,0.27,-0.27
39840414,-4.79,-6.61,7.80,27.81,-18.73,-22.78,0.02,0.27,-0.27
39849894,-3.23,-5.43,6.48,19.07,-25.32,-18.99,0.01,0.28,-0.26
39859253,-3.05,-4.81,4.65,1.16,-31.43,-8.84,0.01,0.28,-0.26
39868727,-3.25,-4.73,3.49,-18.87,-41.84,-0.31,0.01,0.28,-0.26
39878971,-3.81,-5.18,2.87,-38.33,-54.61,12.98,0.00,0.28,-0.27
39889125,-3.75,-6.63,3.50,-54.86,-62.05,26.08,0.00,0.28,-0.27
39898634,-3.39,-8.12,4.32,-48.64,-61.15,39.57,-0.01,0.27,-0.27
39907915,-2.46,-9.31,4.68,-30.83,-56.63,48.06,-0.01,0.27,-0.27
39917691,-1.30,-9.98,4.69,-19.44,-45.49,52.86,-0.01,0.27,-0.27
39927095,-0.47,-10.74,4.44,-9.75,-23.27,55.69,-0.01,0.27,-0.27
39936559,-0.45,-11.06,3.71,-1.58,7.68,62.71,-0.01,0.27,-0.27
39946328,-0.64,-11.96,4.39,8.10,27.11,66.46,-0.00,0.27,-0.27
39956074,-1.51,-10.65,4.32,23.12,13.20,60.45,-0.00,0.27,-0.27
39968371,-2.23,-8.98,2.84,43.56,-8.18,64.12,-0.00,0.27,-0.27
39978256,-2.76,-8.17,2.91,47.77,-13.59,63.32,0.01,0.28,-0.26
39991070,-3.65,-6.40,2.62,43.95,-35.54,59.59,0.01,0.28,-0.26
40001144,-3.08,-5.91,2.67,32.64,-38.41,58.88,0.01,0.29,-0.26
40010551,-2.64,-5.94,2.49,20.04,-31.14,56.71,0.01,0.29,-0.26
40020035,-2.13,-6.18,2.02,3.56,-19.83,56.55,0.01,0.29,-0.26
40029421,-1.33,-6.56,1.58,-0.62,-5.08,56.61,0.01,0.30,-0.26
40038950,-0.70,-6.74,1.65,1.01,1.15,54.99,0.01,0.30,-0.26
40049002,-0.10,-6.91,1.30,5.77,-1.10,53.62,0.02,0.29,-0.26
40058625,0.13,-7.26,0.69,6.95,1.37,54.10,0.02,0.29,-0.26
40071996,0.23,-7.47,0.52,16.88,-1.18,50.95,0.03,0.30,-0.26
40081714,0.17,-8.04,0.91,19.25,4.03,53.41,0.03,0.30,-0.26
40094088,-0.63,-7.76,0.77,20.43,-2.82,52.32,0.03,0.30,-0.26
40103711,-1.38,-8.31,1.29,16.18,1.43,52.74,0.03,0.30,-0.27
40114962,-2.38,-8.52,1.11,16.06,-2.41,48.86,0.03,0.30,-0.27
40124254,-2.49,-8.61,0.97,18.47,-6.58,43.60,0.04,0.31,-0.27
40138456,-2.18,-8.39,0.91,19.56,-2.85,28.87,0.04,0.31,-0.27
40150660,-2.18,-8.11,0.21,21.71,-1.36,16.92,0.04,0.31,-0.25
40163319,-2.43,-7.06,-0.63,27.09,-2.21,7.68,0.04,0.31,-0.25
40175304,-0.99,-7.22,-0.26,28.52,-11.12,-0.04,0.05,0.31,-0.26
40185699,-1.02,-7.12,-0.71,25.86,-16.90,-0.50,0.05,0.31,-0.26
40198753,-0.62,-7.11,-0.89,26.70,-22.36,0.12,0.04,0.32,-0.25
40212412,-1.45,-7.91,-0.91,27.90,-22.85,1.63,0.04,0.32,-0.25
40223488,-2.14,-8.70,-0.85,30.32,-27.69,1.83,0.04,0.32,-0.25
40235601,-3.01,-9.55,-0.39,37.23,-27.44,2.36,0.04,0.32,-0.25
40251329,-3.83,-10.46,-0.39,47.48,-29.72,6.09,0.03,0.33,-0.25
40261398,-3.66,-10.80,-0.93,50.80,-30.74,6.62,0.03,0.33,-0.25
40276011,-3.06,-11.32,-0.39,39.23,-31.46,6.09,0.03,0.33,-0.24
40288216,-2.51,-11.31,-0.59,14.81,-26.38,11.52,0.03,0.33,-0.24
40301376,-2.80,-12.99,-0.69,2.39,-20.07,15.93,0.03,0.34,-0.24
40310695,-2.33,-14.02,-0.99,5.91,-28.30,14.44,0.03,0.34,-0.24
40322272,-2.71,-12.73,-1.63,18.50,-32.26,10.82,0.03,0.34,-0.22
40332389,-2.52,-12.24,-2.19,24.01,-33.16,5.54,0.03,0.34,-0.22
40344008,-0.37,-10.72,-1.22,24.89,-28.19,1.33,0.03,0.34,-0.22
40354300,4.81,-10.44,2.43,15.92,-7.61,2.74,0.03,0.34,-0.22
40364003,6.69,-13.80,6.39,-13.54,19.00,15.51,0.03,0.34,-0.22
40373573,-0.27,-18.31,4.35,-30.42,23.01,31.39,0.03,0.34,-0.22
40383851,-1.64,-19.32,1.25,5.07,7.19,41.37,0.03,0.34,-0.22
40393058,0.97,-17.45,4.09,61.66,18.05,40.88,0.03,0.34,-0.22
40403144,-0.54,-14.46,4.95,98.88,0.30,42.36,0.03,0.34,-0.22
40412980,-0.20,-11.04,2.40,107.18,-2.71,42.06,0.03,0.34,-0.22
40423574,-0.03,-6.57,1.19,88.23,38.53,38.00,0.04,0.36,-0.21
40432879,-0.14,-4.30,2.36,43.04,70.63,35.60,0.04,0.36,-0.21
40447165,0.70,-4.23,2.31,-11.95,82.42,33.34,0.05,0.36,-0.19
40456937,1.49,-6.70,1.69,-39.06,76.55,20.99,0.05,0.36,-0.19
40467081,1.70,-8.05,2.02,-58.52,74.51,-4.37,0.05,0.36,-0.19
40476734,0.57,-9.75,2.90,-64.15,62.00,-21.63,0.06,0.36,-0.21
40486611,-1.44,-10.72,3.69,-60.04,47.08,-37.94,0.06,0.36,-0.21
40496906,-3.60,-11.95,3.68,-49.75,21.34,-55.92,0.05,0.35,-0.23
40507185,-5.42,-13.00,2.35,-31.39,-1.96,-62.95,0.05,0.35,-0.23
40517024,-5.97,-13.23,0.84,-12.36,-8.72,-60.94,0.05,0.35,-0.23
40527770,-6.25,-13.49,0.85,15.56,18.13,-54.13,0.05,0.34,-0.23
40539320,-5.85,-10.79,1.77,23.12,54.93,-55.48,0.05,0.34,-0.23
40548953,-5.26,-8.47,1.55,0.62,55.54,-56.74,0.04,0.35,-0.23
40558685,-4.56,-7.59,0.60,-10.85,45.40,-60.18,0.04,0.35,-0.23
40570211,-3.79,-6.65,-0.10,0.83,27.45,-64.25,0.04,0.34,-0.23
40581322,-2.64,-5.21,0.44,4.38,10.77,-71.31,0.04,0.34,-0.23
40591364,-1.41,-4.29,0.46,-7.82,5.67,-72.57,0.04,0.34,-0.23
40600712,-1.13,-3.90,1.00,-28.28,14.97,-72.53,0.03,0.34,-0.23
40611007,-1.31,-3.77,0.87,-50.78,16.27,-71.01,0.03,0.34,-0.23
40620295,-1.76,-4.31,0.60,-68.92,14.21,-68.48,0.02,0.34,-0.24
40632279,-2.43,-5.24,0.22,-86.48,2.98,-59.66,0.02,0.34,-0.24
40643185,-3.02,-7.22,0.35,-90.18,-8.78,-45.04,0.02,0.34,-0.24
40653335,-3.21,-8.35,0.60,-68.79,-16.39,-34.66,0.02,0.32,-0.24
40664538,-3.07,-8.55,0.78,-34.13,-16.69,-28.52,0.02,0.32,-0.24
40674437,-2.68,-8.17,0.58,-8.72,-15.37,-25.71,0.00,0.30,-0.26
40691386,-2.67,-6.56,0.78,19.85,-1.94,-20.06,0.00,0.30,-0.26
40701053,-3.17,-5.59,0.91,24.37,-10.32,-15.64,-0.00,0.32,-0.26
40711063,-3.57,-4.83,0.64,19.26,-18.57,-7.94,-0.00,0.32,-0.26
40720801,-4.27,-4.87,0.34,10.24,-18.17,0.25,-0.01,0.32,-0.26
40730562,-5.01,-4.85,0.30,3.69,-17.48,7.91,-0.01,0.32,-0.26
40739916,-5.21,-5.15,0.71,-0.63,-19.27,11.38,-0.01,0.32,-0.26
40754185,-19.60,-1.69,-17.57,-286.72,-286.72,66.75,-0.01,0.32,-0.24
40764014,14.12,-19.60,-11.45,-48.40,46.45,62.70,-0.01,0.32,-0.24
40774882,-6.41,-8.05,3.83,-16.66,73.00,14.61,-0.02,0.30,-0.27
40784676,-1.79,-15.03,1.70,52.79,35.21,29.89,-0.02,0.30,-0.27
40794931,-2.41,-13.24,3.46,66.58,25.81,27.32,-0.02,0.31,-0.27
40804340,-2.11,-13.50,2.98,20.49,16.53,20.45,-0.02,0.31,-0.27
40814421,-2.61,-14.09,1.78,-28.19,11.31,12.63,-0.02,0.31,-0.27
40823789,-3.64,-14.97,1.27,-37.33,18.26,4.52,-0.01,0.32,-0.27
40833253,-4.35,-14.24,0.78,-17.25,23.09,-5.01,-0.01,0.32,-0.27
40842611,-4.60,-13.56,0.84,-2.27,35.48,-14.84,-0.01,0.32,-0.27
40854525,-4.41,-12.95,1.51,0.76,41.17,-19.63,-0.01,0.31,-0.27
40863950,-3.90,-12.89,1.65,-8.42,38.23,-17.53,-0.01,0.31,-0.27
40874174,-3.99,-13.28,1.49,-11.27,20.30,-10.23,-0.00,0.31,-0.28
40886279,-4.86,-12.00,0.89,4.21,-3.13,-2.97,-0.00,0.31,-0.28
40899598,-5.11,-12.81,0.99,24.60,6.66,-3.34,-0.01,0.30,-0.27
40912003,-7.79,-14.34,-0.46,18.44,8.30,-13.07,-0.01,0.30,-0.27
40921713,-7.43,-12.37,1.30,35.41,6.21,-12.89,-0.01,0.30,-0.28
40931070,-6.71,-9.53,4.31,73.71,8.27,-7.39,-0.01,0.30,-0.28
40943444,-5.10,-9.19,5.58,108.87,39.12,-4.40,-0.01,0.30,-0.27
40952640,-5.27,-7.17,7.74,117.49,37.40,8.04,-0.01,0.31,-0.27
40962049,-3.63,-6.19,6.09,106.46,11.16,28.75,-0.01,0.31,-0.27
40971613,-2.62,-4.87,3.50,90.33,-5.59,31.01,-0.01,0.33,-0.26
40981625,-2.12,-4.83,1.93,55.76,-12.56,30.65,-0.01,0.33,-0.26
40994640,-3.45,-3.82,2.60,28.81,-19.35,23.90,-0.01,0.34,-0.24
41004193,-3.81,-5.90,2.90,-35.58,-45.38,21.40,-0.01,0.34,-0.24
41016260,-2.40,-9.17,1.98,-99.96,-48.92,25.17,-0.01,0.34,-0.24
41029128,-1.05,-11.10,2.83,-124.06,-26.28,15.15,-0.01,0.34,-0.25
41039796,-0.59,-11.22,2.96,-103.12,-7.18,8.29,-0.01,0.34,-0.25
41050635,-0.74,-11.85,3.49,-72.77,21.35,10.86,-0.03,0.32,-0.26
41063197,-0.96,-10.34,3.54,-49.22,52.82,0.04,-0.03,0.32,-0.26
41075147,-3.74,-9.60,4.12,-16.77,54.65,6.77,-0.02,0.30,-0.28
41086715,-3.74,-9.53,4.30,19.67,1.09,13.51,-0.02,0.30,-0.28
41097136,-4.27,-7.19,2.92,28.74,-15.47,31.89,-0.01,0.31,-0.28
41111118,-3.65,-5.13,2.21,31.23,-16.95,9.62,-0.01,0.31,-0.28
41123654,-3.61,-7.37,1.58,22.65,-31.76,21.55,-0.01,0.32,-0.27
41135257,-2.24,-7.94,1.42,27.41,-33.78,49.24,-0.01,0.32,-0.27
41148777,-0.65,-7.26,1.14,26.25,-22.68,50.93,-0.01,0.32,-0.28
41164952,0.11,-7.14,1.43,24.26,-11.24,50.08,-0.01,0.32,-0.28
41178206,0.01,-6.94,0.53,25.62,-9.40,52.90,-0.01,0.33,-0.25
41188373,-0.55,-7.16,0.68,18.50,-10.81,57.82,-0.01,0.33,-0.25
41201235,-1.11,-7.52,1.27,13.97,-20.98,58.42,-0.01,0.33,-0.26
41211809,-1.82,-7.25,1.21,7.45,-26.84,57.78,-0.01,0.33,-0.26
41221960,-2.34,-6.63,1.26,-0.09,-26.19,57.59,-0.02,0.33,-0.26
41231477,-2.35,-6.33,0.97,-14.32,-21.66,56.29,-0.02,0.33,-0.26
41242485,-1.91,-5.41,1.01,-22.07,-14.94,55.52,-0.02,0.33,-0.26
41251893,-1.99,-7.46,0.55,-18.25,-13.76,42.30,-0.02,0.34,-0.26
41264126,-1.30,-8.02,0.41,2.77,-16.55,28.24,-0.02,0.34,-0.26
41274073,-1.19,-8.46,0.00,6.37,-14.48,12.97,-0.01,0.34,-0.26
41283940,-0.74,-7.14,-0.66,17.12,-9.70,4.96,-0.01,0.34,-0.26
41293427,-0.55,-6.49,-0.89,34.41,-10.95,19.74,-0.01,0.34,-0.26
41302797,-0.52,-6.98,-0.23,40.46,-17.25,16.87,-0.01,0.34,-0.26
41312158,0.45,-9.45,-1.31,54.77,-31.86,22.84,-0.01,0.34,-0.26
41323846,-0.90,-6.37,-2.72,68.55,-36.92,25.37,-0.01,0.35,-0.25
41333292,-1.28,-9.47,-2.03,48.87,-35.56,19.85,-0.01,0.35,-0.25
41344556,-1.43,-11.93,-2.30,66.45,-26.40,21.34,-0.02,0.36,-0.24
41353823,-1.98,-10.27,-0.14,58.71,-19.64,23.11,-0.02,0.36,-0.24
41365966,-2.60,-10.49,-1.01,45.97,-19.69,15.81,-0.02,0.36,-0.24
41375577,-3.58,-11.44,-0.84,38.19,-5.43,11.22,-0.02,0.36,-0.22
41384898,-3.73,-11.71,-0.85,35.11,3.44,8.30,-0.02,0.36,-0.22
41394262,-4.74,-12.40,-0.94,24.40,0.84,0.15,-0.02,0.36,-0.22
41404903,-3.65,-12.88,-1.84,23.49,2.79,0.54,-0.02,0.36,-0.22
41414297,-3.43,-13.06,-1.15,19.60,11.27,2.97,-0.02,0.36,-0.22
41425150,-3.71,-13.79,-0.72,15.81,11.39,8.50,-0.03,0.36,-0.21
41434571,-3.90,-14.27,-1.33,26.03,-0.50,9.09,-0.03,0.36,-0.21
41444011,-3.70,-13.44,-2.22,34.26,-9.63,7.88,-0.03,0.36,-0.22
41453376,-3.40,-12.60,-3.03,30.76,-7.17,6.30,-0.03,0.36,-0.22
41462696,-1.64,-11.11,-1.69,14.02,-3.29,6.02,-0.03,0.36,-0.22
41472455,0.04,-11.02,-0.75,2.28,-3.86,13.46,-0.03,0.35,-0.20
41481856,-0.07,-12.11,-0.81,0.00,-4.10,19.55,-0.03,0.35,-0.20
41492244,-0.28,-13.65,-0.60,9.77,0.57,23.90,-0.03,0.35,-0.21
41503215,1.19,-13.80,2.12,30.67,-0.11,23.99,-0.03,0.37,-0.21
41512620,2.10,-13.24,2.79,49.33,-7.81,23.53,-0.03,0.37,-0.21
41522135,2.17,-12.23,1.80,55.28,-9.46,24.39,-0.04,0.37,-0.20
41531962,1.58,-12.25,0.84,49.84,5.11,23.37,-0.04,0.37,-0.20
41541696,1.01,-11.27,0.43,32.55,24.64,17.78,-0.04,0.37,-0.20
41559656,0.83,-9.83,0.07,1.48,41.15,14.03,-0.03,0.38,-0.20
41571343,0.40,-8.77,-0.25,-7.16,42.03,16.13,-0.03,0.38,-0.20
41580781,0.43,-8.81,-0.78,-15.00,49.16,13.84,-0.03,0.38,-0.20
41590181,-0.41,-8.29,0.85,-32.91,47.93,-4.11,-0.03,0.38,-0.20
41599860,-0.52,-8.95,-1.06,-42.93,52.33,-20.23,-0.02,0.38,-0.21
41609379,-1.43,-9.04,-0.55,-45.89,72.44,-36.10,-0.02,0.38,-0.21
41618642,-2.28,-9.47,0.73,-47.20,81.24,-48.83,-0.03,0.37,-0.23
41629988,-3.39,-9.81,1.28,-47.99,67.66,-63.65,-0.03,0.37,-0.23
41639388,-4.23,-9.22,1.58,-41.84,60.68,-60.81,-0.03,0.37,-0.23
41648919,-4.12,-9.11,2.03,-32.32,46.47,-53.99,-0.03,0.36,-0.23
41658248,-3.20,-7.64,0.91,-34.55,35.44,-53.65,-0.03,0.36,-0.23
41667628,-2.76,-7.33,1.52,-28.01,45.81,-50.23,-0.03,0.35,-0.22
41677020,-2.54,-6.28,2.39,-18.38,61.14,-50.23,-0.03,0.35,-0.22
41686311,-2.57,-6.19,2.87,-19.36,69.36,-50.63,-0.03,0.35,-0.22
41695835,-2.41,-6.33,2.80,-24.27,65.01,-47.59,-0.04,0.35,-0.24
41705326,-2.28,-6.35,2.56,-14.75,47.92,-46.00,-0.04,0.35,-0.24
41714813,-2.62,-6.14,1.90,-6.43,30.70,-46.39,-0.04,0.35,-0.24
41724216,-2.41,-5.62,0.81,-2.05,21.40,-42.80,-0.05,0.34,-0.24
41734048,-2.69,-5.52,0.37,-16.17,21.66,-40.00,-0.05,0.34,-0.24
41743545,-2.83,-6.15,0.18,-44.69,20.47,-38.87,-0.05,0.34,-0.23
41754290,-2.91,-7.34,-0.14,-62.04,19.36,-37.07,-0.05,0.34,-0.23
41763834,-2.54,-8.45,-0.02,-58.40,17.47,-33.98,-0.05,0.34,-0.23
41775910,-2.13,-8.89,-0.48,-35.85,11.87,-30.54,-0.06,0.33,-0.25
41785274,-2.01,-8.52,-0.70,-16.56,8.31,-31.37,-0.06,0.33,-0.25
41794754,-1.99,-7.96,-0.46,0.28,7.80,-30.62,-0.07,0.32,-0.24
41804058,-2.62,-6.76,-0.47,9.84,14.30,-25.02,-0.07,0.32,-0.24
41814169,-3.06,-6.07,0.55,15.04,21.60,-17.95,-0.07,0.32,-0.24
41823733,-3.31,-5.86,1.23,12.85,17.99,-10.35,-0.07,0.32,-0.25
41834671,-3.61,-6.06,1.44,7.80,15.58,-2.75,-0.07,0.32,-0.25
41844137,-4.21,-6.37,1.37,4.48,15.65,3.49,-0.08,0.31,-0.25
41853332,-4.26,-6.76,0.93,3.75,10.58,8.78,-0.08,0.31,-0.25
41862851,-4.21,-7.13,0.45,3.48,7.78,13.48,-0.08,0.31,-0.25
41872160,-4.12,-7.80,-0.05,1.93,5.49,16.61,-0.07,0.31,-0.23
41881538,-4.21,-8.30,-0.11,1.51,7.90,17.67,-0.07,0.31,-0.23
41890723,-4.13,-8.67,0.75,2.49,12.77,16.62,-0.07,0.31,-0.23
41900754,-3.31,-8.89,1.19,1.03,8.83,13.27,-0.07,0.32,-0.25
41910124,-2.35,-9.68,1.82,-6.59,12.56,8.58,-0.07,0.32,-0.25
41919647,-1.10,-11.33,1.10,-22.60,19.93,6.37,-0.07,0.31,-0.25
41929044,-1.25,-13.36,-0.42,-41.13,26.81,5.64,-0.07,0.31,-0.25
41938824,-1.85,-15.11,-0.71,-53.12,29.79,1.68,-0.07,0.31,-0.25
41948296,-2.54,-15.44,-0.69,-48.51,28.06,-4.30,-0.07,0.30,-0.26
41959054,-3.44,-14.37,-0.30,-40.85,37.30,-11.80,-0.07,0.30,-0.26
41968404,-4.63,-13.84,0.95,-35.93,42.24,-14.61,-0.07,0.30,-0.26
41979836,-4.81,-13.51,0.56,-27.47,40.08,-11.23,-0.07,0.30,-0.26
41989182,-4.82,-12.93,0.19,-20.87,42.24,-3.75,-0.07,0.30,-0.26
41998657,-6.20,-11.84,1.43,-20.60,46.24,5.99,-0.07,0.29,-0.26
42007974,-6.48,-12.76,2.52,-26.68,46.03,9.81,-0.07,0.29,-0.26
42018338,-7.34,-15.10,-0.71,-34.44,43.15,6.00,-0.07,0.28,-0.27
42027876,-8.57,-14.93,-1.09,-32.49,31.98,3.65,-0.07,0.28,-0.27
42039507,-8.56,-12.79,2.18,3.18,1.66,3.79,-0.07,0.28,-0.27
42049315,-7.09,-10.80,3.89,20.61,-7.25,1.49,-0.06,0.28,-0.27
42061241,-5.74,-8.95,5.66,24.95,-1.57,3.05,-0.06,0.28,-0.27
42070690,-4.55,-8.08,5.30,22.26,-8.67,4.04,-0.07,0.28,-0.27
42082502,-2.99,-6.89,3.72,20.36,-19.41,3.63,-0.07,0.28,-0.27
42091958,-2.17,-5.73,2.94,8.44,-24.33,5.38,-0.09,0.29,-0.27
42101395,-1.91,-5.27,3.10,-10.05,-26.86,9.69,-0.09,0.29,-0.27
42110698,-1.89,-5.48,3.63,-25.91,-33.63,14.39,-0.09,0.29,-0.27
42120321,-1.88,-6.53,3.31,-39.23,-38.64,21.43,-0.07,0.28,-0.26
42129671,-1.68,-7.92,3.16,-46.12,-37.28,28.64,-0.07,0.28,-0.26
42141416,-1.34,-9.84,3.09,-33.80,-30.98,33.72,-0.09,0.29,-0.26
42151075,-0.87,-10.32,2.90,-8.59,-27.60,36.99,-0.09,0.29,-0.26
42160558,-0.50,-10.13,2.73,3.18,-21.15,38.95,-0.09,0.29,-0.26
42170191,-0.46,-10.14,2.58,6.38,-10.47,43.96,-0.08,0.28,-0.26
42179533,-1.03,-10.48,2.98,9.61,0.86,48.32,-0.08,0.28,-0.26
42188888,-1.53,-10.04,3.89,19.49,-5.79,47.74,-0.08,0.28,-0.26
42198722,-1.94,-9.13,3.90,30.91,-23.60,47.35,-0.09,0.30,-0.24
42208084,-2.15,-8.48,3.53,34.97,-27.10,50.37,-0.09,0.30,-0.24
42217924,-2.86,-7.73,3.26,34.02,-27.34,48.05,-0.08,0.30,-0.24
42227409,-2.92,-7.40,2.79,27.17,-29.76,50.59,-0.08,0.30,-0.24
42236935,-2.97,-7.12,2.17,20.26,-32.46,49.74,-0.08,0.30,-0.24
42246984,-2.21,-7.26,1.81,9.74,-29.24,51.30,-0.09,0.31,-0.23
42256337,-1.57,-7.93,1.78,2.19,-24.94,51.28,-0.09,0.31,-0.23
42266437,-0.86,-8.40,1.61,-1.72,-22.25,48.65,-0.08,0.32,-0.24
42275754,-0.70,-8.60,0.92,2.64,-17.11,49.57,-0.08,0.32,-0.24
42287701,-0.31,-8.55,0.50,13.22,-10.47,49.07,-0.08,0.32,-0.24
42297267,-0.08,-8.62,0.41,21.80,-11.33,48.69,-0.08,0.32,-0.22
42306818,-0.08,-8.58,-0.24,28.92,-16.42,48.51,-0.08,0.32,-0.22
42316941,-0.19,-8.37,-0.03,41.91,-19.50,48.28,-0.08,0.33,-0.21
42326611,-0.62,-8.09,-0.04,49.56,-22.85,49.14,-0.08,0.33,-0.21
42338306,-0.85,-7.53,0.53,50.08,-23.70,48.11,-0.08,0.33,-0.21
42348907,-1.35,-7.09,0.55,41.83,-20.90,45.13,-0.07,0.33,-0.20
42358313,-1.45,-6.76,0.08,29.90,-17.94,40.86,-0.07,0.33,-0.20
42368803,-1.44,-6.77,0.02,21.66,-12.53,33.64,-0.07,0.34,-0.20
42378152,-1.13,-6.88,-0.43,16.22,-7.52,26.47,-0.07,0.34,-0.20
42390667,-0.77,-7.05,-0.77,14.36,-1.54,14.87,-0.07,0.35,-0.20
42400800,-0.51,-7.29,-1.19,16.34,-0.64,5.68,-0.07,0.35,-0.20
42410246,-0.54,-7.27,-1.37,17.30,-1.61,-2.70,-0.07,0.35,-0.20
42419902,-0.44,-7.11,-1.48,16.86,-8.92,-9.32,-0.07,0.34,-0.19
42429635,-0.53,-7.07,-1.69,14.30,-14.14,-14.06,-0.07,0.34,-0.19
42438974,-0.60,-7.47,-1.63,14.28,-16.51,-16.38,-0.07,0.34,-0.19
42449448,-0.75,-7.79,-1.66,16.80,-20.27,-18.06,-0.08,0.35,-0.18
42458980,-0.83,-8.28,-1.25,21.17,-13.53,-15.17,-0.08,0.35,-0.18
42470152,-1.56,-8.69,-0.83,23.94,-8.63,-8.61,-0.09,0.35,-0.18
42479559,-2.45,-9.43,-1.07,23.39,0.11,5.04,-0.09,0.35,-0.18
42488872,-3.53,-10.34,-0.45,19.42,-7.99,6.12,-0.09,0.35,-0.18
42498947,-4.21,-11.64,-0.61,14.36,-11.12,13.76,-0.09,0.34,-0.17
42508570,-4.72,-12.78,-0.05,9.73,-8.72,19.50,-0.09,0.34,-0.17
42518176,-4.65,-13.35,-0.10,6.71,-7.98,30.15,-0.09,0.36,-0.17
42528683,-2.75,-14.32,-0.61,6.10,-13.90,30.55,-0.09,0.36,-0.17
42538267,-2.23,-14.06,-1.48,9.93,-10.05,30.40,-0.09,0.36,-0.17
42554819,-1.62,-13.03,-1.78,12.03,-16.26,23.42,-0.09,0.36,-0.17
42564214,-1.58,-12.14,-2.11,8.88,-17.36,19.91,-0.09,0.36,-0.17
42573694,-0.82,-11.78,-1.86,-0.01,-14.50,16.53,-0.10,0.36,-0.17
42583157,0.85,-11.64,-0.93,-16.13,-9.60,17.81,-0.10,0.36,-0.17
42594857,0.34,-13.17,0.02,-29.79,-1.74,23.37,-0.09,0.36,-0.14
42604300,-1.09,-15.16,-1.56,-25.78,-1.69,26.23,-0.09,0.36,-0.14
42613651,-0.33,-16.00,-1.09,1.27,-3.33,25.47,-0.09,0.36,-0.14
42623096,1.89,-15.13,1.43,30.12,0.81,17.57,-0.10,0.36,-0.16
42633852,2.31,-13.16,2.58,53.13,1.09,3.92,-0.10,0.36,-0.16
42643392,2.22,-11.44,2.01,57.92,6.55,-4.02,-0.10,0.36,-0.14
42654843,1.14,-9.10,1.73,48.83,34.45,-6.03,-0.10,0.36,-0.14
42664859,0.41,-7.34,2.69,24.29,54.17,0.81,-0.10,0.36,-0.13
42676014,0.66,-6.21,2.41,4.69,59.40,9.14,-0.11,0.38,-0.13
42685743,1.45,-6.03,2.26,-6.18,63.97,13.51,-0.11,0.38,-0.13
42697963,0.21,-7.09,2.00,-32.54,75.91,12.22,-0.11,0.38,-0.13
42707639,-0.70,-8.15,2.50,-53.31,63.81,6.75,-0.11,0.38,-0.13
42717560,-0.82,-9.69,1.17,-57.44,49.67,-5.83,-0.10,0.39,-0.15
42726996,-1.42,-10.31,0.79,-55.12,52.41,-16.62,-0.10,0.39,-0.15
42736788,-2.36,-10.56,1.72,-48.13,58.90,-28.81,-0.10,0.39,-0.15
42746283,-3.44,-10.95,2.62,-35.59,50.86,-39.84,-0.10,0.38,-0.16
42756521,-4.10,-11.76,2.51,-23.74,30.70,-49.67,-0.10,0.38,-0.16
42767115,-3.93,-11.56,1.43,-5.96,23.66,-48.86,-0.12,0.37,-0.15
42778750,-3.70,-10.50,1.21,11.94,37.13,-51.42,-0.12,0.37,-0.15
42788437,-3.52,-8.45,1.17,9.31,45.86,-56.29,-0.12,0.37,-0.15
42799925,-3.13,-6.83,1.01,-8.99,48.38,-60.17,-0.13,0.37,-0.14
42809339,-2.62,-6.17,1.42,-15.67,46.80,-61.14,-0.13,0.37,-0.14
42818785,-2.21,-5.81,1.75,-21.93,39.54,-58.91,-0.15,0.37,-0.15
42828138,-1.68,-5.50,1.45,-27.06,31.60,-54.71,-0.15,0.37,-0.15
42838147,-1.93,-5.60,1.36,-36.62,30.49,-51.87,-0.15,0.37,-0.15
42847577,-2.02,-5.47,0.98,-46.79,23.55,-49.28,-0.14,0.36,-0.16
42859304,-2.17,-5.60,0.31,-51.98,22.65,-45.47,-0.14,0.36,-0.16
42869172,-2.23,-6.61,0.18,-64.47,18.94,-43.65,-0.16,0.35,-0.16
42880858,-2.53,-7.93,-0.16,-69.53,15.88,-39.85,-0.16,0.35,-0.16
42890128,-2.90,-8.50,0.11,-56.41,12.56,-35.67,-0.16,0.34,-0.17
42902318,-2.35,-8.63,-0.31,-29.58,0.31,-31.48,-0.16,0.34,-0.17
42911851,-2.43,-8.04,-0.50,-11.80,4.72,-26.20,-0.16,0.34,-0.17
42921212,-3.27,-7.30,-0.18,-1.72,13.65,-19.12,-0.17,0.34,-0.17
42930915,-3.23,-6.35,1.20,8.54,18.58,-14.08,-0.17,0.34,-0.17
42940363,-2.70,-5.91,1.28,14.46,13.04,-10.05,-0.18,0.34,-0.17
42949809,-2.76,-5.37,1.36,12.54,16.17,-5.05,-0.18,0.34,-0.17
42961096,-2.67,-5.40,1.39,0.06,18.71,0.48,-0.18,0.34,-0.17
42970394,-3.06,-5.69,1.11,-13.67,21.59,5.76,-0.17,0.34,-0.17
42979731,-3.82,-6.18,0.96,-20.17,13.28,9.68,-0.17,0.34,-0.17
42989210,-4.09,-6.79,0.19,-15.09,5.01,15.10,-0.17,0.34,-0.18
42998672,-4.06,-7.67,-0.01,-6.69,5.48,20.31,-0.17,0.34,-0.18
43008284,-4.27,-8.31,0.12,-1.72,6.41,24.56,-0.17,0.34,-0.18
43017865,-4.56,-8.89,0.44,0.88,5.21,24.83,-0.17,0.35,-0.16
43027759,-4.26,-9.75,0.92,1.88,4.53,27.70,-0.17,0.35,-0.16
43037282,-3.57,-10.42,1.53,5.70,1.48,27.46,-0.17,0.35,-0.16
43047018,-2.58,-11.39,0.60,-3.26,-1.18,26.64,-0.17,0.35,-0.16
43056625,-2.30,-12.81,0.06,-22.36,12.03,27.55,-0.17,0.35,-0.16
43067076,-3.41,-14.65,0.23,-37.68,9.14,23.32,-0.17,0.35,-0.16
43076656,-3.34,-15.19,0.27,-37.79,4.06,16.33,-0.17,0.35,-0.16
43086217,-3.36,-14.39,-0.24,-31.26,4.34,7.66,-0.17,0.35,-0.16
43095817,-3.85,-13.93,0.56,-26.40,16.18,0.60,-0.16,0.35,-0.16
43107779,-4.69,-13.33,1.82,-13.45,21.52,2.53,-0.16,0.35,-0.16
43117868,-4.13,-11.86,3.98,-5.89,22.12,7.02,-0.16,0.35,-0.16
43127484,-4.42,-13.17,3.93,-16.41,16.10,6.89,-0.16,0.35,-0.16
43136902,-5.94,-14.96,2.99,-40.41,18.45,3.85,-0.16,0.35,-0.16
43146273,-5.79,-15.40,3.62,-34.03,4.61,-0.67,-0.15,0.34,-0.15
43155713,-5.50,-14.54,4.14,-12.85,-6.34,-12.83,-0.15,0.34,-0.15
43165450,-5.72,-13.97,4.89,-18.62,2.77,-22.70,-0.14,0.34,-0.15
43175159,-6.42,-12.81,6.75,-25.62,21.64,-26.13,-0.14,0.34,-0.15
43184738,-5.78,-10.34,6.66,-1.12,6.47,-30.12,-0.14,0.34,-0.15
43194255,-3.69,-7.80,4.99,31.34,-22.80,-30.88,-0.13,0.34,-0.14
43203778,-2.56,-6.18,4.42,64.22,-46.67,-23.46,-0.13,0.34,-0.14
43213299,-1.89,-4.47,3.94,64.93,-54.01,-14.52,-0.13,0.34,-0.14
43222679,-1.56,-3.69,3.82,31.49,-47.99,-4.34,-0.13,0.35,-0.13
43232195,-0.66,-5.15,3.12,-10.87,-36.98,10.70,-0.13,0.35,-0.13
43241895,-0.65,-7.61,2.61,-49.47,-29.58,24.95,-0.13,0.35,-0.13
43253069,-0.12,-9.86,2.12,-42.19,-15.83,36.45,-0.13,0.35,-0.13
43262632,-0.02,-10.73,1.24,-13.28,-3.61,43.19,-0.13,0.35,-0.13
43273370,-0.34,-10.78,1.74,9.51,9.16,50.04,-0.11,0.34,-0.13
43283138,-1.12,-10.71,2.50,27.46,15.11,54.73,-0.11,0.34,-0.13
43293244,-2.33,-10.41,3.67,46.58,6.68,54.00,-0.09,0.35,-0.11
43302898,-3.08,-8.99,4.45,59.13,-25.91,47.89,-0.09,0.35,-0.11
43313050,-3.57,-7.26,3.72,58.63,-54.83,44.97,-0.09,0.35,-0.11
43322472,-3.53,-6.34,3.34,41.62,-59.99,45.41,-0.08,0.35,-0.11
43331894,-2.99,-5.90,2.79,14.50,-61.16,47.55,-0.08,0.35,-0.11
43341473,-1.91,-6.02,1.79,-6.62,-50.57,51.48,-0.06,0.36,-0.10
43350983,-1.33,-6.75,1.46,-19.22,-25.28,57.75,-0.06,0.36,-0.10
43360268,-1.56,-7.92,1.60,-30.43,-17.11,55.13,-0.06,0.36,-0.10
43370723,-1.17,-8.28,0.90,-25.91,-17.63,55.62,-0.05,0.36,-0.11
43380075,-0.80,-8.44,0.45,-16.09,-14.71,57.32,-0.05,0.36,-0.11
43389400,-0.71,-8.55,0.60,-10.16,-17.96,54.68,-0.03,0.36,-0.12
43398855,-0.44,-9.11,0.17,-3.69,-19.44,54.57,-0.03,0.36,-0.12
43408301,-0.29,-9.55,0.50,7.73,-22.35,53.50,-0.03,0.36,-0.12
43417580,-0.08,-9.67,1.13,22.54,-29.98,51.19,-0.03,0.36,-0.12
43426860,-0.04,-9.29,1.26,31.97,-33.97,49.86,-0.03,0.36,-0.12
43436482,0.03,-8.76,1.13,36.45,-34.11,48.23,-0.03,0.36,-0.12
43445900,0.12,-8.22,1.05,33.96,-30.07,44.90,-0.01,0.36,-0.13
43455665,-0.21,-7.67,0.41,28.45,-20.74,41.64,-0.01,0.36,-0.13
43465102,-0.48,-7.55,0.53,22.51,-11.01,36.84,0.01,0.36,-0.12
43475102,-0.80,-7.59,0.23,14.51,-7.31,30.67,0.01,0.36,-0.12
43484681,-1.14,-7.86,-0.06,12.42,-6.12,25.93,0.01,0.36,-0.12
43495990,-1.38,-7.88,-0.89,19.43,-2.54,24.77,0.02,0.35,-0.13
43505436,-0.39,-8.93,0.39,32.89,-6.41,18.92,0.02,0.35,-0.13
43516695,-0.31,-7.97,-0.47,41.46,-13.21,11.38,0.03,0.36,-0.12
43526437,-0.21,-7.70,-0.37,43.05,-6.92,6.25,0.03,0.36,-0.12
43535734,-0.30,-7.32,-0.45,40.66,-4.83,1.72,0.03,0.36,-0.12
43545101,-0.44,-6.91,-0.99,33.21,-3.67,-2.31,0.04,0.35,-0.11
43555035,-0.59,-6.79,-1.15,23.71,-4.19,-7.13,0.04,0.35,-0.11
43564214,-0.87,-7.23,-1.31,11.59,-6.76,-11.34,0.05,0.35,-0.12
43575523,-1.39,-8.09,-1.34,8.04,-7.13,-16.13,0.05,0.35,-0.12
43584899,-1.51,-8.48,-0.48,9.15,-6.03,-19.34,0.05,0.35,-0.12
43594275,-1.98,-8.96,0.28,10.38,-6.26,-19.09,0.05,0.35,-0.12
43603521,-2.54,-9.67,0.62,5.67,-8.30,-15.82,0.05,0.35,-0.12
43612923,-3.63,-10.90,0.71,-2.41,-17.25,-6.67,0.05,0.34,-0.12
43622439,-3.92,-12.24,0.45,-9.35,-17.97,1.87,0.05,0.34,-0.12
43631773,-4.17,-13.33,0.39,-14.78,-18.76,13.02,0.05,0.34,-0.12
43641286,-3.60,-14.05,-1.10,-20.43,-24.31,16.51,0.06,0.35,-0.14
43650831,-3.17,-14.68,-1.59,-14.77,-15.53,21.21,0.06,0.35,-0.14
43660767,-2.48,-15.07,-0.83,2.92,-8.62,24.78,0.06,0.35,-0.14
43670295,-0.83,-15.38,1.04,22.06,-11.60,26.50,0.07,0.34,-0.15
43680687,3.10,-16.02,3.57,19.96,-10.88,40.98,0.07,0.34,-0.15
43690916,-0.15,-18.67,3.16,3.54,12.25,50.46,0.07,0.34,-0.15
43700339,-2.86,-19.60,-0.38,25.29,-1.96,57.48,0.07,0.34,-0.15
43710073,-2.22,-18.81,0.13,69.75,5.72,54.25,0.07,0.34,-0.15
43721258,-0.24,-16.79,1.50,94.11,-1.07,39.21,0.09,0.34,-0.16
43730564,2.85,-13.47,1.57,104.02,17.30,16.40,0.09,0.34,-0.16
43739823,3.21,-9.08,2.38,83.53,45.48,-2.11,0.09,0.35,-0.14
43749287,2.32,-7.14,2.19,40.06,56.28,-15.02,0.09,0.35,-0.14
43759640,1.27,-5.23,2.32,15.72,52.42,-20.81,0.09,0.35,-0.14
43769062,0.73,-3.96,2.64,2.78,43.37,-24.60,0.09,0.35,-0.15
43779828,0.13,-3.52,2.75,-13.90,32.03,-28.21,0.09,0.35,-0.15
43789238,-0.96,-4.55,2.47,-29.53,20.72,-30.89,0.09,0.35,-0.15
43798695,-1.57,-5.97,1.33,-47.42,16.70,-37.96,0.09,0.35,-0.15
43808039,-1.48,-7.59,0.06,-65.00,20.69,-40.54,0.09,0.35,-0.15
43817816,-1.58,-9.20,0.41,-73.63,35.75,-40.55,0.09,0.33,-0.16
43827242,-1.93,-10.65,1.39,-74.35,45.11,-41.40,0.09,0.33,-0.16
43836953,-2.63,-12.03,1.20,-69.22,43.33,-38.56,0.09,0.33,-0.16
43846799,-3.09,-12.98,1.27,-57.58,39.17,-35.56,0.09,0.33,-0.18
43856322,-3.04,-12.52,1.06,-38.04,49.08,-29.03,0.09,0.33,-0.18
43866444,-3.80,-10.85,1.72,-24.72,52.80,-35.31,0.09,0.32,-0.19
43876054,-3.61,-9.07,0.98,-21.96,43.95,-43.22,0.09,0.32,-0.19
43886241,-3.56,-7.49,0.69,-9.41,37.80,-51.91,0.09,0.32,-0.19
43895976,-3.45,-6.07,1.56,1.09,22.75,-60.80,0.08,0.32,-0.20
43905416,-2.21,-4.70,1.87,6.17,2.41,-65.76,0.08,0.32,-0.20
43915076,-1.29,-4.16,2.25,-5.51,-5.87,-69.49,0.07,0.31,-0.20
43927387,-1.54,-3.89,2.43,-47.71,0.70,-65.15,0.07,0.31,-0.20
43936659,-2.51,-4.62,1.56,-82.70,5.87,-57.15,0.07,0.31,-0.20
43946626,-3.30,-6.98,0.82,-107.00,2.19,-45.11,0.06,0.31,-0.21
43961110,-3.18,-9.98,-0.30,-76.92,-13.01,-36.78,0.06,0.31,-0.21
43973878,-2.69,-9.76,-0.35,-22.09,-30.69,-40.18,0.05,0.30,-0.23
43985290,-2.05,-8.59,-0.40,2.72,-29.72,-40.28,0.05,0.30,-0.23
43994938,-1.93,-7.07,-0.46,11.59,-18.12,-38.11,0.04,0.30,-0.22
44006135,-1.94,-5.50,0.25,11.69,-7.48,-33.56,0.04,0.30,-0.22
44015479,-1.75,-4.54,0.47,4.03,-5.98,-24.22,0.03,0.29,-0.22
44024938,-2.45,-4.10,0.33,-5.85,-5.28,-13.57,0.03,0.29,-0.22
44034774,-2.90,-4.54,0.22,-15.56,-3.10,-5.62,0.03,0.29,-0.22
44044160,-3.11,-5.20,-0.28,-19.23,-3.83,3.12,0.03,0.28,-0.23
44053474,-3.22,-6.11,-0.25,-15.71,-2.10,10.21,0.03,0.28,-0.23
44064442,-3.53,-6.85,0.04,-7.87,-0.23,15.33,0.03,0.28,-0.24
44074003,-3.90,-7.58,0.28,-6.61,0.35,17.66,0.03,0.28,-0.24
44086997,-4.32,-8.58,0.53,-3.39,-0.25,15.91,0.02,0.28,-0.24
44096504,-4.49,-9.12,1.32,1.72,5.24,13.22,0.02,0.28,-0.24
44105796,-3.97,-9.29,2.15,3.46,6.62,9.59,0.02,0.28,-0.24
44115737,-3.15,-9.70,2.60,-0.65,8.09,7.18,0.03,0.28,-0.24
44125444,-2.32,-10.51,2.97,-8.46,12.55,6.74,0.03,0.28,-0.24
44135103,-1.93,-11.86,2.10,-14.68,17.60,7.24,0.03,0.28,-0.24
44145124,-2.43,-13.26,1.02,-17.47,22.19,7.53,0.02,0.28,-0.25
44154653,-2.96,-13.45,-0.14,-14.37,19.36,6.47,0.02,0.28,-0.25
44163957,-3.83,-12.96,0.07,-10.28,21.78,4.97,0.02,0.28,-0.24
44173432,-4.74,-12.51,0.55,-11.15,25.98,1.90,0.02,0.28,-0.24
44182895,-5.97,-12.02,2.08,-10.84,29.46,1.10,0.02,0.28,-0.24
44193434,-7.06,-11.80,5.77,-18.17,29.08,3.21,0.03,0.28,-0.25
44203535,-6.72,-14.51,5.84,-38.14,20.51,5.41,0.03,0.28,-0.25
44212954,-8.06,-16.44,3.74,-47.19,10.09,2.73,0.03,0.27,-0.25
44222399,-8.30,-15.84,4.85,-39.64,-9.50,-1.07,0.03,0.27,-0.25
44234759,-7.62,-15.28,4.03,-33.78,-28.67,-13.99,0.03,0.27,-0.25
44244540,-7.89,-14.68,4.44,-39.27,-25.27,-26.36,0.03,0.27,-0.26
44253974,-7.60,-13.79,5.78,-35.28,-41.83,-32.39,0.03,0.27,-0.26
44264611,-6.01,-12.46,4.94,-20.97,-54.09,-32.45,0.01,0.27,-0.27
44274849,-4.95,-10.76,4.21,-0.86,-44.43,-26.64,0.01,0.27,-0.27
44284542,-3.64,-9.15,3.60,17.29,-43.44,-18.41,0.01,0.27,-0.27
44295430,-1.58,-7.16,2.29,33.21,-42.93,-8.71,-0.01,0.26,-0.27
44305183,-0.01,-5.47,2.35,32.59,-29.36,2.27,-0.01,0.26,-0.27
44314997,1.13,-4.69,2.17,17.79,-14.90,14.13,-0.00,0.27,-0.25
44324435,1.37,-4.70,2.35,1.26,-4.68,26.21,-0.00,0.27,-0.25
44336194,0.61,-5.89,2.67,-23.98,2.66,41.36,-0.00,0.27,-0.25
44345613,-0.12,-7.39,2.54,-30.11,-0.68,51.67,-0.01,0.27,-0.25
44354894,-1.05,-9.01,2.22,-15.96,-5.80,58.14,-0.01,0.27,-0.25
44364179,-1.44,-10.23,2.43,7.64,-5.41,58.71,-0.00,0.27,-0.26
44374574,-1.55,-10.33,2.99,27.91,-8.21,55.97,-0.00,0.27,-0.26
44384439,-1.58,-10.00,3.60,36.99,-14.37,51.45,-0.00,0.27,-0.26
44425194,-1.91,-7.87,4.05,15.65,-20.60,51.51,-0.00,0.28,-0.25
44437034,-2.21,-7.60,3.67,10.40,-13.46,47.19,0.01,0.29,-0.24
44446475,-2.20,-7.27,3.16,9.07,-13.53,44.69,0.01,0.29,-0.24
44455980,-1.96,-7.13,2.60,9.23,-13.62,43.85,0.01,0.29,-0.24
44465439,-1.44,-7.07,2.48,6.71,-14.08,42.31,0.01,0.27,-0.25
44477202,-0.70,-7.17,2.35,0.82,-14.64,42.75,0.01,0.27,-0.25
44486902,0.01,-7.55,2.07,-8.07,-13.69,42.94,0.01,0.30,-0.23
44497334,0.33,-8.19,1.90,-15.04,-11.89,43.07,0.01,0.30,-0.23
44506716,0.38,-8.57,1.79,-15.09,-10.76,42.92,0.01,0.30,-0.23
44516498,0.36,-8.74,1.71,-13.84,-9.54,41.44,0.00,0.28,-0.24
44526255,0.27,-9.18,1.16,-12.48,-7.15,40.98,0.00,0.28,-0.24
44535872,0.11,-9.28,0.62,-9.32,-1.10,39.65,0.00,0.30,-0.24
44545552,-0.04,-9.39,0.56,-2.83,4.39,37.44,0.01,0.30,-0.24
44559309,-0.48,-9.39,0.28,8.81,9.13,32.48,0.01,0.30,-0.24
44568997,-0.90,-9.03,-0.20,17.80,14.11,32.11,0.02,0.29,-0.25
44579586,-0.91,-8.67,0.22,29.68,13.30,26.95,0.02,0.29,-0.25
44589022,-1.23,-8.46,-0.16,32.60,6.26,23.00,0.02,0.30,-0.25
44599664,-1.50,-7.85,0.35,33.97,6.42,21.67,0.02,0.30,-0.25
44609246,-1.55,-7.71,-0.08,34.19,13.13,19.53,0.02,0.30,-0.25
44620546,-1.65,-7.60,0.20,31.86,6.99,17.28,0.03,0.30,-0.24
44629775,-1.45,-7.36,0.08,29.91,7.30,14.70,0.03,0.30,-0.24
44639121,-1.35,-7.09,-0.06,25.50,8.18,12.28,0.03,0.31,-0.23
44648521,-1.14,-6.94,-0.08,20.19,8.78,9.06,0.03,0.31,-0.23
44657992,-1.37,-6.88,-0.15,14.70,10.84,4.76,0.03,0.31,-0.23
44667499,-1.49,-7.14,-0.32,9.02,8.43,4.02,0.02,0.31,-0.23
44677066,-1.52,-7.57,-0.74,7.67,6.96,0.97,0.02,0.31,-0.23
44687776,-1.55,-8.04,-1.00,5.86,7.84,-2.19,0.03,0.32,-0.23
44700443,-1.56,-8.79,-1.08,0.92,12.12,-3.91,0.03,0.32,-0.23
44709838,-1.69,-9.49,-0.53,0.25,15.08,-2.95,0.03,0.32,-0.23
44719530,-1.77,-10.30,-0.17,4.53,13.08,-1.15,0.03,0.32,-0.23
44728802,-2.03,-10.33,0.10,11.82,7.96,0.51,0.03,0.32,-0.23
44738194,-2.17,-10.57,0.42,18.90,4.72,2.93,0.03,0.31,-0.23
44747632,-2.40,-10.25,-0.25,26.56,5.64,10.05,0.03,0.31,-0.23
44757061,-1.80,-11.14,1.09,30.07,5.74,12.42,0.03,0.31,-0.23
44766531,-1.86,-10.91,0.20,26.10,-4.90,13.04,0.03,0.32,-0.22
44775892,-2.42,-10.59,0.67,25.45,-3.82,16.64,0.03,0.32,-0.22
44785452,-2.46,-10.72,0.42,22.93,-3.37,19.64,0.03,0.32,-0.22
44794946,-2.39,-10.95,0.28,12.92,-12.53,21.26,0.03,0.32,-0.22
44805202,-1.35,-12.83,-0.10,6.20,-11.63,21.80,0.03,0.32,-0.22
44814567,-1.81,-13.04,-0.24,2.39,-16.30,18.65,0.03,0.32,-0.22
44825434,-1.81,-13.62,-0.61,7.80,-20.21,16.33,0.03,0.32,-0.22
44834823,-0.86,-13.24,-0.40,11.16,-15.50,18.61,0.03,0.32,-0.22
44844169,0.23,-13.18,0.47,5.01,-8.04,21.18,0.03,0.33,-0.22
44853361,0.98,-13.51,1.44,-11.73,-0.31,21.51,0.03,0.33,-0.22
44862779,0.53,-14.68,1.32,-17.37,8.50,25.07,0.03,0.33,-0.21
44872218,-0.89,-15.20,0.57,-9.34,8.56,27.41,0.03,0.33,-0.21
44884749,-0.23,-14.94,0.75,16.85,7.95,25.89,0.03,0.33,-0.21
44895680,0.74,-13.67,2.00,33.18,7.77,16.49,0.03,0.33,-0.21
44907173,1.26,-11.89,2.13,34.53,12.91,2.60,0.03,0.33,-0.21
44917155,1.26,-10.04,1.62,27.35,29.94,-4.11,0.03,0.34,-0.21
44930461,1.08,-7.59,1.04,17.89,52.63,-7.65,0.03,0.34,-0.21
44940781,1.09,-5.84,1.20,10.21,57.78,-9.06,0.04,0.34,-0.20
44956968,1.41,-4.89,1.65,-3.95,63.76,-10.71,0.04,0.34,-0.20
44967264,1.26,-5.12,2.26,-22.01,67.78,-13.53,0.04,0.33,-0.22
44976937,0.18,-5.77,2.84,-49.08,62.23,-16.03,0.04,0.33,-0.22
44989026,-0.30,-7.73,2.51,-82.74,47.05,-18.85,0.04,0.32,-0.21
44999358,-0.63,-9.92,1.92,-91.21,51.23,-19.46,0.04,0.32,-0.21
45013967,-2.43,-12.08,2.10,-72.08,49.78,-21.94,0.04,0.31,-0.23
45034846,-4.05,-14.41,1.56,13.61,41.05,-22.53,0.04,0.31,-0.23
45059381,-3.31,-9.61,1.71,53.35,46.10,-46.57,0.04,0.31,-0.23
45069426,-2.96,-8.25,1.64,41.15,46.35,-53.43,0.04,0.31,-0.23
45079299,-2.66,-7.31,1.94,25.82,41.50,-59.66,0.04,0.31,-0.23
45091809,-2.07,-6.33,2.21,7.55,42.44,-62.82,0.04,0.32,-0.22
45101702,-1.68,-5.60,2.29,-7.10,42.40,-60.17,0.04,0.32,-0.22
45111686,-0.82,-5.41,2.25,-21.50,40.60,-54.08,0.04,0.31,-0.23
45121200,-0.52,-5.54,1.71,-37.74,39.32,-47.63,0.04,0.31,-0.23
45130635,-0.58,-5.99,1.30,-44.03,37.06,-42.35,0.04,0.31,-0.23
45139994,-1.24,-6.79,1.13,-46.03,37.88,-37.28,0.04,0.29,-0.22
45149573,-1.91,-7.53,0.76,-38.40,35.04,-33.59,0.04,0.29,-0.22
45159332,-2.16,-8.19,1.10,-29.78,34.34,-32.18,0.04,0.29,-0.22
45168954,-2.48,-8.72,1.40,-25.09,33.08,-31.11,0.04,0.30,-0.23
45179415,-2.10,-9.02,1.53,-18.74,29.82,-32.95,0.04,0.30,-0.23
45190865,-2.12,-8.34,1.06,-10.22,25.30,-35.87,0.03,0.30,-0.25
45200477,-2.18,-7.68,0.44,-5.95,24.25,-35.70,0.03,0.30,-0.25
45214054,-2.69,-7.44,0.35,-4.73,27.42,-29.73,0.03,0.29,-0.23
45223396,-2.96,-7.39,0.82,-2.27,25.73,-26.01,0.03,0.29,-0.23
45235002,-3.01,-7.49,1.09,3.81,22.61,-20.90,0.03,0.30,-0.24
45244484,-3.33,-7.40,1.34,11.27,26.30,-16.98,0.03,0.30,-0.24
45257302,-3.33,-6.92,1.35,20.21,27.22,-9.32,0.03,0.30,-0.24
45266625,-3.58,-6.44,1.33,17.94,28.37,-6.62,0.02,0.30,-0.25
45276197,-3.64,-6.22,1.15,13.73,27.89,-2.38,0.02,0.30,-0.25
45285483,-3.53,-6.08,0.86,7.78,27.67,1.92,0.03,0.30,-0.24
45295491,-3.03,-6.22,0.81,1.69,28.09,6.20,0.03,0.30,-0.24
45305163,-2.79,-6.30,0.63,-5.33,30.15,10.42,0.03,0.30,-0.24
45316712,-2.73,-7.30,0.25,-10.75,26.19,16.98,0.03,0.30,-0.24
45326353,-3.16,-8.25,0.18,-10.85,21.66,19.98,0.03,0.30,-0.24
45337581,-3.06,-9.12,0.80,-4.30,19.65,22.07,0.04,0.30,-0.24
45347314,-2.57,-9.73,1.42,-0.76,14.07,21.45,0.04,0.30,-0.24
45359169,-1.97,-11.12,1.48,-4.04,14.74,19.39,0.04,0.30,-0.24
45368609,-2.12,-12.80,1.50,-11.61,24.26,16.82,0.05,0.30,-0.24
45378165,-2.69,-14.46,0.96,-19.92,28.89,10.67,0.05,0.30,-0.24
45387646,-3.12,-15.07,0.31,-21.77,25.56,2.47,0.05,0.30,-0.25
45398570,-3.52,-14.61,0.32,-20.83,26.88,-7.26,0.05,0.30,-0.25
45407849,-3.97,-14.15,1.05,-18.94,28.35,-12.56,0.05,0.30,-0.25
45418855,-4.24,-13.11,1.07,-12.93,24.37,-13.06,0.05,0.30,-0.25
45428248,-4.54,-12.26,0.70,-7.32,22.40,-7.71,0.05,0.30,-0.25
45438016,-4.74,-11.33,1.50,-8.36,31.13,3.43,0.05,0.30,-0.25
45447422,-5.41,-12.11,3.15,-18.79,35.47,10.32,0.05,0.30,-0.25
45464131,-6.74,-14.84,2.11,-22.01,25.29,12.28,0.06,0.29,-0.25
45482028,-6.89,-12.95,4.86,8.70,-1.57,5.50,0.06,0.29,-0.25
45491341,-6.35,-11.54,5.76,17.04,-9.98,0.43,0.06,0.29,-0.24
45506168,-5.73,-9.03,6.07,29.79,-22.50,-5.21,0.06,0.29,-0.24
45519629,-4.10,-6.68,5.02,33.30,-36.48,-7.20,0.06,0.29,-0.25
45529244,-3.09,-5.29,4.24,20.95,-41.76,-3.98,0.06,0.29,-0.25
45539716,-2.91,-4.71,3.62,-2.64,-46.10,3.03,0.05,0.28,-0.24
45551047,-2.76,-5.31,3.62,-26.86,-49.81,16.08,0.05,0.28,-0.24
45560398,-2.32,-6.96,3.38,-43.05,-49.27,27.24,0.04,0.29,-0.24
45569858,-1.31,-8.98,3.02,-41.13,-40.25,36.59,0.04,0.29,-0.24
45579300,-0.64,-9.66,2.29,-25.02,-26.53,40.87,0.04,0.29,-0.24
45588966,-0.45,-10.00,1.96,-13.83,-11.85,44.56,0.04,0.29,-0.24
45601879,-0.07,-10.70,2.43,-5.90,-2.29,47.49,0.04,0.29,-0.24
45611241,-0.10,-11.42,2.90,5.07,-0.18,46.37,0.05,0.30,-0.24
45623213,-0.95,-11.26,3.24,30.53,-1.97,47.42,0.05,0.30,-0.24
45633082,-1.52,-9.99,3.11,48.04,-11.64,47.78,0.05,0.30,-0.24
45644873,-2.30,-8.42,3.25,58.51,-24.52,46.04,0.05,0.31,-0.24
45654260,-2.64,-7.57,3.52,49.69,-32.09,43.01,0.05,0.31,-0.24
45664254,-2.60,-6.89,2.85,37.66,-37.45,42.82,0.05,0.31,-0.23
45673863,-2.38,-6.92,2.34,30.74,-30.94,44.33,0.05,0.31,-0.23
45683656,-2.09,-6.51,2.12,26.24,-29.33,46.74,0.06,0.31,-0.24
45693060,-1.82,-6.37,1.65,23.16,-28.81,46.29,0.06,0.31,-0.24
45704242,-1.41,-5.94,1.58,16.24,-26.37,47.81,0.06,0.31,-0.24
45713663,-1.06,-6.00,1.79,9.56,-27.85,49.55,0.05,0.31,-0.23
45726468,-0.71,-6.76,2.31,4.95,-36.46,51.97,0.05,0.31,-0.23
45737209,-0.43,-7.23,2.23,2.81,-44.90,54.07,0.06,0.32,-0.23
45749212,-0.32,-7.56,1.71,-0.87,-47.22,57.56,0.06,0.32,-0.23
45759000,-0.42,-8.18,1.53,-5.13,-49.97,57.92,0.06,0.31,-0.24
45769578,-1.13,-8.83,1.18,-10.72,-42.21,60.88,0.06,0.31,-0.24
45778953,-0.71,-9.75,1.75,-10.57,-43.53,54.89,0.06,0.31,-0.24
45791538,-1.05,-9.97,0.28,-5.39,-42.90,43.69,0.07,0.32,-0.23
45805101,-0.88,-9.83,-0.19,5.60,-33.65,31.74,0.07,0.32,-0.23
45814918,-0.62,-9.46,-0.28,12.54,-29.02,23.60,0.07,0.32,-0.23
45827838,-0.44,-9.20,-0.37,22.80,-28.80,15.81,0.07,0.32,-0.23
45837278,-0.27,-8.75,-0.48,29.00,-29.82,10.97,0.07,0.32,-0.22
45846723,-0.23,-8.17,-0.38,35.88,-29.23,9.10,0.07,0.32,-0.22
45856124,-0.07,-7.64,-0.68,37.06,-26.37,7.01,0.07,0.32,-0.22
45865740,-0.29,-7.08,-0.70,34.27,-20.22,5.06,0.05,0.32,-0.22
45875460,-0.81,-6.65,-0.91,28.73,-16.46,3.38,0.05,0.32,-0.22
45884846,-1.11,-6.35,-1.02,20.96,-13.86,1.40,0.06,0.33,-0.22
45902227,-1.41,-6.91,-1.38,5.40,-6.27,-4.23,0.06,0.33,-0.22
45911619,-1.98,-7.43,-1.52,-1.13,-5.04,-7.18,0.05,0.33,-0.22
45920900,-2.51,-7.79,-1.75,-1.43,-2.21,-4.24,0.05,0.33,-0.22
45930707,-2.56,-8.96,-0.16,1.77,-9.41,-6.40,0.05,0.33,-0.22
45940548,-2.64,-9.65,0.38,-1.39,-25.36,-6.47,0.05,0.34,-0.22
45951789,-3.40,-10.46,1.30,-4.04,-34.39,-3.95,0.05,0.34,-0.22
45961078,-4.62,-10.91,1.33,-10.19,-42.20,0.32,0.04,0.33,-0.21
45974979,-5.06,-12.44,0.32,-19.00,-46.36,9.78,0.04,0.33,-0.21
45985122,-4.11,-13.14,-0.18,-16.82,-47.22,14.39,0.04,0.33,-0.22
45994740,-2.86,-13.71,-1.42,-9.16,-42.33,14.02,0.04,0.33,-0.22
46005133,-2.72,-13.26,-1.55,9.93,-35.44,12.77,0.04,0.33,-0.22
46015101,-2.50,-12.63,-2.05,23.53,-38.46,10.53,0.03,0.33,-0.21
46024581,-2.40,-11.61,-2.24,30.88,-42.12,7.90,0.03,0.33,-0.21
46034749,-2.27,-10.45,-1.97,29.42,-39.57,7.07,0.03,0.34,-0.22
46044120,0.50,-9.21,-0.79,22.27,-36.74,10.73,0.03,0.34,-0.22
46055359,3.85,-9.88,2.83,-9.06,-22.51,18.79,0.03,0.34,-0.22
46065202,2.54,-14.15,3.38,-33.52,-17.75,23.10,0.03,0.34,-0.22
46077877,1.10,-16.36,1.49,13.30,-8.80,27.26,0.03,0.34,-0.22
46087162,3.17,-15.51,4.05,48.88,-6.54,24.05,0.03,0.33,-0.22
46096622,3.85,-14.64,5.36,79.01,-18.19,17.41,0.03,0.33,-0.22
46106120,3.01,-11.94,4.37,96.18,-15.75,12.20,0.03,0.33,-0.22
46115395,2.84,-9.30,3.75,83.97,5.93,12.58,0.03,0.35,-0.22
46125261,2.43,-8.08,4.08,41.76,42.10,18.24,0.03,0.35,-0.22
46135808,1.53,-8.46,3.95,-3.38,64.20,29.03,0.04,0.34,-0.20
46145157,0.29,-8.90,2.60,-21.82,66.10,30.64,0.04,0.34,-0.20
46156698,-0.49,-9.20,1.39,-29.04,63.63,19.99,0.04,0.34,-0.20
46166356,-0.93,-8.90,0.93,-28.76,54.28,0.53,0.05,0.35,-0.21
46179566,-1.12,-9.85,1.32,-30.71,42.03,-29.71,0.05,0.35,-0.21
46189194,-1.92,-10.15,2.36,-25.11,38.05,-49.16,0.05,0.34,-0.22
46198957,-2.65,-10.86,2.48,-25.67,31.86,-64.90,0.05,0.34,-0.22
46208307,-2.86,-11.86,1.94,-26.30,20.36,-76.30,0.04,0.34,-0.22
46220153,-2.39,-12.55,0.83,-15.91,16.76,-78.76,0.04,0.34,-0.22
46229616,-2.49,-11.75,0.41,0.04,34.83,-72.99,0.04,0.34,-0.22
46241645,-3.32,-8.86,0.89,10.66,60.41,-63.25,0.03,0.34,-0.23
46251710,-3.44,-7.15,1.49,-5.24,70.26,-61.33,0.03,0.34,-0.23
46261208,-2.86,-6.71,1.81,-19.77,70.83,-58.02,0.03,0.33,-0.21
46270878,-2.50,-6.74,1.86,-14.95,60.54,-57.00,0.03,0.33,-0.21
46283519,-1.96,-6.11,1.06,8.17,37.55,-54.01,0.03,0.33,-0.23
46293109,-1.99,-5.40,0.87,14.69,25.92,-53.81,0.03,0.33,-0.23
46302540,-1.82,-4.90,0.94,-2.66,27.08,-51.36,0.03,0.33,-0.23
46311942,-1.56,-4.63,1.29,-24.57,30.67,-49.77,0.02,0.33,-0.22
46321507,-1.52,-4.89,1.49,-51.83,32.72,-45.09,0.02,0.33,-0.22
46331141,-1.94,-6.33,1.25,-80.96,34.86,-38.96,0.02,0.33,-0.22
46341148,-2.19,-8.16,1.07,-83.56,29.00,-31.87,0.03,0.32,-0.22
46350639,-2.30,-9.46,0.33,-59.62,18.37,-27.06,0.03,0.32,-0.22
46361430,-2.07,-9.13,-0.20,-12.44,16.05,-22.05,0.02,0.30,-0.23
46371277,-1.99,-7.94,0.06,13.93,17.07,-18.79,0.02,0.30,-0.23
46383669,-2.04,-6.63,0.54,18.96,26.92,-11.37,0.01,0.31,-0.24
46393025,-2.09,-6.10,1.37,19.74,34.46,-6.48,0.01,0.31,-0.24
46402416,-2.45,-5.72,1.45,19.68,34.50,-0.52,0.01,0.31,-0.24
46411800,-2.83,-5.39,1.38,18.02,31.41,6.06,0.02,0.30,-0.24
46422182,-3.10,-4.90,0.93,15.51,26.10,13.31,0.02,0.30,-0.24
46431802,-3.41,-4.81,0.75,5.01,23.58,20.81,0.02,0.30,-0.24
46442884,-3.35,-4.99,0.62,-7.69,21.52,27.30,0.03,0.31,-0.24
46452349,-3.56,-5.65,0.78,-18.69,22.00,33.35,0.03,0.31,-0.24
46461636,-3.61,-6.97,0.42,-23.44,22.10,40.56,0.03,0.31,-0.22
46470955,-3.79,-8.17,0.54,-18.86,23.14,45.05,0.03,0.31,-0.22
46480343,-3.99,-8.98,0.71,-4.62,19.21,46.11,0.03,0.31,-0.22
46489855,-3.94,-8.94,1.21,8.34,7.31,44.04,0.04,0.31,-0.24
46499336,-3.20,-9.00,1.58,8.44,1.10,40.66,0.04,0.31,-0.24
46508625,-1.85,-9.68,1.69,-4.04,-0.64,36.70,0.04,0.31,-0.24
46518248,-0.63,-11.09,0.63,-20.19,5.69,33.57,0.04,0.31,-0.24
46527695,-0.28,-12.74,-0.67,-31.52,11.73,30.66,0.04,0.31,-0.24
46537045,-0.83,-14.27,-0.68,-32.77,12.66,25.59,0.05,0.30,-0.24
46548596,-1.62,-14.78,-0.58,-23.48,7.60,14.94,0.05,0.30,-0.24
46558085,-2.60,-14.08,-0.31,-12.45,10.67,6.30,0.05,0.30,-0.24
46567977,-3.51,-12.97,0.06,-3.66,15.01,-2.17,0.05,0.30,-0.24
46577341,-3.76,-11.71,0.91,-3.26,17.45,-0.79,0.05,0.30,-0.24
46589949,-4.15,-11.50,3.90,-16.84,20.04,3.70,0.05,0.29,-0.24
46599555,-4.96,-14.50,1.95,-38.05,24.01,1.81,0.05,0.29,-0.24
46608923,-5.94,-16.01,2.71,-40.72,18.43,-8.20,0.06,0.30,-0.24
46618522,-5.44,-15.64,3.18,-25.39,3.73,-22.09,0.06,0.30,-0.24
46627937,-5.87,-14.57,3.64,-22.89,6.12,-34.68,0.06,0.30,-0.24
46637421,-6.68,-14.06,4.80,-26.15,-4.12,-45.52,0.06,0.28,-0.26
46647152,-6.95,-13.23,5.05,-21.42,-19.81,-54.25,0.06,0.28,-0.26
46656563,-6.02,-11.37,5.38,-1.15,-34.33,-57.37,0.04,0.28,-0.26
46665899,-3.89,-8.82,5.46,17.57,-42.53,-56.00,0.04,0.28,-0.26
46675237,-2.09,-6.76,5.80,27.15,-34.65,-52.37,0.04,0.28,-0.26
46684907,-0.40,-5.05,4.96,17.52,-23.10,-48.34,0.03,0.29,-0.25
46694483,0.77,-4.38,4.05,-12.03,-17.22,-41.78,0.03,0.29,-0.25
46703861,1.64,-5.14,3.32,-55.63,-19.07,-28.59,0.03,0.29,-0.25
46713238,1.44,-6.98,2.30,-77.02,-21.24,-9.17,0.02,0.29,-0.25
46722684,0.78,-9.39,1.65,-74.67,-16.96,10.23,0.02,0.29,-0.25
46731907,0.10,-10.65,1.72,-48.10,-5.44,22.50,0.02,0.27,-0.26
46741175,-0.46,-11.42,2.09,-20.67,3.16,33.85,0.02,0.27,-0.26
46751125,-1.82,-11.69,2.94,10.77,15.56,40.98,0.02,0.27,-0.26
46760619,-3.09,-11.98,4.45,32.78,22.62,45.40,0.03,0.27,-0.25
46776673,-5.08,-10.71,4.94,62.76,5.50,48.51,0.03,0.27,-0.25
46785977,-5.17,-9.71,4.49,60.56,-33.13,43.75,0.03,0.28,-0.25
46795240,-3.83,-8.14,3.00,50.57,-60.17,41.51,0.03,0.28,-0.25
46804584,-2.36,-7.44,2.20,37.12,-52.83,41.55,0.03,0.28,-0.25
46814040,-1.90,-7.24,1.98,23.18,-31.49,40.18,0.03,0.29,-0.25
46823424,-1.83,-7.55,1.99,7.08,-18.92,41.89,0.03,0.29,-0.25
46833146,-1.30,-8.05,1.83,7.53,-19.04,41.73,0.03,0.30,-0.25
46842358,-0.87,-8.12,1.45,15.08,-25.75,41.65,0.03,0.30,-0.25
46852396,-0.45,-7.54,1.26,23.74,-30.54,43.81,0.03,0.30,-0.25
46861743,-0.45,-6.99,1.31,22.03,-30.18,49.27,0.03,0.30,-0.24
46871023,-0.18,-6.72,1.21,20.11,-29.77,56.33,0.03,0.30,-0.24
46880445,-0.29,-6.60,1.09,18.18,-26.04,62.88,0.03,0.30,-0.24
46889761,-0.61,-6.76,1.60,8.94,-24.66,65.39,0.03,0.30,-0.25
46900102,-0.86,-7.06,1.29,-0.73,-29.09,67.04,0.03,0.30,-0.25
46909562,-0.68,-7.45,0.68,-7.63,-24.39,65.68,0.04,0.31,-0.24
46919159,-0.76,-7.93,0.04,-12.59,-13.04,62.53,0.04,0.31,-0.24
46928608,-0.34,-8.15,0.06,-9.46,-5.85,52.86,0.04,0.31,-0.24
46938423,-0.13,-8.26,-0.07,-6.06,0.32,39.24,0.04,0.30,-0.24
46947561,-0.16,-8.13,-0.08,-5.02,5.14,27.34,0.04,0.30,-0.24
46957513,-0.05,-8.14,0.05,-2.16,10.00,20.55,0.05,0.30,-0.24
46967498,0.08,-7.98,-0.13,3.44,8.23,13.47,0.05,0.30,-0.24
46976788,0.27,-7.90,-0.04,8.12,5.89,7.15,0.05,0.30,-0.24
46986140,0.32,-8.00,-0.14,11.13,5.14,0.17,0.05,0.30,-0.25
46996059,0.06,-7.70,-0.25,14.77,3.96,-5.10,0.05,0.30,-0.25
47005757,-0.10,-7.75,-0.78,14.50,3.57,-11.24,0.05,0.30,-0.23
47015437,-0.42,-7.88,-0.90,14.21,7.87,-15.44,0.04,0.30,-0.23
47025144,-1.20,-8.15,-0.99,15.86,11.04,-18.57,0.04,0.30,-0.23
47035514,-1.92,-8.60,-1.34,17.24,10.73,-21.85,0.04,0.29,-0.23
47045226,-2.51,-9.25,-0.91,20.92,14.32,-22.90,0.04,0.29,-0.23
47057315,-3.08,-9.31,-0.23,25.52,11.56,-20.74,0.05,0.30,-0.24
47067179,-2.82,-9.84,0.84,29.72,12.48,-15.79,0.05,0.30,-0.24
47080029,-2.79,-10.30,1.00,24.56,6.76,-9.23,0.05,0.30,-0.24
47089513,-2.68,-11.62,0.76,19.26,3.47,-3.22,0.03,0.31,-0.23
47101962,-2.60,-13.40,-0.01,19.81,5.84,9.27,0.03,0.31,-0.23
47111727,-2.24,-13.65,-0.44,28.41,12.85,19.40,0.04,0.31,-0.22
47121689,-2.70,-12.63,-0.77,38.26,14.81,23.29,0.04,0.31,-0.22
47131725,-3.18,-11.37,-1.07,40.19,4.16,21.73,0.05,0.31,-0.22
47141774,-3.41,-9.87,-1.46,33.92,-2.53,15.64,0.05,0.31,-0.22
47152219,-2.53,-9.04,-0.92,16.44,-3.80,11.11,0.05,0.31,-0.22
47162285,-0.62,-9.42,0.45,-12.38,-7.94,12.07,0.05,0.31,-0.21
47172048,0.81,-11.96,1.38,-31.06,-8.50,16.51,0.05,0.31,-0.21
47182980,-0.10,-16.29,1.58,-24.55,-14.32,23.20,0.05,0.31,-0.22
47194698,0.88,-18.95,1.38,13.79,-19.04,33.78,0.05,0.31,-0.22
47204964,2.87,-18.56,3.45,65.07,-9.94,34.13,0.05,0.31,-0.20
47214708,3.87,-16.16,4.61,106.75,3.31,26.68,0.05,0.31,-0.20
47224181,3.10,-10.91,4.02,115.41,26.08,21.59,0.05,0.31,-0.20
47235237,1.60,-6.66,4.15,67.03,52.07,25.76,0.06,0.32,-0.21
47246284,0.07,-4.92,4.30,10.22,64.40,34.81,0.06,0.32,-0.21
47255746,-0.60,-5.48,3.86,-20.97,56.58,39.57,0.07,0.33,-0.20
47266191,-1.28,-6.83,3.11,-41.49,46.23,36.41,0.07,0.33,-0.20
47275521,-2.31,-8.03,2.39,-49.88,30.69,22.97,0.07,0.33,-0.20
47285705,-1.91,-9.46,1.89,-47.44,15.37,2.02,0.08,0.33,-0.20
47295137,-1.11,-10.41,1.65,-33.85,19.65,-20.59,0.08,0.33,-0.20
47306295,-1.52,-11.18,2.38,-19.18,31.75,-40.65,0.07,0.32,-0.21
47315994,-1.94,-12.05,2.60,-17.30,31.09,-53.31,0.07,0.32,-0.21
47325971,-1.70,-12.89,2.01,-24.13,22.48,-60.51,0.07,0.32,-0.21
47336117,-1.68,-13.80,1.58,-20.64,33.24,-55.81,0.08,0.32,-0.21
47345783,-2.34,-13.07,1.75,1.31,51.37,-52.60,0.08,0.32,-0.21
47355872,-2.73,-10.74,2.15,12.91,61.49,-56.81,0.07,0.31,-0.22
47366069,-2.31,-8.83,1.52,8.99,63.31,-58.22,0.07,0.31,-0.22
47375476,-2.06,-7.46,1.29,17.40,61.03,-58.32,0.07,0.31,-0.22
47387219,-1.95,-6.18,0.99,22.15,48.96,-56.13,0.07,0.31,-0.22
47400558,-1.39,-5.54,0.76,11.77,36.84,-57.32,0.07,0.31,-0.22
47412774,-1.21,-4.83,1.14,-6.96,40.37,-57.97,0.07,0.32,-0.21
47422121,-1.55,-4.91,1.10,-18.74,47.43,-56.89,0.07,0.32,-0.21
47431841,-2.13,-5.18,1.26,-35.92,47.24,-53.74,0.06,0.31,-0.22
47443333,-2.72,-6.32,0.69,-53.81,40.65,-47.06,0.06,0.31,-0.22
47452790,-2.90,-7.80,0.79,-56.88,32.10,-39.46,0.06,0.31,-0.22
47465847,-2.68,-8.71,0.56,-30.01,25.83,-29.18,0.05,0.31,-0.22
47475437,-2.46,-8.03,0.30,-10.80,27.18,-20.48,0.05,0.31,-0.22
47484862,-2.47,-7.25,0.25,-3.91,30.62,-16.52,0.05,0.30,-0.22
47494660,-2.50,-6.67,0.56,-7.96,34.67,-12.83,0.05,0.30,-0.22
47507382,-2.70,-6.44,0.58,-4.76,36.53,-5.95,0.06,0.30,-0.23
47517124,-3.21,-6.51,0.56,0.85,31.75,0.17,0.06,0.30,-0.23
47526681,-3.32,-6.56,0.42,5.25,24.54,5.81,0.06,0.30,-0.23
47536137,-3.63,-6.45,0.31,8.36,21.81,11.68,0.06,0.30,-0.22
47547662,-3.57,-6.52,0.24,11.26,19.47,17.49,0.06,0.30,-0.22
47557213,-3.47,-6.93,0.04,10.89,21.56,22.91,0.07,0.30,-0.23
47569595,-3.57,-7.55,-0.17,4.84,25.95,30.91,0.07,0.30,-0.23
47579521,-3.81,-8.50,-0.01,5.52,21.75,34.70,0.10,0.30,-0.22
47590432,-3.81,-8.60,0.17,17.40,16.36,36.15,0.07,0.30,-0.22
47599799,-3.39,-7.81,1.16,23.90,11.34,34.65,0.07,0.30,-0.22
47611525,-2.97,-8.04,1.42,9.28,3.47,30.29,0.08,0.31,-0.22
47620999,-2.09,-8.73,1.44,-5.87,1.40,26.51,0.08,0.31,-0.22
47630420,-1.72,-9.82,1.15,-20.72,2.61,25.05,0.07,0.30,-0.22
47639605,-1.97,-11.38,0.76,-25.41,-0.17,23.92,0.07,0.30,-0.22
47649976,-2.30,-12.83,0.01,-27.90,-8.40,19.83,0.07,0.30,-0.22
47659506,-2.46,-14.07,-1.00,-29.01,-14.00,10.34,0.08,0.30,-0.22
47671225,-3.31,-14.02,-0.99,-21.37,-6.69,-2.40,0.08,0.30,-0.22
47680583,-4.20,-13.14,-0.07,-12.98,-6.42,-9.26,0.08,0.30,-0.23
47689835,-4.25,-12.27,0.52,-9.85,-10.47,-11.18,0.08,0.30,-0.23
47699219,-4.08,-10.94,1.25,-13.19,-12.48,-4.84,0.08,0.30,-0.23
47708502,-3.68,-11.02,1.16,-26.01,-7.73,-0.49,0.08,0.28,-0.22
47717935,-4.56,-12.46,0.34,-41.27,4.24,0.56,0.08,0.28,-0.22
47727220,-5.27,-13.63,1.99,-45.05,3.39,-0.04,0.08,0.28,-0.22
47736714,-5.46,-14.54,3.03,-35.60,-4.73,-5.43,0.08,0.29,-0.23
47746216,-6.10,-14.37,4.23,-30.06,-6.76,-15.35,0.08,0.29,-0.23
47755541,-6.54,-14.28,5.76,-27.21,-14.22,-25.88,0.08,0.28,-0.24
47765325,-6.39,-13.23,5.81,-12.43,-27.16,-36.16,0.08,0.28,-0.24
47775285,-5.41,-10.79,6.08,7.97,-40.57,-40.64,0.08,0.28,-0.24
47784825,-3.97,-8.52,6.51,17.53,-47.82,-43.26,0.07,0.28,-0.23
47795901,-1.80,-5.79,5.56,6.82,-42.63,-43.02,0.07,0.28,-0.23
47805200,0.03,-5.10,4.62,-22.76,-35.17,-41.28,0.06,0.29,-0.23
47815057,1.27,-5.97,3.95,-64.47,-29.24,-28.00,0.06,0.29,-0.23
47824460,1.22,-8.54,2.37,-81.80,-20.38,-4.12,0.06,0.29,-0.23
47834118,0.36,-10.91,1.65,-66.46,-7.25,18.69,0.06,0.28,-0.24
47843597,-0.41,-11.97,2.42,-33.87,0.76,36.83,0.06,0.28,-0.24
47853663,-0.82,-12.73,2.75,3.08,2.08,56.21,0.06,0.28,-0.25
47863062,-1.50,-13.46,2.77,38.80,21.46,68.68,0.05,0.28,-0.25
47876026,-3.24,-13.11,3.91,74.24,35.84,69.91,0.05,0.28,-0.25
47885482,-5.03,-11.06,4.19,87.11,-2.25,64.61,0.07,0.28,-0.24
47894855,-5.56,-9.51,3.31,90.68,-44.31,59.04,0.07,0.28,-0.24
47904441,-5.59,-8.00,2.84,92.19,-62.83,52.85,0.07,0.30,-0.23
47913804,-4.47,-6.76,2.53,87.37,-64.63,52.25,0.07,0.30,-0.23
47923205,-3.30,-5.58,2.07,73.00,-64.05,44.92,0.07,0.30,-0.23
47932767,-2.79,-5.40,1.30,49.22,-57.73,44.90,0.07,0.31,-0.21
47942425,-1.95,-5.57,0.78,24.60,-47.49,42.58,0.07,0.31,-0.21
47951742,-1.59,-5.76,0.86,9.14,-40.78,42.57,0.07,0.31,-0.21
47960992,-1.26,-5.78,0.26,0.74,-48.75,41.87,0.07,0.32,-0.20
47970353,-0.50,-6.04,-0.03,0.82,-48.01,47.00,0.07,0.32,-0.20
47980482,0.31,-6.11,-0.33,7.12,-42.72,53.16,0.06,0.31,-0.21
47990079,1.43,-6.39,0.46,7.21,-40.81,53.38,0.06,0.31,-0.21
48000706,1.68,-6.97,0.62,-0.07,-40.08,50.97,0.06,0.31,-0.21
48010635,1.21,-7.27,0.59,-7.49,-33.35,48.23,0.07,0.31,-0.20
48021131,0.66,-7.63,0.48,-6.38,-21.89,42.90,0.07,0.31,-0.20
48030480,0.41,-7.97,0.14,-7.38,-12.81,37.62,0.07,0.31,-0.21
48039758,-0.24,-8.39,-0.29,-6.97,-4.34,27.93,0.07,0.31,-0.21
48049105,-0.54,-8.46,-0.51,-3.82,-0.29,18.54,0.07,0.31,-0.21
48058818,-0.49,-8.55,-0.71,3.37,2.35,8.58,0.08,0.32,-0.21
48068187,-0.07,-8.33,-1.03,9.68,5.49,1.65,0.08,0.32,-0.21
48081551,0.52,-8.28,-0.90,18.67,14.48,-5.97,0.07,0.31,-0.21
48091099,0.62,-8.23,-1.14,20.91,18.29,-8.05,0.07,0.31,-0.21
48102096,0.50,-8.44,-1.01,22.65,17.29,-10.12,0.07,0.31,-0.21
48111460,0.15,-8.39,-1.04,26.98,18.27,-8.43,0.08,0.32,-0.20
48121915,-0.36,-8.00,-1.29,27.79,18.30,-6.27,0.08,0.32,-0.20
48131718,-0.79,-7.97,-1.01,26.91,19.34,-5.29,0.07,0.32,-0.20
48141101,-1.41,-8.06,-0.97,24.34,20.83,-5.32,0.07,0.32,-0.20
48150617,-1.45,-8.13,-0.34,22.28,18.82,-5.49,0.07,0.32,-0.20
48160333,-1.50,-8.09,1.02,15.77,14.79,-6.76,0.07,0.32,-0.20
48169861,-1.71,-8.04,1.93,4.45,10.34,-7.32,0.07,0.32,-0.20
48182264,-2.23,-8.89,2.24,-16.17,3.91,-6.25,0.08,0.33,-0.20
48191821,-3.25,-10.65,1.50,-30.07,3.02,-2.70,0.08,0.33,-0.20
48201238,-4.30,-12.12,0.44,-29.67,-0.16,4.82,0.08,0.33,-0.20
48210618,-4.55,-13.76,-1.00,-22.20,-1.75,16.56,0.07,0.32,-0.20
48220117,-3.70,-14.35,-1.39,-13.08,2.66,23.77,0.07,0.32,-0.20
48230334,-3.34,-13.63,-1.38,-4.30,3.82,25.73,0.08,0.32,-0.20
48239715,-2.93,-12.81,-1.41,2.04,-7.25,22.37,0.08,0.32,-0.20
48249145,-2.02,-11.58,-1.39,3.30,-20.83,17.74,0.08,0.32,-0.20
48258765,-0.66,-10.70,-0.68,-12.36,-23.69,19.70,0.08,0.33,-0.19
48268485,-0.34,-12.18,0.81,-42.29,-19.10,28.45,0.08,0.33,-0.19
48278028,-1.30,-14.86,0.95,-40.89,-19.91,36.13,0.08,0.31,-0.21
48288039,-0.66,-16.52,-0.14,-8.54,-19.01,41.78,0.08,0.31,-0.21
48297617,0.37,-15.51,0.36,20.77,-8.87,44.08,0.08,0.31,-0.21
48311508,1.18,-15.12,1.37,40.45,-4.10,36.36,0.07,0.32,-0.21
48320943,2.39,-14.16,1.83,60.37,11.46,29.75,0.07,0.32,-0.21
48332463,2.57,-11.23,2.45,62.31,40.67,20.48,0.08,0.32,-0.20
48341766,2.41,-9.19,3.42,40.26,52.93,17.00,0.08,0.32,-0.20
48351359,1.66,-7.29,3.54,17.86,59.77,15.61,0.08,0.32,-0.20
48360606,0.13,-5.90,3.39,3.42,57.58,16.47,0.09,0.33,-0.19
48370062,-0.63,-5.01,3.03,-4.15,40.99,15.99,0.09,0.33,-0.19
48379426,-1.39,-4.31,3.24,-8.44,20.29,13.17,0.10,0.33,-0.19
48389353,-2.29,-4.57,3.51,-21.65,2.90,7.42,0.10,0.33,-0.19
48399179,-2.81,-5.92,3.43,-44.93,-5.28,-5.01,0.10,0.33,-0.19
48410259,-2.89,-7.86,3.35,-67.63,2.07,-18.14,0.10,0.32,-0.20
48419715,-2.90,-9.88,3.46,-86.43,1.30,-25.60,0.10,0.32,-0.20
48431095,-1.88,-13.31,2.59,-80.79,1.82,-28.53,0.10,0.32,-0.21
48440660,-1.35,-14.86,1.97,-57.37,10.66,-32.53,0.10,0.32,-0.21
48450261,-1.68,-14.86,1.71,-23.71,24.87,-33.76,0.10,0.32,-0.21
48459715,-2.46,-13.50,2.07,0.45,32.71,-43.58,0.09,0.31,-0.21
48470265,-2.12,-10.86,1.53,8.82,33.15,-48.58,0.09,0.31,-0.21
48479797,-2.08,-9.68,1.91,11.42,36.58,-55.62,0.09,0.31,-0.21
48490816,-2.01,-8.42,2.02,22.76,27.76,-60.47,0.09,0.31,-0.21
48500460,-1.78,-7.72,1.88,30.41,18.09,-61.98,0.09,0.31,-0.21
48511691,-1.19,-6.11,1.80,28.02,15.81,-56.36,0.08,0.31,-0.20
48521356,-1.07,-5.75,2.02,7.53,18.25,-57.52,0.08,0.31,-0.20
48538680,-1.36,-5.90,0.79,-40.73,28.60,-54.52,0.07,0.32,-0.21
48548389,-1.69,-6.23,0.46,-44.01,28.38,-48.62,0.07,0.32,-0.21
48559175,-2.32,-7.41,0.25,-34.94,19.76,-45.73,0.06,0.31,-0.20
48572600,-2.90,-7.73,0.85,-19.09,14.39,-43.15,0.06,0.31,-0.20
48582412,-2.94,-6.99,0.94,-11.98,12.16,-38.92,0.06,0.30,-0.21
48593206,-2.67,-6.66,0.83,-17.49,19.13,-30.48,0.06,0.30,-0.21
48602877,-2.66,-6.64,1.04,-30.97,27.78,-24.29,0.06,0.30,-0.23
48614102,-2.49,-6.89,1.01,-37.38,32.20,-17.48,0.06,0.30,-0.23
48623516,-2.30,-7.22,0.81,-34.52,31.56,-13.61,0.06,0.30,-0.23
48634039,-2.54,-7.61,0.57,-25.28,32.27,-6.61,0.07,0.29,-0.22
48643241,-3.03,-7.56,0.18,-13.61,31.18,0.17,0.07,0.29,-0.22
48652811,-3.39,-7.52,0.25,1.38,25.23,5.24,0.06,0.30,-0.23
48663381,-3.93,-7.07,0.21,9.89,16.45,10.55,0.06,0.30,-0.23
48673772,-4.24,-6.88,0.22,11.84,14.39,15.78,0.06,0.30,-0.23
48683236,-4.28,-7.08,0.56,8.72,18.60,22.66,0.06,0.30,-0.23
48696596,-4.88,-8.03,0.59,6.66,11.23,29.23,0.06,0.30,-0.23
48705863,-4.68,-8.62,0.27,13.87,2.36,32.59,0.07,0.30,-0.23
48717906,-4.52,-8.97,0.26,22.44,-6.78,32.76,0.07,0.30,-0.23
48727164,-3.68,-9.25,0.26,22.41,-12.91,30.69,0.07,0.31,-0.22
48738222,-2.34,-10.03,0.00,12.32,-13.53,26.42,0.07,0.31,-0.22
48747744,-1.30,-11.34,-0.51,0.59,-7.18,24.15,0.07,0.31,-0.22
48757048,-1.88,-12.54,-0.85,-10.33,0.03,22.43,0.06,0.30,-0.21
48766296,-3.20,-13.48,-0.47,-13.40,-2.54,19.58,0.06,0.30,-0.21
48777128,-3.52,-13.29,-0.40,-9.40,-12.51,11.76,0.07,0.30,-0.21
48786504,-3.32,-12.49,-0.71,-10.72,-8.30,7.32,0.07,0.30,-0.21
48798135,-3.89,-11.59,0.84,-8.09,2.98,4.30,0.07,0.30,-0.21
48807930,-4.53,-11.26,3.44,-7.43,1.60,7.07,0.07,0.30,-0.21
48818967,-4.99,-13.77,2.38,-31.42,3.95,6.92,0.07,0.30,-0.21
48829670,-5.72,-16.07,1.61,-40.63,-2.61,3.70,0.07,0.30,-0.23
48843270,-5.83,-16.02,3.08,-12.83,-4.80,-6.32,0.07,0.30,-0.23
48852688,-6.19,-15.22,4.18,0.10,-10.93,-17.16,0.07,0.30,-0.23
48861920,-6.71,-14.37,4.18,10.85,-18.15,-25.48,0.07,0.30,-0.23
48871214,-6.77,-12.87,4.57,27.67,-24.87,-31.97,0.07,0.30,-0.23
48880386,-5.43,-10.07,5.61,47.07,-32.12,-38.50,0.06,0.29,-0.23
48889554,-2.78,-7.60,5.55,60.44,-32.58,-42.69,0.06,0.29,-0.23
48900088,0.16,-5.39,4.33,48.16,-27.26,-43.98,0.06,0.29,-0.23
48909443,1.49,-4.30,3.65,19.92,-24.45,-40.89,0.06,0.31,-0.22
48918981,2.51,-4.13,3.42,-17.03,-23.93,-31.57,0.06,0.31,-0.22
48928666,2.46,-5.56,2.12,-46.74,-18.02,-13.68,0.04,0.30,-0.22
48938000,1.59,-9.23,0.93,-63.84,-7.50,3.59,0.04,0.30,-0.22
48947637,0.02,-10.80,0.83,-46.87,4.48,20.24,0.04,0.30,-0.22
48957123,-1.30,-11.91,1.49,-19.78,3.05,36.30,0.04,0.30,-0.23
48967027,-1.91,-13.13,2.63,14.45,-4.95,44.53,0.04,0.30,-0.23
48976348,-2.59,-13.70,3.45,43.22,-3.36,45.89,0.04,0.30,-0.22
48986331,-3.09,-12.48,3.22,77.11,4.09,47.77,0.05,0.30,-0.22
48995742,-4.15,-10.50,3.28,97.26,-1.78,42.31,0.05,0.30,-0.22
49005861,-5.21,-8.68,3.52,98.79,-30.51,34.73,0.05,0.32,-0.20
49015292,-4.74,-6.57,3.20,93.98,-59.11,31.93,0.05,0.32,-0.20
49025158,-3.51,-5.78,2.23,79.48,-67.60,32.28,0.05,0.32,-0.20
49035431,-2.42,-5.37,2.18,50.91,-56.30,35.43,0.05,0.32,-0.19
49047941,-1.34,-6.01,1.93,20.60,-39.79,38.08,0.05,0.32,-0.19
49057380,-1.26,-6.38,1.51,9.52,-34.36,38.46,0.05,0.32,-0.18
49066799,-1.42,-6.54,0.97,-1.09,-34.19,34.47,0.05,0.32,-0.18
49076390,-1.05,-7.16,0.29,0.78,-32.80,33.42,0.05,0.33,-0.19
49085991,-0.86,-6.98,-0.16,12.56,-37.95,34.27,0.05,0.33,-0.19
49095498,0.15,-6.35,-0.50,18.64,-48.62,35.84,0.05,0.33,-0.19
49105970,1.28,-6.46,-0.59,8.78,-45.09,38.03,0.05,0.32,-0.19
49115404,1.51,-6.64,-0.08,-5.83,-31.77,44.51,0.05,0.32,-0.19
49127262,-0.03,-7.92,0.55,-16.01,-13.56,53.51,0.04,0.33,-0.19
49136807,-0.63,-9.43,1.37,-26.64,-14.22,57.58,0.04,0.33,-0.19
49149026,-1.60,-9.20,0.19,-22.72,-33.06,47.26,0.04,0.33,-0.19
49158444,-2.37,-8.93,0.02,-21.30,-33.78,42.94,0.05,0.33,-0.19
49168518,-2.47,-8.26,-0.37,-24.30,-26.66,37.44,0.05,0.33,-0.19
49177893,-2.10,-8.33,-0.20,-27.61,-13.13,33.80,0.06,0.33,-0.18
49187129,-1.77,-8.16,-0.41,-23.91,-18.94,23.36,0.06,0.33,-0.18
49196634,-1.46,-8.26,-0.32,-12.37,-20.16,18.94,0.06,0.33,-0.18
49207225,-0.91,-7.77,-0.28,1.99,-26.13,15.54,0.05,0.33,-0.20
49216626,-0.55,-7.27,-0.17,5.07,-28.99,12.21,0.05,0.33,-0.20
49226124,-0.53,-6.43,-0.31,-1.50,-30.58,8.17,0.05,0.32,-0.19
49235377,-0.76,-6.94,0.03,-10.76,-31.00,2.95,0.05,0.32,-0.19
49244683,-1.35,-7.27,-0.39,-21.87,-32.85,0.97,0.05,0.32,-0.19
49254650,-1.57,-8.27,0.23,-28.61,-44.82,-3.14,0.05,0.32,-0.19
49264018,-1.13,-9.40,0.59,-25.02,-50.99,-8.74,0.05,0.32,-0.19
49273650,-0.86,-10.72,0.10,-17.93,-45.13,-13.06,0.05,0.32,-0.19
49283023,-0.59,-11.65,0.32,-15.66,-35.55,-15.15,0.04,0.32,-0.19
49292761,-0.99,-12.73,-0.46,-15.07,-22.70,-11.20,0.04,0.32,-0.19
49302101,-1.50,-13.33,-1.42,-5.57,-18.02,-4.03,0.04,0.32,-0.19
49311996,-1.35,-14.35,-2.75,10.47,-15.74,7.87,0.04,0.32,-0.19
49321465,-0.88,-14.19,-2.86,25.56,-0.10,17.95,0.04,0.32,-0.19
49332486,-0.66,-12.55,-2.12,35.34,9.90,19.57,0.03,0.32,-0.19
49341882,-0.97,-11.27,-1.74,36.46,8.51,14.58,0.03,0.32,-0.19
49353586,-0.90,-9.97,-1.39,29.77,7.17,8.67,0.04,0.33,-0.19
49362998,0.36,-9.08,0.01,7.24,4.34,8.44,0.04,0.33,-0.19
49372481,-0.20,-10.59,1.01,-29.86,4.73,14.18,0.04,0.33,-0.19
49382245,-2.56,-14.69,-0.54,-41.29,4.00,20.25,0.04,0.33,-0.19
49392258,-2.22,-16.60,-1.20,-5.00,10.11,24.95,0.04,0.33,-0.19
49401679,-0.55,-14.72,1.38,27.04,14.45,21.12,0.04,0.32,-0.19
49412637,0.95,-14.25,2.42,34.64,-1.77,15.76,0.04,0.32,-0.19
49422322,1.19,-14.04,2.61,55.84,8.53,12.48,0.04,0.32,-0.19
49433806,0.60,-11.46,3.54,65.35,26.32,14.56,0.04,0.33,-0.19
49443123,0.17,-9.16,3.95,52.88,34.03,23.82,0.04,0.33,-0.19
49452810,-0.46,-7.57,4.09,34.02,40.58,35.22,0.05,0.33,-0.18
49465384,-1.40,-5.93,3.92,12.77,41.51,45.19,0.05,0.33,-0.18
49474865,-1.72,-5.83,3.57,-6.55,29.75,43.05,0.05,0.33,-0.18
49484185,-2.15,-6.72,3.33,-24.35,15.16,31.77,0.05,0.34,-0.17
49494147,-1.24,-8.42,3.68,-33.68,-2.61,11.67,0.05,0.34,-0.17
49503392,-1.01,-9.65,3.04,-32.65,-4.66,-8.55,0.06,0.34,-0.17
49514491,-1.86,-11.12,2.38,-36.71,7.12,-28.80,0.06,0.34,-0.17
49524039,-1.42,-12.54,1.60,-39.20,8.93,-39.27,0.06,0.34,-0.17
49533407,-0.96,-13.90,1.10,-36.01,21.83,-50.75,0.05,0.33,-0.19
49542852,-1.86,-14.40,2.07,-24.82,35.10,-56.84,0.05,0.33,-0.19
49552256,-2.04,-13.61,2.21,1.08,36.15,-59.53,0.05,0.33,-0.19
49561643,-1.69,-11.64,1.73,25.86,38.05,-64.32,0.05,0.33,-0.19
49571084,-1.68,-9.27,1.73,37.57,44.69,-66.38,0.05,0.33,-0.19
49580448,-1.59,-8.08,1.74,33.10,46.10,-69.45,0.05,0.33,-0.18
49589863,-1.43,-6.75,1.34,27.11,41.05,-68.69,0.05,0.33,-0.18
49599669,-0.85,-5.65,0.89,21.14,33.53,-65.58,0.05,0.33,-0.21
49609114,-0.51,-5.95,0.70,7.45,34.97,-63.36,0.04,0.33,-0.18
49619195,-0.34,-5.83,0.62,-5.57,39.51,-61.06,0.04,0.33,-0.18
49628688,-0.88,-6.15,0.39,-10.32,43.51,-58.89,0.04,0.33,-0.19
49639322,-1.82,-6.33,0.29,-15.23,48.01,-55.34,0.04,0.33,-0.19
49649519,-2.48,-6.59,0.21,-16.38,46.60,-48.93,0.04,0.33,-0.19
49660056,-3.09,-7.04,0.60,-14.43,44.75,-41.89,0.03,0.33,-0.19
49669404,-2.97,-7.10,0.70,-15.28,41.47,-34.13,0.03,0.33,-0.19
49679018,-2.66,-7.33,0.88,-18.31,46.11,-26.75,0.03,0.32,-0.20
49688359,-2.64,-7.36,0.92,-24.25,50.45,-21.58,0.03,0.32,-0.20
49698418,-2.58,-7.36,0.86,-27.79,53.87,-16.23,0.03,0.32,-0.20
49707719,-2.53,-7.47,0.60,-23.74,52.14,-12.55,0.03,0.32,-0.20
49719560,-2.83,-7.62,0.23,-13.35,47.93,-6.02,0.03,0.32,-0.20
49729092,-3.23,-7.79,-0.23,-4.55,43.10,0.20,0.03,0.30,-0.21
49740543,-3.73,-7.52,-0.21,9.41,38.03,6.39,0.03,0.30,-0.21
49750044,-4.14,-7.04,0.21,16.57,37.64,13.55,0.04,0.31,-0.20
49759489,-4.40,-6.65,0.41,16.32,34.93,19.75,0.04,0.31,-0.20
49768882,-4.57,-6.66,0.42,11.16,31.66,24.49,0.04,0.31,-0.20
49778345,-4.78,-7.09,0.24,6.41,27.32,29.20,0.05,0.31,-0.20
49787807,-4.78,-8.15,-0.05,5.52,22.35,32.65,0.05,0.31,-0.20
49800759,-4.34,-9.62,-0.31,13.95,14.95,33.55,0.05,0.33,-0.20
49810167,-3.92,-10.01,-0.15,20.83,12.05,31.40,0.05,0.33,-0.20
49822327,-3.16,-9.57,0.04,23.24,6.89,26.84,0.05,0.33,-0.20
49832103,-2.46,-9.29,0.15,12.39,3.60,22.10,0.05,0.33,-0.20
49848634,-2.68,-10.17,0.15,-8.77,2.02,16.15,0.05,0.33,-0.20
49858027,-3.05,-10.50,0.38,-11.67,-1.05,13.75,0.06,0.32,-0.20
49868890,-3.10,-11.04,0.10,-14.33,-8.31,9.82,0.06,0.32,-0.20
49878324,-2.93,-11.78,-0.57,-22.36,-6.23,4.30,0.06,0.32,-0.19
49887915,-3.40,-12.25,-0.41,-22.43,1.53,1.72,0.06,0.32,-0.19
49897228,-4.04,-12.16,0.71,-25.32,4.03,2.90,0.06,0.32,-0.19
49906465,-3.76,-12.40,1.29,-31.27,3.27,7.84,0.06,0.32,-0.20
49916101,-3.56,-14.34,-0.42,-33.89,9.27,7.25,0.06,0.32,-0.20
49926220,-4.59,-14.73,-0.99,-35.47,11.39,0.04,0.06,0.31,-0.20
49935720,-4.43,-13.87,0.17,-34.00,6.61,-7.83,0.06,0.31,-0.20
49946423,-4.81,-13.38,2.03,-27.39,8.57,-15.74,0.06,0.31,-0.20
49955720,-4.69,-13.31,2.81,-22.96,5.56,-20.47,0.06,0.31,-0.21
49965754,-4.93,-13.06,3.51,-9.87,5.14,-24.22,0.06,0.31,-0.21
49975167,-5.72,-12.12,4.00,6.95,0.69,-26.31,0.06,0.30,-0.21
49984551,-6.05,-10.45,5.04,23.35,-8.79,-29.65,0.06,0.30,-0.21
49994040,-4.78,-8.87,5.63,35.99,-20.61,-32.57,0.06,0.30,-0.21
50004649,-2.16,-7.13,5.20,38.63,-19.10,-35.89,0.04,0.31,-0.20
50013988,0.24,-5.72,4.49,26.35,-14.16,-37.31,0.04,0.31,-0.20
50026780,2.23,-5.16,3.41,-7.18,-5.08,-34.50,0.05,0.31,-0.21
50036106,2.62,-5.79,3.17,-38.17,-3.82,-24.14,0.05,0.31,-0.21
50045525,1.93,-7.74,2.03,-49.81,0.93,-6.41,0.05,0.31,-0.21
50054766,0.36,-9.55,1.58,-37.49,10.45,10.11,0.04,0.30,-0.21
50064254,-1.38,-10.91,2.11,-17.38,7.10,28.03,0.04,0.30,-0.21
50074281,-2.27,-12.88,2.60,4.81,-1.10,41.12,0.04,0.30,-0.21
50083519,-2.93,-14.90,3.09,29.16,9.00,44.62,0.04,0.30,-0.21
50092895,-3.78,-14.35,3.23,67.30,21.26,44.06,0.04,0.30,-0.21
50102231,-4.90,-11.77,2.87,93.96,15.34,41.88,0.05,0.31,-0.22
50111954,-6.06,-9.12,2.53,95.58,-20.03,36.59,0.05,0.31,-0.22
50121387,-5.05,-7.40,1.63,74.38,-48.97,34.13,0.05,0.31,-0.22
50131346,-3.72,-7.24,1.07,54.49,-42.59,41.18,0.05,0.32,-0.20
50140765,-2.93,-7.63,2.42,48.54,-34.05,41.09,0.05,0.32,-0.20
50152289,-2.77,-6.82,2.24,40.59,-42.31,39.72,0.06,0.33,-0.19
50161699,-2.22,-6.78,1.31,25.68,-40.41,42.78,0.06,0.33,-0.19
50172903,-1.92,-6.56,0.60,15.13,-32.46,46.32,0.06,0.33,-0.19
50182366,-1.74,-6.87,0.20,5.23,-35.77,45.76,0.05,0.34,-0.18
50191958,-1.20,-7.24,-0.07,-1.58,-38.71,46.04,0.05,0.34,-0.18
50201445,-0.72,-7.22,-0.23,4.14,-36.55,51.94,0.05,0.33,-0.19
50210898,-0.35,-7.59,0.22,14.42,-40.32,52.17,0.05,0.33,-0.19
50220344,0.12,-7.34,0.47,9.83,-46.54,50.03,0.05,0.33,-0.19
50231676,0.28,-7.42,0.77,0.48,-43.73,50.04,0.06,0.33,-0.18
50241084,-0.09,-7.49,0.68,-6.18,-39.07,49.27,0.06,0.33,-0.18
50250461,-0.23,-7.73,0.73,-14.33,-34.33,47.43,0.05,0.33,-0.17
50260121,-0.62,-7.96,-0.01,-21.85,-27.96,44.54,0.05,0.33,-0.17
50269404,-0.54,-8.52,-0.06,-24.03,-27.04,31.91,0.05,0.33,-0.17
50278646,-0.40,-8.79,-0.70,-24.13,-28.99,20.76,0.06,0.33,-0.18
50287985,-0.45,-8.95,-0.92,-19.28,-23.98,11.90,0.06,0.33,-0.18
50297442,-0.25,-9.02,-0.53,-9.16,-19.38,5.47,0.06,0.33,-0.18
50306666,0.19,-8.84,-0.53,-1.24,-18.17,0.42,0.05,0.33,-0.19
50316212,0.41,-8.55,-0.35,3.58,-19.22,-2.80,0.05,0.33,-0.19
50325724,0.51,-8.57,-0.75,8.43,-19.70,-4.81,0.06,0.34,-0.19
50335536,0.33,-8.30,-1.25,13.45,-18.00,-6.90,0.06,0.34,-0.19
50345129,-0.05,-8.34,-1.51,15.15,-14.36,-8.86,0.06,0.34,-0.19
50356286,-0.51,-8.58,-1.28,14.76,-14.09,-12.29,0.05,0.33,-0.18
50366403,-1.17,-8.66,-1.22,15.02,-12.61,-15.01,0.05,0.33,-0.18
50377728,-1.36,-8.74,-0.71,13.28,-12.94,-17.82,0.05,0.34,-0.18
50387261,-1.25,-8.66,0.27,9.58,-14.34,-20.99,0.05,0.34,-0.18
50396731,-1.13,-8.80,0.77,1.28,-11.11,-20.34,0.05,0.34,-0.18
50405989,-0.93,-9.08,1.21,-13.61,-7.37,-17.94,0.04,0.34,-0.17
50415349,-1.43,-10.15,0.97,-25.64,0.92,-12.26,0.04,0.34,-0.17
50424889,-2.41,-11.44,0.15,-26.99,5.01,-4.95,0.04,0.33,-0.19
50436431,-3.44,-12.71,-0.88,-14.58,2.73,11.20,0.04,0.33,-0.19
50445828,-2.97,-12.69,-1.45,-4.82,10.16,22.43,0.04,0.33,-0.19
50457504,-1.89,-12.18,-1.54,2.19,16.98,25.15,0.04,0.33,-0.19
50467085,-1.84,-11.34,-1.41,4.46,17.70,21.41,0.04,0.33,-0.19
50477454,-1.52,-10.70,-0.94,7.49,11.66,14.45,0.05,0.33,-0.19
50486924,-0.97,-9.71,-0.72,-1.49,5.93,10.16,0.05,0.33,-0.19
50496608,-0.59,-10.24,-0.59,-27.50,5.43,11.46,0.05,0.33,-0.19
50505861,-1.40,-12.30,-1.31,-46.86,10.08,17.70,0.05,0.32,-0.18
50517759,-1.37,-14.84,-1.82,-28.42,15.53,25.00,0.05,0.32,-0.18
50527263,-0.71,-14.55,-0.86,-3.26,13.56,21.25,0.05,0.32,-0.20
50538811,0.01,-13.43,0.17,20.41,12.96,15.68,0.05,0.32,-0.20
50548664,0.05,-12.44,0.29,23.11,14.07,13.42,0.05,0.33,-0.19
50560019,-0.07,-12.10,0.88,20.72,28.25,15.12,0.05,0.33,-0.19
50569336,0.34,-11.58,1.83,16.36,38.11,17.90,0.05,0.33,-0.19
50581201,0.80,-10.84,2.35,8.24,48.69,20.27,0.06,0.33,-0.18
50590536,1.08,-10.22,2.51,8.83,52.69,18.58,0.06,0.33,-0.18
50600044,0.64,-9.15,2.74,17.28,53.92,15.45,0.07,0.33,-0.19
50609579,-0.21,-7.58,3.48,25.51,47.29,13.33,0.07,0.33,-0.19
50620139,-0.91,-5.75,4.18,18.66,29.89,11.99,0.07,0.33,-0.19
50629520,-1.36,-5.18,4.86,4.37,13.00,8.94,0.07,0.33,-0.19
50641259,-1.81,-5.44,5.14,-25.62,2.58,3.82,0.07,0.33,-0.19
50650681,-2.23,-6.22,4.68,-53.59,5.58,-0.53,0.07,0.33,-0.20
50660137,-2.32,-8.00,3.91,-81.26,17.90,-2.47,0.07,0.33,-0.20
50669806,-2.68,-10.61,2.84,-95.41,25.83,-1.37,0.07,0.33,-0.20
50679305,-2.86,-13.64,2.18,-81.08,26.98,-8.53,0.07,0.32,-0.20
50689192,-2.49,-14.89,1.12,-40.91,24.85,-13.61,0.07,0.32,-0.20
50698561,-2.15,-14.49,0.84,-6.68,36.96,-24.68,0.08,0.31,-0.22
50708370,-2.14,-12.71,1.48,2.11,49.14,-37.75,0.08,0.31,-0.22
50717625,-2.45,-11.11,1.70,8.29,50.32,-46.85,0.08,0.31,-0.22
50726848,-2.80,-10.07,2.17,16.65,41.14,-51.10,0.08,0.29,-0.22
50736091,-2.35,-9.11,1.76,32.36,29.37,-49.98,0.08,0.29,-0.22
50746063,-1.72,-8.47,1.84,35.74,25.63,-48.92,0.08,0.29,-0.22
50755647,-1.38,-8.41,2.22,19.62,24.64,-49.80,0.07,0.32,-0.20
50765577,-1.08,-7.65,1.48,10.47,29.40,-47.30,0.07,0.32,-0.20
50774859,-1.29,-7.67,1.02,-0.36,42.03,-48.32,0.07,0.32,-0.22
50784698,-1.69,-7.30,0.47,-13.57,44.84,-49.01,0.07,0.32,-0.22
50794146,-1.96,-7.42,0.32,-12.52,45.31,-46.42,0.07,0.32,-0.22
50803440,-2.43,-7.93,0.74,-8.11,43.20,-47.16,0.07,0.31,-0.21
50813608,-2.89,-7.60,1.02,-3.59,39.55,-44.29,0.07,0.31,-0.21
50824770,-3.05,-7.30,1.35,0.04,38.36,-41.55,0.06,0.32,-0.21
50834158,-3.09,-6.95,1.57,-7.24,37.49,-36.82,0.06,0.32,-0.21
50846113,-3.13,-6.82,1.74,-25.20,37.83,-26.75,0.06,0.32,-0.21
50855582,-2.99,-7.20,1.65,-39.57,37.32,-21.45,0.06,0.32,-0.21
50867315,-2.82,-7.93,1.27,-45.45,39.21,-13.53,0.06,0.32,-0.21
50877067,-2.99,-8.33,1.00,-37.90,39.58,-6.80,0.05,0.30,-0.22
50886351,-3.19,-8.53,0.71,-27.13,37.99,-0.30,0.05,0.30,-0.22
50896069,-3.56,-8.30,0.56,-14.79,32.40,4.84,0.05,0.30,-0.22
50905402,-3.86,-8.06,0.70,-4.70,27.41,9.40,0.06,0.31,-0.22
50915103,-4.17,-7.53,0.98,1.10,22.81,14.47,0.06,0.31,-0.22
50927586,-4.63,-6.84,1.47,3.57,16.61,21.36,0.07,0.30,-0.22
50936808,-4.78,-6.61,1.27,0.90,7.24,25.80,0.07,0.30,-0.22
50948564,-4.84,-6.87,0.28,-5.60,-3.46,32.80,0.08,0.30,-0.22
50957960,-4.98,-7.67,-0.32,-9.58,-10.16,38.65,0.08,0.30,-0.22
50969666,-4.93,-8.73,-0.75,-4.46,-21.03,43.67,0.08,0.30,-0.22
50979018,-4.68,-9.16,-0.79,10.05,-30.30,45.12,0.08,0.30,-0.21
50992159,-4.57,-8.82,-0.44,25.09,-40.29,44.28,0.08,0.30,-0.21
51001640,-4.54,-8.52,0.25,29.39,-48.83,42.57,0.07,0.31,-0.21
51010843,-4.37,-8.16,1.45,27.23,-49.73,40.87,0.07,0.31,-0.21
51020090,-3.52,-7.80,2.47,18.89,-50.56,38.90,0.07,0.31,-0.21
51030112,-2.17,-8.30,2.32,0.11,-45.10,37.60,0.06,0.31,-0.22
51039432,-0.94,-8.89,2.01,-16.80,-40.79,37.75,0.06,0.31,-0.22
51051062,-0.47,-10.42,1.57,-35.10,-40.71,34.96,0.08,0.31,-0.22
51060429,-0.16,-11.70,1.41,-39.27,-41.63,27.84,0.08,0.31,-0.22
51069863,0.22,-12.66,1.03,-32.50,-38.21,18.64,0.08,0.31,-0.22
51079242,-0.01,-12.81,0.66,-21.59,-29.32,8.93,0.07,0.31,-0.21
51088503,-0.73,-12.20,0.49,-12.36,-22.85,2.62,0.07,0.31,-0.21
51098523,-1.05,-11.36,0.04,-6.10,-19.21,2.31,0.07,0.29,-0.23
51107884,-1.53,-10.34,0.19,-5.11,-18.16,5.65,0.07,0.29,-0.23
51118411,-2.32,-10.47,0.51,-13.95,-12.90,10.10,0.07,0.29,-0.23
51129154,-3.34,-11.63,-0.19,-22.42,-5.48,8.69,0.06,0.29,-0.22
51138505,-4.67,-11.66,0.91,-26.07,-7.61,5.70,0.06,0.29,-0.22
51152462,-5.73,-11.51,2.73,-22.78,-15.59,-0.71,0.07,0.30,-0.22
51161938,-6.25,-11.54,3.22,-28.25,-22.71,-5.77,0.07,0.30,-0.22
51171648,-6.16,-12.05,3.44,-33.31,-26.50,-11.09,0.07,0.29,-0.23
51181523,-5.78,-12.61,3.20,-35.61,-32.33,-15.85,0.07,0.29,-0.23
51190998,-5.19,-12.33,3.19,-29.52,-40.57,-17.24,0.07,0.29,-0.23
51201185,-4.99,-11.47,3.66,-14.19,-46.94,-12.84,0.06,0.28,-0.22
51210765,-4.92,-10.28,4.07,-1.64,-53.29,-7.39,0.06,0.28,-0.22
51220688,-4.14,-9.24,4.48,8.51,-60.07,-5.90,0.06,0.28,-0.22
51231038,-2.64,-8.20,4.20,14.46,-61.42,-7.20,0.05,0.29,-0.23
51240517,-1.70,-7.13,4.16,9.69,-58.03,-6.02,0.05,0.29,-0.23
51250197,-1.12,-6.09,3.96,0.71,-58.60,-4.47,0.05,0.30,-0.22
51260197,-0.76,-5.72,3.44,-15.57,-63.05,1.09,0.05,0.30,-0.22
51269568,-1.06,-6.16,3.35,-28.98,-69.50,8.76,0.05,0.30,-0.22
51279025,-1.72,-7.38,3.46,-33.64,-77.17,15.18,0.04,0.30,-0.22
51288608,-2.58,-8.74,3.60,-29.14,-88.39,19.18,0.04,0.30,-0.22
51299236,-3.21,-10.22,3.82,-16.89,-96.00,21.73,0.03,0.28,-0.23
51308490,-3.56,-10.91,4.21,-2.96,-101.96,19.37,0.03,0.28,-0.23
51317785,-3.73,-10.74,4.10,14.78,-108.67,17.18,0.03,0.28,-0.23
51327141,-3.87,-10.24,3.97,27.56,-111.38,17.71,0.02,0.29,-0.21
51337324,-5.26,-9.30,4.85,35.75,-104.04,21.29,0.02,0.29,-0.21
51346902,-5.03,-9.07,5.54,42.78,-110.81,25.52,0.01,0.30,-0.22
51357948,-3.36,-8.24,3.82,32.37,-130.30,26.25,0.01,0.30,-0.22
51367637,-2.14,-7.82,3.17,8.09,-129.85,23.58,0.01,0.30,-0.22
51384092,-0.68,-9.24,3.35,-18.89,-115.72,18.47,0.00,0.30,-0.20
51393421,-0.06,-9.98,2.43,-15.58,-108.18,18.86,0.00,0.30,-0.20
51404954,-0.23,-10.51,1.94,-4.39,-95.71,21.47,-0.01,0.29,-0.21
51414622,-0.67,-10.15,2.16,8.99,-99.42,26.56,-0.01,0.29,-0.21
51424551,-1.03,-9.30,2.53,16.56,-112.22,35.64,-0.02,0.30,-0.19
51433803,-1.23,-8.50,2.85,13.22,-121.07,41.18,-0.02,0.30,-0.19
51443245,-1.39,-7.58,2.90,5.28,-121.35,51.26,-0.02,0.30,-0.19
51452549,-2.13,-7.42,3.49,-13.20,-121.05,57.91,-0.03,0.31,-0.19
51462580,-3.29,-7.67,3.39,-28.59,-129.61,63.42,-0.03,0.31,-0.19
51472184,-3.74,-7.28,2.91,-28.20,-144.74,66.78,-0.03,0.30,-0.19
51483482,-3.84,-6.37,2.59,-17.47,-153.06,66.60,-0.03,0.30,-0.19
51492832,-3.79,-6.15,2.60,-19.93,-149.36,64.55,-0.03,0.30,-0.19
51506266,-3.18,-6.85,3.67,-42.85,-142.62,54.25,-0.04,0.31,-0.19
51515825,-2.70,-7.48,3.80,-59.05,-155.11,43.59,-0.04,0.31,-0.19
51525244,-1.80,-8.53,3.55,-70.53,-158.69,36.18,-0.05,0.31,-0.18
51535000,-1.25,-9.18,3.66,-70.36,-151.58,30.53,-0.05,0.31,-0.18
51544464,-1.12,-9.56,3.71,-70.58,-152.01,26.52,-0.05,0.31,-0.18
51553726,-0.53,-10.16,2.90,-68.80,-157.35,22.67,-0.07,0.30,-0.18
51567709,0.30,-11.14,2.14,-54.41,-154.81,18.44,-0.07,0.30,-0.18
51577588,0.11,-11.19,1.81,-41.50,-154.27,15.83,-0.08,0.29,-0.18
51587067,0.13,-11.11,1.88,-31.89,-156.69,13.56,-0.08,0.29,-0.18
51596525,-0.09,-10.76,2.24,-24.21,-154.78,11.93,-0.09,0.29,-0.18
51606548,-0.21,-10.05,2.27,-17.64,-151.17,12.40,-0.09,0.29,-0.18
51616255,-0.61,-9.34,2.19,-20.02,-146.29,14.86,-0.09,0.29,-0.18
51625784,-1.06,-9.12,1.77,-30.61,-141.23,19.94,-0.11,0.29,-0.16
51635486,-1.23,-9.39,1.48,-41.41,-136.18,21.09,-0.11,0.29,-0.16
51645117,-1.38,-9.74,1.26,-43.74,-132.83,23.41,-0.11,0.29,-0.16
51654646,-1.41,-9.92,1.24,-36.58,-130.39,24.47,-0.11,0.30,-0.17
51665827,-1.46,-9.50,1.26,-25.95,-128.25,25.18,-0.11,0.30,-0.17
51675467,-1.17,-9.35,1.39,-18.89,-128.17,24.47,-0.12,0.29,-0.15
51687133,-1.11,-8.74,2.03,-16.57,-124.94,23.12,-0.12,0.29,-0.15
51696568,-0.93,-8.34,2.24,-20.83,-126.02,21.93,-0.13,0.29,-0.15
51710041,-0.49,-8.29,2.15,-26.38,-126.33,20.04,-0.13,0.29,-0.15
51719820,-0.13,-8.60,2.25,-34.29,-125.84,18.15,-0.13,0.29,-0.15
51729226,0.20,-8.67,2.39,-40.14,-124.02,15.78,-0.14,0.29,-0.13
51738743,0.28,-9.51,1.96,-43.32,-118.54,13.63,-0.14,0.29,-0.13
51748071,0.11,-9.75,1.64,-43.88,-118.90,11.47,-0.15,0.29,-0.14
51757321,-0.31,-9.39,1.46,-38.97,-122.08,9.13,-0.15,0.29,-0.14
51767977,-0.20,-9.49,1.52,-32.67,-123.84,7.75,-0.15,0.29,-0.14
51777500,-0.18,-9.43,1.93,-33.22,-124.50,6.75,-0.16,0.29,-0.13
51788746,-0.17,-9.61,2.07,-34.86,-123.62,3.97,-0.16,0.29,-0.13
51798685,-0.38,-9.43,2.32,-33.74,-121.03,1.64,-0.16,0.29,-0.11
51810568,-0.81,-8.82,3.31,-35.67,-120.56,-2.06,-0.16,0.29,-0.11
51819921,-1.54,-8.88,4.00,-43.40,-125.17,-3.05,-0.16,0.29,-0.11
51829304,-1.68,-9.40,3.38,-43.37,-126.67,-5.78,-0.17,0.27,-0.11
51838785,-1.95,-9.41,3.15,-40.37,-122.43,-6.43,-0.17,0.27,-0.11
51848447,-1.96,-9.51,2.87,-41.54,-123.80,-4.08,-0.19,0.27,-0.11
51857950,-1.44,-9.56,2.62,-45.07,-121.71,0.22,-0.19,0.27,-0.11
51870078,-0.58,-10.05,3.31,-51.73,-108.48,5.60,-0.19,0.27,-0.08
51879600,-0.27,-10.57,3.61,-51.74,-103.91,10.01,-0.19,0.27,-0.08
51891526,-0.18,-10.37,3.41,-44.81,-104.09,10.02,-0.19,0.27,-0.08
51900891,-0.44,-9.40,3.75,-37.93,-102.92,8.97,-0.20,0.27,-0.08
51914527,-1.63,-8.84,4.74,-44.13,-104.40,10.74,-0.20,0.27,-0.08
51924006,-2.70,-9.20,4.59,-50.01,-101.05,15.33,-0.20,0.27,-0.07
51933327,-3.44,-9.95,4.48,-49.65,-94.47,21.22,-0.20,0.27,-0.07
51942946,-4.34,-10.59,4.24,-40.99,-79.07,26.15,-0.20,0.27,-0.07
51952376,-4.62,-10.40,3.63,-30.84,-69.44,29.41,-0.21,0.27,-0.06
51961893,-4.54,-9.62,3.12,-24.01,-65.71,32.41,-0.21,0.27,-0.06
51972372,-4.60,-8.93,2.90,-22.99,-63.89,32.79,-0.21,0.27,-0.06
51982113,-4.82,-8.49,2.80,-23.97,-69.94,32.16,-0.21,0.27,-0.06
51993260,-5.09,-7.71,2.82,-18.92,-83.09,28.10,-0.21,0.27,-0.06
52003524,-5.20,-7.00,2.67,-17.27,-100.61,23.56,-0.20,0.26,-0.06
52015196,-4.51,-6.66,2.71,-25.93,-113.32,21.06,-0.20,0.26,-0.06
52024626,-4.07,-6.96,3.06,-38.30,-113.50,21.12,-0.20,0.27,-0.05
52034204,-4.02,-7.70,3.29,-53.25,-109.02,23.26,-0.20,0.27,-0.05
52043639,-4.11,-8.42,3.35,-57.40,-108.37,25.02,-0.20,0.27,-0.05
52053574,-4.31,-8.93,2.92,-53.66,-109.11,25.93,-0.22,0.28,-0.03
52062902,-4.29,-9.10,2.46,-47.28,-109.22,25.70,-0.22,0.28,-0.03
52074622,-4.40,-9.21,2.59,-42.30,-105.75,25.52,-0.22,0.28,-0.03
52084411,-4.34,-9.38,2.57,-40.58,-105.61,25.84,-0.22,0.28,-0.03
