85.378975,-0.46,9.75,0.59,2.62,-0.46,-3.48,0.1,-0.13,-0.2
85.390658,-0.47,9.77,0.73,2.77,-0.27,-3.52,0.11,-0.15,-0.19
85.400268,-0.53,9.79,0.6,2.64,-0.31,-3.47,0.11,-0.15,-0.19
85.410332,-0.52,9.8,0.58,3.01,-0.28,-3.22,0.11,-0.15,-0.2
85.421428,-0.51,9.81,0.62,2.56,-0.24,-3.36,0.12,-0.14,-0.2
85.431845,-0.51,9.77,0.71,2.22,-0.46,-3.74,0.12,-0.14,-0.2
85.442229,-0.47,9.74,0.65,2.16,-0.16,-3.33,0.11,-0.14,-0.2
85.453534,-0.52,9.76,0.71,2.2,-0.27,-3.61,0.11,-0.14,-0.2
85.464021,-0.49,9.79,0.76,2.39,-0.2,-3.96,0.11,-0.14,-0.2
85.475486,-0.5,9.77,0.63,2.43,-0.15,-4.09,0.11,-0.14,-0.2
85.486364,-0.56,9.78,0.65,2.28,-0.28,-3.59,0.11,-0.14,-0.2
85.496255,-0.52,9.77,0.64,2.15,0.14,-3.78,0.11,-0.14,-0.2
85.505474,-0.49,9.77,0.68,2.2,-0.1,-4.11,0.11,-0.14,-0.2
85.516031,-0.53,9.77,0.65,2.17,-0.21,-3.83,0.11,-0.14,-0.19
85.526506,-0.52,9.79,0.7,2.27,-0.17,-3.69,0.11,-0.14,-0.19
85.5372,-0.54,9.79,0.69,2.47,-0.49,-3.64,0.11,-0.14,-0.2
85.547135,-0.49,9.78,0.56,2.17,-0.43,-3.44,0.11,-0.14,-0.2
85.565878,-0.53,9.73,0.75,2.58,-0.46,-3.26,0.11,-0.14,-0.21
85.57642,-0.56,9.68,0.66,2.74,-0.96,-3.42,0.11,-0.14,-0.21
85.586761,-0.52,9.77,0.66,2.8,-1.01,-3.37,0.11,-0.14,-0.2
85.5964,-0.47,9.8,0.66,2.94,-1.23,-3.72,0.11,-0.14,-0.2
85.60573,-0.5,9.78,0.65,2.62,-1.46,-3.94,0.11,-0.14,-0.2
85.616509,-0.42,9.68,0.61,2.65,-1.36,-3.85,0.11,-0.14,-0.2
85.626824,-0.46,9.76,0.65,2.54,-1.19,-3.88,0.11,-0.14,-0.2
85.637065,-0.43,9.76,0.72,2.55,-1.1,-4.0,0.11,-0.14,-0.2
85.647282,-0.48,9.79,0.68,2.46,-1.24,-3.78,0.11,-0.14,-0.2
85.65697,-0.45,9.76,0.63,2.45,-1.23,-3.93,0.12,-0.14,-0.2
85.667988,-0.45,9.75,0.68,2.69,-1.05,-3.94,0.12,-0.14,-0.2
85.67983,-0.42,9.79,0.61,2.75,-1.21,-3.99,0.12,-0.14,-0.2
85.691499,-0.42,9.77,0.55,2.53,-1.02,-3.89,0.11,-0.14,-0.21
85.701692,-0.46,9.77,0.52,2.52,-0.68,-4.0,0.11,-0.14,-0.21
85.71116,-0.36,9.78,0.57,2.69,-0.36,-4.09,0.1,-0.13,-0.19
85.724365,-0.4,9.8,0.75,2.32,-0.11,-4.11,0.1,-0.13,-0.19
85.73469,-0.39,9.83,0.58,2.65,0.18,-4.09,0.12,-0.13,-0.2
85.743975,-0.4,9.75,0.55,2.38,0.61,-4.0,0.12,-0.13,-0.2
85.753811,-0.46,9.76,0.57,2.35,0.8,-3.83,0.12,-0.13,-0.2
85.763674,-0.44,9.81,0.59,2.69,1.44,-3.65,0.11,-0.14,-0.2
85.772812,-0.46,9.8,0.61,2.62,1.5,-3.31,0.11,-0.14,-0.2
85.78327,-0.46,9.78,0.66,2.42,1.37,-3.45,0.1,-0.14,-0.21
85.793629,-0.49,9.77,0.54,2.39,1.45,-3.55,0.1,-0.14,-0.21
85.803828,-0.48,9.75,0.65,2.32,1.83,-3.3,0.1,-0.14,-0.2
85.813961,-0.45,9.76,0.71,2.36,1.67,-3.81,0.11,-0.14,-0.2
85.825932,-0.47,9.76,0.63,2.29,1.67,-3.88,0.11,-0.14,-0.2
85.835702,-0.52,9.76,0.61,2.41,1.91,-3.96,0.11,-0.14,-0.21
85.845726,-0.55,9.73,0.64,2.3,1.69,-3.61,0.11,-0.14,-0.21
85.856049,-0.59,9.78,0.71,2.07,1.72,-3.62,0.11,-0.14,-0.2
85.865233,-0.59,9.77,0.72,2.04,1.11,-3.74,0.11,-0.14,-0.2
85.875912,-0.51,9.77,0.56,2.09,0.89,-3.85,0.11,-0.14,-0.2
85.886573,-0.54,9.77,0.69,2.14,1.07,-4.13,0.11,-0.14,-0.2
85.896748,-0.49,9.74,0.64,2.07,0.67,-3.84,0.11,-0.14,-0.2
85.907492,-0.53,9.74,0.6,2.54,0.73,-4.08,0.11,-0.14,-0.2
85.917747,-0.56,9.75,0.7,2.56,0.75,-3.67,0.11,-0.14,-0.2
85.930478,-0.57,9.8,0.69,2.6,0.17,-3.95,0.11,-0.14,-0.2
85.940685,-0.44,9.78,0.61,2.28,0.33,-4.09,0.11,-0.14,-0.2
85.951308,-0.41,9.79,0.63,2.26,0.55,-3.96,0.11,-0.14,-0.19
85.961282,-0.47,9.93,0.63,2.21,0.39,-4.11,0.11,-0.14,-0.19
85.975139,-0.42,9.8,0.46,2.28,0.81,-3.79,0.11,-0.14,-0.19
85.987465,-0.41,9.81,0.59,2.23,0.75,-3.54,0.11,-0.14,-0.19
85.997814,-0.42,9.79,0.56,2.28,1.27,-3.37,0.11,-0.14,-0.19
86.008145,-0.49,9.78,0.62,2.61,1.42,-3.18,0.12,-0.14,-0.2
86.018765,-0.48,9.77,0.68,2.62,1.37,-3.05,0.12,-0.14,-0.2
86.031411,-0.47,9.8,0.72,2.54,1.15,-3.61,0.11,-0.14,-0.2
86.042198,-0.55,9.76,0.66,2.12,0.98,-3.53,0.11,-0.14,-0.2
86.051686,-0.46,9.76,0.58,2.56,0.81,-3.62,0.11,-0.13,-0.2
86.062615,-0.5,9.75,0.56,2.5,0.97,-3.75,0.11,-0.13,-0.2
86.073625,-0.42,9.75,0.66,2.31,0.81,-3.46,0.11,-0.13,-0.2
86.086429,-0.43,9.72,0.57,2.54,0.73,-3.83,0.11,-0.14,-0.18
86.096407,-0.54,9.72,0.64,2.61,0.76,-3.75,0.11,-0.14,-0.18
86.106015,-0.5,9.77,0.62,2.54,0.69,-4.05,0.12,-0.14,-0.2
86.115731,-0.5,9.76,0.67,2.77,0.55,-3.91,0.12,-0.14,-0.2
86.12537,-0.51,9.77,0.73,2.52,0.1,-4.11,0.11,-0.13,-0.2
86.136739,-0.47,9.8,0.63,2.31,0.3,-4.28,0.11,-0.13,-0.2
86.147264,-0.42,9.8,0.6,2.04,0.09,-4.34,0.11,-0.13,-0.2
86.156743,-0.5,9.74,0.7,2.13,0.23,-4.47,0.11,-0.13,-0.19
86.166907,-0.48,9.75,0.65,2.22,0.32,-4.87,0.11,-0.13,-0.19
86.181128,-0.47,9.8,0.53,2.3,0.0,-4.51,0.11,-0.13,-0.18
86.19191,-0.47,9.8,0.58,2.2,0.04,-4.58,0.11,-0.13,-0.18
86.201417,-0.46,9.8,0.7,2.13,0.12,-4.52,0.11,-0.14,-0.19
86.213296,-0.47,9.81,0.53,1.74,-0.09,-4.21,0.11,-0.14,-0.19
86.223761,-0.44,9.77,0.53,1.8,0.27,-4.29,0.11,-0.14,-0.2
86.235612,-0.39,9.8,0.54,2.03,0.49,-4.3,0.11,-0.14,-0.2
86.24596,-0.46,9.8,0.57,1.92,0.58,-4.23,0.11,-0.14,-0.2
86.257199,-0.48,9.79,0.59,2.28,0.99,-3.66,0.11,-0.14,-0.2
86.267706,-0.54,9.77,0.65,2.47,1.28,-3.88,0.11,-0.14,-0.2
86.278776,-0.52,9.77,0.67,2.78,0.92,-3.89,0.11,-0.14,-0.2
86.29239,-0.49,9.76,0.67,2.41,1.12,-3.75,0.11,-0.14,-0.2
86.304095,-0.52,9.84,0.67,2.15,1.03,-4.07,0.11,-0.14,-0.19
86.316481,-0.51,9.81,0.57,2.27,1.03,-4.13,0.11,-0.14,-0.19
86.32772,-0.49,9.95,0.6,2.28,1.03,-4.05,0.1,-0.14,-0.21
86.339641,-0.45,9.81,0.71,2.44,0.61,-3.86,0.1,-0.14,-0.21
86.349577,-0.43,9.83,0.57,2.38,0.7,-3.86,0.1,-0.14,-0.2
86.361498,-0.42,9.77,0.64,2.51,0.47,-3.53,0.1,-0.14,-0.2
86.37092,-0.41,9.78,0.5,2.54,0.56,-3.53,0.11,-0.14,-0.2
86.382168,-0.45,9.79,0.55,2.83,0.57,-3.68,0.11,-0.14,-0.2
86.396451,-0.47,9.76,0.5,2.97,0.36,-3.41,0.11,-0.14,-0.19
86.407905,-0.33,9.76,0.66,2.75,0.29,-3.73,0.11,-0.14,-0.19
86.418421,-0.46,9.72,0.6,2.96,0.45,-3.61,0.11,-0.13,-0.2
86.429367,-0.5,9.78,0.61,2.79,-0.02,-3.72,0.11,-0.13,-0.2
86.44122,-0.42,9.78,0.55,2.41,-0.03,-3.95,0.11,-0.13,-0.2
86.451549,-0.49,9.79,0.6,2.45,-0.33,-4.2,0.11,-0.14,-0.19
86.460941,-0.48,9.77,0.5,2.54,-0.23,-4.13,0.11,-0.14,-0.19
86.471448,-0.42,9.93,0.56,2.45,-0.31,-4.22,0.11,-0.14,-0.19
86.482611,-0.42,9.81,0.57,2.6,-0.4,-4.25,0.11,-0.14,-0.19
86.495951,-0.36,9.8,0.52,2.49,-0.31,-4.25,0.11,-0.14,-0.2
86.505408,-0.36,9.78,0.51,2.07,-0.46,-4.24,0.11,-0.14,-0.2
86.516342,-0.38,9.81,0.49,2.13,0.18,-4.18,0.11,-0.14,-0.2
86.526721,-0.38,9.83,0.52,1.85,0.29,-4.21,0.11,-0.14,-0.19
86.536456,-0.43,9.79,0.47,1.84,0.61,-4.06,0.11,-0.14,-0.19
86.545914,-0.4,9.81,0.46,2.07,0.66,-4.28,0.11,-0.14,-0.21
86.558907,-0.49,9.77,0.56,2.13,0.5,-4.35,0.11,-0.14,-0.21
86.569914,-0.43,9.73,0.59,2.12,0.62,-4.25,0.11,-0.14,-0.2
86.579399,-0.46,9.79,0.6,2.02,-0.11,-4.78,0.11,-0.14,-0.2
86.588938,-0.41,9.79,0.44,1.92,-0.03,-4.64,0.11,-0.14,-0.2
86.599915,-0.36,9.81,0.62,2.09,0.19,-4.34,0.11,-0.14,-0.18
86.610141,-0.38,9.81,0.54,1.55,0.17,-4.26,0.11,-0.14,-0.18
86.61974,-0.45,9.82,0.63,1.61,0.23,-4.3,0.11,-0.13,-0.2
86.62909,-0.4,9.8,0.31,1.74,0.36,-4.3,0.11,-0.13,-0.2
86.639685,-0.37,9.82,0.55,1.62,0.63,-4.2,0.11,-0.13,-0.2
86.64907,-0.41,9.84,0.51,2.09,0.87,-4.09,0.1,-0.13,-0.2
86.662816,-0.44,9.94,0.49,2.13,0.84,-3.75,0.1,-0.13,-0.2
86.673583,-0.36,9.82,0.57,1.96,0.65,-3.63,0.11,-0.14,-0.19
86.684584,-0.4,9.81,0.45,2.17,0.63,-3.49,0.11,-0.14,-0.19
86.694866,-0.5,9.77,0.43,2.08,0.5,-3.88,0.11,-0.15,-0.2
86.705803,-0.4,9.8,0.55,1.44,0.34,-3.84,0.11,-0.15,-0.2
86.715339,-0.47,9.75,0.45,1.58,0.29,-3.93,0.1,-0.14,-0.19
86.724735,-0.47,9.76,0.48,1.96,0.22,-3.44,0.1,-0.14,-0.19
86.734589,-0.49,9.77,0.61,1.92,-0.11,-3.54,0.1,-0.14,-0.19
86.744528,-0.43,9.76,0.53,1.85,-0.14,-3.55,0.1,-0.16,-0.19
86.754811,-0.47,9.75,0.53,1.93,-0.48,-3.7,0.1,-0.16,-0.19
86.766197,-0.46,9.76,0.46,2.24,-0.74,-3.68,0.11,-0.13,-0.19
86.775729,-0.46,9.81,0.56,1.86,-0.7,-3.92,0.11,-0.13,-0.19
86.78658,-0.46,9.78,0.48,0.12,-0.52,-3.64,0.11,-0.13,-0.19
86.796856,-0.39,9.78,0.45,2.45,-0.72,-3.69,0.11,-0.14,-0.19
86.80807,-0.42,9.79,0.52,2.37,-0.45,-3.95,0.11,-0.14,-0.19
86.819452,-0.43,9.78,0.56,1.86,-0.27,-3.71,0.1,-0.14,-0.19
86.829675,-0.4,9.78,0.54,2.31,-0.16,-3.7,0.1,-0.14,-0.19
86.84063,-0.39,9.77,0.47,2.18,-0.14,-4.03,0.1,-0.14,-0.18
86.852154,-0.43,9.79,0.58,2.07,0.0,-3.87,0.1,-0.14,-0.18
86.862235,-0.34,9.82,0.52,1.92,0.63,-3.8,0.11,-0.14,-0.2
86.872932,-0.4,9.8,0.49,2.09,0.89,-3.43,0.11,-0.14,-0.2
86.883049,-0.4,9.78,0.56,2.27,0.9,-3.29,0.11,-0.14,-0.2
86.893958,-0.42,9.79,0.53,2.33,0.83,-3.46,0.11,-0.13,-0.18
86.909338,-0.41,9.76,0.52,2.43,0.98,-3.44,0.11,-0.13,-0.18
86.919867,-0.45,9.75,0.6,2.66,0.87,-3.62,0.11,-0.13,-0.19
86.930044,-0.49,9.77,0.53,2.5,0.86,-3.65,0.11,-0.13,-0.19
86.939515,-0.45,9.67,0.53,2.6,1.0,-3.84,0.1,-0.15,-0.19
86.948851,-0.44,9.74,0.58,2.42,0.74,-3.46,0.1,-0.15,-0.19
86.959112,-0.42,9.79,0.54,2.63,0.67,-3.82,0.1,-0.15,-0.19
86.969573,-0.41,9.78,0.51,2.82,0.85,-3.92,0.11,-0.14,-0.19
86.97992,-0.48,9.83,0.56,2.41,1.41,-3.58,0.11,-0.14,-0.19
86.989391,-0.52,9.8,0.53,2.74,1.57,-3.26,0.11,-0.14,-0.19
87.000188,-0.47,9.78,0.46,3.09,1.44,-3.4,0.11,-0.14,-0.19
87.011047,-0.51,9.73,0.59,2.74,1.18,-3.48,0.11,-0.13,-0.2
87.021993,-0.48,9.77,0.6,2.61,0.85,-3.34,0.11,-0.13,-0.2
87.031551,-0.45,9.82,0.55,2.56,0.92,-3.38,0.11,-0.13,-0.2
87.041695,-0.37,9.8,0.53,2.53,1.01,-3.62,0.11,-0.13,-0.19
87.054439,-0.39,9.8,0.53,2.81,0.94,-3.61,0.11,-0.13,-0.19
87.065859,-0.39,9.8,0.57,2.82,1.2,-3.89,0.11,-0.14,-0.18
87.076217,-0.44,9.79,0.56,2.98,1.17,-3.59,0.11,-0.14,-0.18
87.087221,-0.4,9.77,0.55,2.8,1.55,-3.41,0.12,-0.13,-0.19
87.099531,-0.46,9.75,0.56,2.7,1.35,-3.56,0.12,-0.13,-0.19
87.113664,-0.43,9.79,0.54,2.95,0.8,-3.35,0.11,-0.15,-0.19
87.125863,-0.47,9.81,0.57,3.04,0.56,-3.39,0.11,-0.15,-0.19
87.136261,-0.45,9.82,0.54,3.35,0.78,-3.17,0.11,-0.14,-0.18
87.146624,-0.45,9.81,0.6,3.17,0.52,-3.12,0.11,-0.14,-0.18
87.160231,-0.43,9.76,0.48,3.21,0.28,-3.29,0.1,-0.14,-0.19
87.170564,-0.43,9.77,0.55,3.74,0.45,-3.33,0.1,-0.14,-0.19
87.181406,-0.39,9.77,0.5,3.35,0.25,-3.2,0.1,-0.14,-0.19
87.191731,-0.44,9.78,0.51,3.12,0.14,-3.08,0.1,-0.14,-0.19
87.204884,-0.52,9.8,0.47,3.05,-0.06,-3.12,0.1,-0.14,-0.19
87.219174,-0.45,9.78,0.56,2.96,0.27,-3.37,0.11,-0.14,-0.19
87.230039,-0.42,9.8,0.64,2.94,0.05,-3.36,0.11,-0.14,-0.19
87.240041,-0.44,9.74,0.52,2.66,0.38,-3.9,0.11,-0.14,-0.19
87.249868,-0.41,9.78,0.47,2.86,0.33,-3.91,0.11,-0.14,-0.19
87.262514,-0.38,9.79,0.5,2.92,0.28,-3.84,0.11,-0.14,-0.2
87.272403,-0.42,9.79,0.53,2.58,0.49,-3.76,0.11,-0.14,-0.2
87.282711,-0.42,9.75,0.49,2.83,0.71,-3.82,0.11,-0.13,-0.19
87.292287,-0.4,9.8,0.51,3.07,0.46,-3.58,0.11,-0.13,-0.19
87.305341,-0.44,9.8,0.54,3.28,0.58,-3.93,0.11,-0.14,-0.2
87.317039,-0.41,9.82,0.58,2.88,0.78,-3.74,0.11,-0.14,-0.2
87.328253,-0.34,9.81,0.56,3.16,0.86,-3.8,0.11,-0.14,-0.19
87.338704,-0.45,9.76,0.54,2.74,1.14,-3.63,0.11,-0.14,-0.19
87.34825,-0.33,9.8,0.56,2.7,1.29,-3.81,0.11,-0.14,-0.19
87.359141,-0.45,9.79,0.48,3.22,1.14,-3.7,0.12,-0.14,-0.18
87.372615,-0.5,9.79,0.6,3.31,0.92,-3.4,0.12,-0.14,-0.18
87.382054,-0.44,9.78,0.56,3.05,0.82,-3.46,0.11,-0.14,-0.18
87.391811,-0.44,9.78,0.48,3.17,0.77,-3.63,0.11,-0.14,-0.18
87.402469,-0.48,9.8,0.54,2.87,1.03,-3.53,0.11,-0.14,-0.2
87.412026,-0.31,9.79,0.63,3.15,0.69,-3.83,0.11,-0.14,-0.2
87.42266,-0.5,9.77,0.6,2.8,0.95,-3.88,0.11,-0.14,-0.2
87.432904,-0.5,9.79,0.59,2.76,0.95,-3.69,0.11,-0.14,-0.2
87.443077,-0.42,9.77,0.61,2.83,0.63,-3.78,0.11,-0.14,-0.2
87.452504,-0.35,9.78,0.56,2.54,0.73,-3.86,0.11,-0.14,-0.19
87.46477,-0.39,9.95,0.61,2.82,0.73,-4.0,0.11,-0.14,-0.19
87.474979,-0.41,9.8,0.51,2.65,0.46,-3.82,0.11,-0.14,-0.19
87.486103,-0.39,9.78,0.51,2.86,0.61,-3.91,0.11,-0.13,-0.2
87.496413,-0.4,9.8,0.49,2.94,0.6,-3.75,0.11,-0.13,-0.2
87.50808,-0.46,9.79,0.63,2.59,0.27,-3.5,0.11,-0.14,-0.19
87.521676,-0.44,9.76,0.58,2.91,0.5,-3.7,0.11,-0.14,-0.19
87.531863,-0.44,9.74,0.52,3.04,0.26,-3.72,0.11,-0.14,-0.21
87.541589,-0.44,9.78,0.51,2.98,0.32,-3.88,0.11,-0.14,-0.21
87.554404,-0.43,9.8,0.53,2.78,0.22,-3.84,0.11,-0.14,-0.21
87.567015,-0.48,9.82,0.59,3.18,-0.1,-3.95,0.11,-0.14,-0.21
87.576679,-0.43,9.8,0.55,2.55,-0.2,-3.96,0.1,-0.14,-0.2
87.595715,-0.42,9.78,0.44,2.88,0.33,-3.69,0.1,-0.14,-0.2
87.60671,-0.42,9.8,0.59,2.9,0.25,-3.67,0.1,-0.14,-0.2
87.616609,-0.44,9.81,0.54,2.78,0.33,-3.61,0.1,-0.14,-0.2
87.6273,-0.44,9.78,0.53,2.72,0.39,-3.87,0.11,-0.14,-0.2
87.636722,-0.42,9.78,0.44,2.69,0.37,-3.83,0.11,-0.14,-0.2
87.647205,-0.4,9.79,0.61,2.64,0.47,-3.47,0.11,-0.14,-0.2
87.656766,-0.47,9.81,0.46,2.83,0.57,-3.78,0.11,-0.14,-0.19
87.665788,-0.43,9.93,0.66,3.02,0.65,-3.82,0.11,-0.14,-0.19
87.67527,-0.45,9.78,0.54,2.74,0.73,-3.31,0.1,-0.13,-0.2
87.691903,-0.57,9.78,0.48,2.78,0.37,-3.8,0.1,-0.13,-0.2
87.701481,-0.47,9.65,0.46,2.84,0.51,-3.86,0.11,-0.15,-0.19
87.71122,-0.45,9.79,0.55,2.6,0.28,-3.79,0.11,-0.15,-0.19
87.720664,-0.44,9.76,0.58,2.93,0.31,-3.92,0.11,-0.15,-0.19
87.731261,-0.43,9.8,0.47,2.97,0.37,-3.72,0.11,-0.14,-0.2
87.741642,-0.42,9.81,0.6,2.97,0.63,-3.36,0.11,-0.14,-0.2
87.751931,-0.35,9.78,0.48,3.17,0.74,-3.75,0.11,-0.15,-0.2
87.761262,-0.44,9.8,0.55,3.03,1.07,-3.52,0.11,-0.15,-0.2
87.772707,-0.43,9.8,0.56,3.11,1.17,-3.51,0.11,-0.14,-0.19
87.782957,-0.45,9.81,0.56,2.89,1.45,-3.51,0.11,-0.14,-0.19
87.793206,-0.46,9.81,0.57,2.74,1.3,-3.38,0.11,-0.14,-0.19
87.803648,-0.51,9.77,0.58,2.9,1.02,-3.39,0.11,-0.14,-0.2
87.815493,-0.46,9.77,0.57,2.71,1.05,-3.49,0.11,-0.14,-0.2
87.828624,-0.51,9.78,0.52,3.05,0.98,-3.39,0.11,-0.14,-0.2
87.838851,-0.41,9.77,0.47,2.99,0.74,-3.79,0.11,-0.14,-0.2
87.848538,-0.43,9.82,0.53,2.7,0.94,-3.69,0.1,-0.13,-0.21
87.858794,-0.43,9.81,0.6,2.77,1.01,-3.9,0.1,-0.13,-0.21
87.868207,-0.43,9.81,0.54,2.64,1.17,-3.95,0.1,-0.13,-0.21
87.877529,-0.49,9.79,0.5,3.16,1.15,-3.64,0.11,-0.14,-0.2
87.887723,-0.45,9.81,0.55,2.92,1.25,-3.7,0.11,-0.14,-0.2
87.897949,-0.45,9.77,0.59,2.84,1.24,-3.43,0.11,-0.14,-0.2
87.908305,-0.49,9.79,0.55,2.9,0.73,-3.2,0.11,-0.14,-0.2
87.918093,-0.42,9.81,0.59,3.36,0.75,-3.42,0.11,-0.14,-0.21
87.931658,-0.4,9.79,0.47,2.95,0.27,-3.37,0.11,-0.14,-0.21
87.941945,-0.39,9.78,0.56,2.87,0.75,-3.35,0.11,-0.14,-0.21
87.951645,-0.43,9.76,0.58,2.79,0.49,-3.32,0.11,-0.14,-0.19
87.961125,-0.45,9.77,0.49,3.13,0.63,-3.48,0.11,-0.14,-0.19
87.970518,-0.44,9.79,0.54,3.18,0.56,-3.53,0.11,-0.14,-0.2
87.979866,-0.46,9.77,0.53,2.77,0.31,-3.42,0.11,-0.14,-0.2
87.989257,-0.45,9.78,0.57,2.84,0.45,-3.67,0.11,-0.14,-0.2
87.998829,-0.5,9.79,0.44,2.52,0.23,-3.78,0.11,-0.14,-0.2
88.008279,-0.39,9.81,0.52,2.47,0.36,-3.84,0.11,-0.14,-0.2
88.020555,-0.39,9.79,0.59,2.64,0.68,-4.04,0.12,-0.14,-0.2
88.033666,-0.41,9.78,0.54,2.65,0.77,-3.94,0.12,-0.14,-0.2
88.043182,-0.37,9.79,0.44,2.92,0.97,-4.02,0.11,-0.14,-0.2
88.053399,-0.47,9.81,0.52,2.61,0.94,-3.9,0.11,-0.14,-0.2
88.062881,-0.42,9.77,0.54,2.7,1.21,-3.72,0.11,-0.14,-0.2
88.072253,-0.39,9.76,0.47,2.58,1.02,-3.86,0.12,-0.13,-0.21
88.082663,-0.42,9.78,0.56,2.56,0.96,-4.0,0.12,-0.13,-0.21
88.092076,-0.43,9.77,0.62,2.39,0.95,-3.95,0.11,-0.14,-0.21
88.102497,-0.38,9.79,0.55,2.61,1.18,-3.77,0.11,-0.14,-0.21
88.111896,-0.43,9.81,0.64,2.65,1.38,-3.82,0.11,-0.14,-0.21
88.121722,-0.45,9.78,0.64,2.94,1.28,-3.79,0.11,-0.14,-0.2
88.135224,-0.47,9.81,0.54,2.5,1.28,-3.7,0.11,-0.14,-0.2
88.144799,-0.61,9.79,0.56,2.62,0.92,-4.1,0.11,-0.14,-0.2
88.154223,-0.44,9.79,0.48,2.74,0.74,-3.84,0.11,-0.14,-0.2
88.164377,-0.42,9.79,0.47,2.51,0.49,-3.91,0.11,-0.14,-0.2
88.17397,-0.36,9.77,0.56,2.51,0.63,-3.58,0.11,-0.14,-0.2
88.183602,-0.4,9.76,0.63,2.77,1.01,-3.39,0.11,-0.14,-0.2
88.193788,-0.41,9.77,0.56,2.76,1.21,-3.45,0.11,-0.14,-0.2
88.203223,-0.42,9.79,0.47,2.84,0.93,-3.29,0.11,-0.14,-0.2
88.213373,-0.37,9.81,0.55,2.86,0.66,-3.27,0.11,-0.13,-0.2
88.222969,-0.37,9.83,0.52,2.65,0.91,-3.24,0.11,-0.13,-0.2
88.233029,-0.43,9.78,0.56,2.56,0.88,-3.47,0.11,-0.13,-0.2
88.243826,-0.41,9.78,0.63,2.73,1.02,-3.34,0.11,-0.15,-0.2
88.253397,-0.43,9.79,0.56,2.69,0.79,-3.55,0.11,-0.15,-0.2
88.262803,-0.43,9.78,0.55,2.72,0.58,-3.47,0.11,-0.13,-0.2
88.272178,-0.47,9.76,0.52,2.64,0.44,-3.74,0.11,-0.13,-0.2
88.284527,-0.42,9.77,0.61,2.66,0.29,-3.57,0.11,-0.13,-0.2
88.294771,-0.48,9.79,0.59,2.97,0.35,-3.51,0.1,-0.14,-0.2
88.304128,-0.4,9.79,0.53,2.8,0.12,-3.66,0.1,-0.14,-0.2
88.313159,-0.37,9.8,0.53,2.81,0.35,-3.76,0.11,-0.14,-0.19
88.323373,-0.38,9.8,0.56,2.62,0.46,-3.76,0.11,-0.14,-0.19
88.333237,-0.41,9.79,0.56,2.48,0.56,-3.81,0.11,-0.14,-0.19
88.343494,-0.34,9.69,0.52,2.55,0.31,-3.58,0.1,-0.14,-0.2
88.352935,-0.4,9.79,0.54,2.64,0.38,-3.65,0.1,-0.14,-0.2
88.362374,-0.39,9.81,0.55,2.47,0.25,-3.65,0.11,-0.14,-0.2
88.371735,-0.42,9.83,0.57,2.62,0.51,-3.54,0.11,-0.14,-0.2
88.381037,-0.37,9.79,0.6,2.49,0.39,-3.67,0.11,-0.14,-0.2
88.39035,-0.41,9.8,0.61,2.29,0.54,-3.2,0.11,-0.16,-0.2
88.399442,-0.4,9.78,0.56,2.48,0.61,-3.59,0.11,-0.16,-0.2
88.408809,-0.44,9.76,0.52,2.46,0.58,-3.6,0.11,-0.16,-0.2
88.418276,-0.33,9.77,0.54,2.52,0.44,-3.48,0.11,-0.14,-0.19
88.429337,-0.42,9.76,0.53,2.63,0.69,-3.12,0.11,-0.14,-0.19
88.442793,-0.39,9.78,0.47,2.83,0.75,-3.59,0.11,-0.14,-0.2
88.453323,-0.43,9.78,0.56,2.98,0.83,-3.55,0.11,-0.14,-0.2
88.462747,-0.42,9.76,0.48,2.54,0.7,-3.59,0.1,-0.14,-0.2
88.473052,-0.43,9.76,0.51,2.72,0.85,-3.7,0.1,-0.14,-0.2
88.482199,-0.41,9.78,0.47,2.94,1.06,-3.19,0.1,-0.14,-0.2
88.492453,-0.38,9.81,0.61,3.04,1.08,-3.7,0.11,-0.14,-0.2
88.501904,-0.44,9.8,0.54,2.74,0.93,-3.74,0.11,-0.14,-0.2
88.511322,-0.42,9.82,0.46,2.87,0.93,-3.58,0.11,-0.14,-0.21
88.520703,-0.45,9.77,0.59,2.9,1.13,-3.72,0.11,-0.14,-0.21
88.530293,-0.41,9.78,0.54,2.53,1.13,-3.52,0.11,-0.14,-0.21
88.539757,-0.43,9.78,0.52,2.7,0.97,-3.81,0.11,-0.14,-0.2
88.550019,-0.42,9.91,0.51,2.54,0.79,-3.68,0.11,-0.14,-0.2
88.559652,-0.51,9.8,0.48,2.4,1.03,-3.48,0.11,-0.14,-0.2
88.569875,-0.42,9.78,0.54,2.54,0.84,-3.53,0.11,-0.14,-0.2
88.579298,-0.39,9.76,0.62,2.94,0.94,-3.39,0.11,-0.14,-0.2
88.591274,-0.4,9.79,0.46,2.78,0.52,-3.41,0.1,-0.14,-0.2
88.600711,-0.44,9.77,0.51,2.27,0.41,-3.51,0.1,-0.14,-0.2
88.610009,-0.43,9.78,0.52,2.55,0.49,-3.66,0.11,-0.14,-0.2
88.619744,-0.4,9.76,0.55,2.68,0.34,-3.58,0.11,-0.14,-0.2
88.629744,-0.42,9.79,0.54,2.41,0.41,-3.83,0.11,-0.14,-0.2
88.640361,-0.39,9.78,0.57,2.99,0.84,-3.5,0.11,-0.14,-0.19
88.651097,-0.41,9.79,0.58,3.14,1.38,-3.18,0.11,-0.14,-0.19
88.660656,-0.43,9.8,0.53,3.04,1.54,-3.12,0.11,-0.14,-0.2
88.670289,-0.42,9.78,0.6,2.71,1.3,-3.34,0.11,-0.14,-0.2
88.67968,-0.43,9.65,0.6,2.57,1.31,-3.52,0.11,-0.14,-0.2
88.689154,-0.48,9.77,0.56,2.71,1.3,-3.54,0.11,-0.14,-0.2
88.698802,-0.5,9.79,0.6,3.13,0.6,-3.37,0.11,-0.14,-0.2
88.70822,-0.44,9.8,0.53,2.65,0.49,-3.52,0.1,-0.14,-0.21
88.717777,-0.45,9.82,0.54,2.74,0.26,-3.45,0.1,-0.14,-0.21
88.727235,-0.44,9.78,0.59,2.64,0.18,-3.5,0.1,-0.14,-0.21
88.737245,-0.42,9.74,0.65,2.44,0.09,-3.71,0.11,-0.14,-0.2
88.751002,-0.39,9.77,0.49,2.81,0.25,-3.45,0.11,-0.14,-0.2
88.766546,-0.36,9.8,0.57,2.99,0.4,-3.59,0.11,-0.13,-0.2
88.776973,-0.41,9.92,0.57,2.93,0.23,-3.5,0.11,-0.13,-0.2
88.78635,-0.42,9.76,0.61,2.97,0.6,-3.82,0.11,-0.14,-0.2
88.796755,-0.41,9.77,0.52,3.04,0.52,-3.68,0.11,-0.14,-0.2
88.806477,-0.4,9.85,0.54,2.8,0.46,-3.8,0.11,-0.13,-0.2
88.815611,-0.32,9.83,0.49,2.59,0.69,-3.61,0.11,-0.13,-0.2
88.825777,-0.34,9.8,0.54,2.52,0.69,-3.64,0.11,-0.13,-0.2
88.835234,-0.34,9.8,0.52,2.52,0.74,-3.75,0.11,-0.15,-0.2
88.84469,-0.38,9.81,0.58,2.48,1.25,-3.41,0.11,-0.15,-0.2
88.855403,-0.39,9.76,0.55,2.84,1.44,-3.46,0.11,-0.13,-0.2
88.86521,-0.42,9.77,0.58,2.86,1.78,-3.71,0.11,-0.13,-0.2
88.874656,-0.46,9.75,0.57,2.83,1.37,-3.57,0.11,-0.13,-0.2
88.883992,-0.45,9.77,0.55,3.03,1.05,-3.55,0.1,-0.14,-0.2
88.893067,-0.5,9.78,0.52,2.74,1.12,-3.54,0.1,-0.14,-0.2
88.903356,-0.45,9.78,0.64,2.87,1.19,-3.86,0.1,-0.14,-0.2
88.912711,-0.43,9.76,0.49,2.78,1.29,-3.67,0.1,-0.14,-0.2
88.922094,-0.44,9.75,0.56,3.12,1.04,-3.7,0.1,-0.14,-0.2
88.931511,-0.41,9.65,0.5,2.91,0.88,-3.95,0.11,-0.14,-0.19
88.941974,-0.42,9.81,0.48,2.84,0.67,-3.57,0.11,-0.14,-0.19
88.956107,-0.37,9.8,0.49,3.05,0.46,-3.98,0.1,-0.14,-0.21
88.965454,-0.41,9.8,0.55,2.76,0.6,-3.53,0.1,-0.14,-0.21
88.974996,-0.46,9.81,0.56,3.12,1.0,-3.73,0.1,-0.14,-0.2
88.984511,-0.42,9.94,0.56,2.72,1.31,-3.33,0.1,-0.14,-0.2
88.993934,-0.4,9.76,0.55,2.9,1.63,-3.46,0.1,-0.14,-0.2
89.003355,-0.41,9.83,0.56,2.7,1.4,-3.54,0.11,-0.14,-0.19
89.012889,-0.44,9.8,0.55,2.45,1.56,-3.61,0.11,-0.14,-0.19
89.022368,-0.46,9.95,0.64,2.33,1.37,-3.55,0.11,-0.14,-0.19
89.032528,-0.47,9.8,0.62,2.77,1.5,-3.79,0.11,-0.14,-0.2
89.044716,-0.5,9.81,0.63,2.51,1.45,-3.94,0.11,-0.14,-0.2
89.058291,-0.5,9.8,0.62,2.41,1.06,-4.11,0.11,-0.14,-0.21
89.068117,-0.51,9.79,0.66,2.33,0.93,-3.92,0.11,-0.14,-0.21
89.077515,-0.45,9.79,0.73,2.28,0.69,-3.9,0.11,-0.14,-0.19
89.086861,-0.45,9.75,0.55,2.35,0.92,-3.77,0.11,-0.14,-0.19
89.096291,-0.45,9.76,0.57,2.32,0.7,-3.66,0.11,-0.14,-0.19
89.10651,-0.52,9.78,0.6,2.32,0.86,-3.6,0.1,-0.14,-0.2
89.115706,-0.49,9.8,0.61,2.13,1.29,-3.26,0.1,-0.14,-0.2
89.125929,-0.53,9.8,0.72,2.18,1.38,-3.3,0.1,-0.14,-0.2
89.135371,-0.49,9.79,0.63,2.41,1.78,-3.27,0.1,-0.14,-0.2
89.145114,-0.5,9.81,0.63,2.69,1.44,-3.6,0.1,-0.14,-0.2
89.154489,-0.6,9.76,0.53,2.11,1.31,-3.73,0.1,-0.14,-0.2
89.164369,-0.51,9.77,0.65,2.29,1.09,-3.88,0.1,-0.14,-0.2
89.174202,-0.54,9.78,0.67,2.29,1.47,-4.14,0.11,-0.14,-0.2
89.184449,-0.57,9.76,0.65,2.29,1.57,-4.0,0.11,-0.14,-0.2
89.193897,-0.53,9.79,0.65,2.61,1.46,-4.34,0.11,-0.14,-0.2
89.206054,-0.56,9.67,0.71,2.32,1.28,-4.66,0.11,-0.14,-0.2
89.216357,-0.56,9.81,0.66,2.24,1.5,-4.9,0.11,-0.14,-0.2
89.226307,-0.62,9.78,0.71,2.41,1.59,-4.76,0.11,-0.14,-0.19
89.236527,-0.49,9.75,0.74,2.2,1.55,-4.92,0.11,-0.14,-0.19
89.24835,-0.6,9.74,0.83,2.08,1.94,-4.77,0.12,-0.14,-0.19
89.261502,-0.61,9.76,0.8,2.01,2.55,-4.66,0.12,-0.14,-0.19
89.271159,-0.66,9.71,0.91,2.18,2.86,-4.91,0.11,-0.14,-0.19
89.280524,-0.62,9.75,0.83,2.51,2.98,-4.81,0.11,-0.14,-0.19
89.289912,-0.67,9.76,0.8,2.48,3.28,-4.91,0.11,-0.14,-0.19
89.298971,-0.76,9.77,0.86,2.95,3.43,-4.95,0.11,-0.15,-0.19
89.308791,-0.73,9.77,0.85,3.42,3.57,-4.73,0.11,-0.15,-0.19
89.318202,-0.82,9.75,0.83,3.39,3.39,-4.51,0.11,-0.15,-0.19
89.327746,-0.8,9.73,0.87,3.32,3.64,-4.01,0.11,-0.14,-0.19
89.336869,-0.78,9.75,0.96,3.51,3.5,-4.07,0.11,-0.14,-0.19
89.346232,-0.83,9.74,1.0,3.56,3.79,-3.71,0.11,-0.14,-0.19
89.355723,-0.8,9.67,1.08,3.67,3.57,-3.58,0.11,-0.14,-0.19
89.366279,-0.85,9.65,1.06,4.07,2.95,-3.26,0.11,-0.14,-0.19
89.375723,-0.89,9.68,1.14,4.21,2.56,-2.95,0.11,-0.14,-0.19
89.385087,-0.87,9.72,1.17,4.22,2.24,-2.96,0.11,-0.14,-0.19
89.395211,-0.86,9.74,1.21,4.34,2.13,-2.2,0.11,-0.14,-0.18
89.40455,-0.92,9.61,1.21,3.95,2.12,-1.84,0.11,-0.14,-0.18
89.413845,-1.06,9.71,1.27,3.93,2.21,-1.4,0.11,-0.14,-0.18
89.424115,-1.05,9.62,1.23,2.84,2.31,-1.33,0.11,-0.14,-0.19
89.433666,-1.18,9.61,1.21,3.47,2.69,-0.33,0.11,-0.14,-0.19
89.44301,-1.26,9.55,1.22,5.39,3.12,1.4,0.11,-0.14,-0.19
89.454795,-1.28,9.57,1.3,6.28,3.27,2.41,0.11,-0.14,-0.19
89.466961,-1.4,9.68,1.33,5.48,2.62,2.79,0.11,-0.14,-0.19
89.476519,-1.44,9.52,1.34,4.17,2.37,2.12,0.11,-0.14,-0.19
89.485843,-1.49,9.39,1.44,4.43,0.79,1.53,0.11,-0.14,-0.19
89.495645,-1.43,9.38,1.49,4.57,-1.34,0.7,0.11,-0.15,-0.19
89.505021,-1.46,9.32,1.45,4.3,-3.05,-0.64,0.11,-0.15,-0.19
89.514322,-1.53,9.23,1.41,5.07,-4.77,-1.12,0.11,-0.15,-0.19
89.523761,-1.57,9.12,1.3,5.82,-6.83,-1.37,0.1,-0.14,-0.2
89.532884,-1.53,9.06,1.25,6.05,-8.98,-1.8,0.1,-0.14,-0.2
89.543009,-1.46,9.06,1.23,7.34,-11.16,-1.25,0.11,-0.13,-0.18
89.553369,-1.24,8.97,1.25,8.54,-12.69,-0.28,0.11,-0.13,-0.18
89.562947,-1.12,8.88,1.35,9.52,-14.1,1.1,0.11,-0.13,-0.18
89.573858,-1.05,8.95,1.39,11.04,-15.32,2.96,0.1,-0.14,-0.19
89.583227,-1.06,9.0,1.42,12.09,-15.23,4.86,0.1,-0.14,-0.19
89.593443,-1.08,9.02,1.56,13.3,-14.82,7.44,0.11,-0.14,-0.2
89.60307,-1.28,9.03,1.53,16.21,-12.37,10.08,0.11,-0.14,-0.2
89.615707,-1.39,8.89,1.52,20.35,-10.74,12.38,0.09,-0.13,-0.2
89.625621,-1.46,8.9,1.37,20.98,-10.32,12.64,0.09,-0.13,-0.2
89.636034,-1.28,8.7,1.18,21.06,-10.84,13.2,0.09,-0.13,-0.2
89.646668,-1.27,8.61,1.38,21.17,-10.61,14.09,0.09,-0.14,-0.2
89.658735,-1.4,8.63,1.53,22.86,-8.29,16.69,0.09,-0.14,-0.2
89.672939,-1.5,8.37,2.0,30.29,-5.09,23.11,0.09,-0.13,-0.21
89.683067,-1.32,8.5,1.7,34.16,-7.82,27.13,0.09,-0.13,-0.21
89.692588,-1.18,8.55,1.35,34.12,-6.26,29.38,0.09,-0.14,-0.2
89.702831,-1.11,8.66,1.53,33.75,-6.4,31.65,0.09,-0.14,-0.2
89.713067,-1.0,8.94,1.68,34.36,-5.02,32.86,0.08,-0.13,-0.21
89.722465,-1.1,8.83,1.65,33.28,-4.14,33.89,0.08,-0.13,-0.21
89.73316,-1.29,8.61,1.89,33.94,-2.03,35.28,0.08,-0.13,-0.21
89.742747,-1.42,8.46,1.8,34.61,-2.12,35.85,0.07,-0.13,-0.21
89.75252,-1.65,8.48,2.3,31.57,-5.31,35.5,0.07,-0.13,-0.21
89.762622,-1.75,8.38,1.76,33.51,-8.68,35.76,0.06,-0.13,-0.22
89.773712,-1.61,8.65,1.58,33.76,-11.59,36.64,0.06,-0.13,-0.22
89.783667,-1.72,9.14,1.95,31.92,-12.07,36.48,0.06,-0.13,-0.22
89.793084,-1.66,9.69,1.55,29.85,-10.11,35.77,0.06,-0.14,-0.22
89.802745,-1.62,9.51,1.66,30.45,-8.81,35.52,0.06,-0.14,-0.22
89.812201,-1.73,9.45,1.45,30.73,-7.86,33.95,0.06,-0.13,-0.23
89.821945,-1.75,9.5,1.48,28.33,-6.32,31.26,0.06,-0.13,-0.23
89.831311,-1.83,9.16,1.34,24.37,-8.56,27.77,0.06,-0.13,-0.23
89.840743,-2.01,8.71,1.34,19.28,-9.55,25.4,0.05,-0.13,-0.24
89.85018,-2.3,8.13,1.52,18.19,-11.4,21.51,0.05,-0.13,-0.24
89.859578,-2.15,8.0,1.49,18.44,-15.73,20.27,0.05,-0.13,-0.24
89.86877,-1.82,7.98,1.34,19.56,-19.42,18.83,0.04,-0.13,-0.23
89.879498,-1.41,8.21,1.2,16.69,-22.56,18.32,0.04,-0.13,-0.23
89.888879,-1.3,8.27,1.37,15.32,-24.22,16.81,0.04,-0.13,-0.23
89.898315,-1.06,8.13,1.05,13.25,-26.14,17.06,0.04,-0.13,-0.23
89.908037,-0.96,7.83,1.18,16.35,-23.98,16.57,0.04,-0.13,-0.23
89.918222,-0.96,8.02,0.8,14.69,-23.32,16.05,0.03,-0.13,-0.25
89.927641,-0.86,8.12,0.89,11.4,-23.75,13.3,0.03,-0.13,-0.25
89.937082,-0.63,8.18,0.74,8.06,-23.25,9.65,0.03,-0.13,-0.24
89.946792,-0.86,8.34,0.73,10.55,-19.86,6.38,0.03,-0.13,-0.24
89.957055,-1.15,8.5,0.87,8.39,-16.24,5.45,0.03,-0.13,-0.24
89.966883,-1.24,8.67,1.25,11.54,-12.91,6.05,0.02,-0.13,-0.23
89.979757,-1.49,9.01,0.79,14.37,-9.2,8.25,0.02,-0.13,-0.23
89.990487,-1.79,8.89,1.36,16.88,-6.93,11.06,0.02,-0.14,-0.24
90.001383,-1.99,9.18,1.57,17.82,-6.99,14.73,0.02,-0.14,-0.24
90.011737,-1.97,9.35,1.12,16.89,-10.77,19.04,0.02,-0.14,-0.23
90.021358,-1.87,8.35,0.98,17.81,-12.56,20.84,0.02,-0.14,-0.23
90.03119,-1.44,8.83,0.95,17.38,-13.16,20.66,0.02,-0.14,-0.23
90.040369,-1.51,8.81,1.09,14.82,-13.4,16.93,0.01,-0.13,-0.25
90.052871,-1.38,8.87,0.74,12.55,-11.8,12.04,0.01,-0.13,-0.25
90.06263,-1.38,8.63,0.89,11.58,-11.28,7.64,0.01,-0.13,-0.25
90.073988,-1.46,8.83,0.75,10.32,-9.9,2.32,0.01,-0.13,-0.25
90.083934,-1.64,8.95,0.75,6.61,-7.13,-0.4,0.01,-0.13,-0.24
90.094761,-2.05,9.27,1.23,-0.11,-2.48,-1.74,0.01,-0.13,-0.24
90.104057,-2.3,9.11,1.18,-0.99,-0.83,-2.8,0.01,-0.13,-0.24
90.114068,-2.43,8.97,1.31,-0.04,-1.92,-3.97,0.01,-0.13,-0.24
90.123885,-2.55,9.12,1.24,1.23,-3.67,-2.32,0.01,-0.13,-0.24
90.134436,-2.37,9.19,1.14,1.83,-7.3,-5.14,0.01,-0.13,-0.23
90.144972,-1.97,9.66,1.12,-3.7,-5.57,-10.48,0.01,-0.13,-0.23
90.154414,-2.02,9.75,1.29,-10.28,-6.63,-10.95,0.01,-0.13,-0.23
90.163738,-1.99,9.72,1.07,-14.51,-5.66,-10.31,0.01,-0.13,-0.22
90.173138,-2.02,9.46,1.15,-18.37,-7.52,-8.04,0.01,-0.13,-0.22
90.185205,-2.09,8.62,1.18,-16.07,-10.05,-3.72,0.01,-0.14,-0.23
90.194724,-1.88,8.78,1.07,-18.26,-11.6,-4.69,0.01,-0.14,-0.23
90.204015,-1.95,7.94,1.2,-12.29,-10.0,-7.27,0.01,-0.14,-0.22
90.214303,-1.88,9.97,0.92,-13.03,-6.48,-6.6,0.01,-0.14,-0.22
90.224443,-2.09,9.37,1.05,-23.24,-1.83,-10.51,0.01,-0.14,-0.22
90.234021,-1.47,8.58,0.81,-24.45,-3.54,-13.69,0.01,-0.13,-0.22
90.243572,-2.04,8.79,0.95,-23.24,2.26,-16.8,0.01,-0.13,-0.22
90.253,-2.35,8.86,1.22,-18.21,5.21,-18.59,0.01,-0.13,-0.22
90.262422,-2.37,9.29,1.42,-21.99,7.61,-21.84,0.02,-0.14,-0.22
90.271925,-2.61,9.72,1.48,-22.61,7.93,-21.85,0.02,-0.14,-0.22
90.284825,-2.83,9.39,1.66,-21.97,4.37,-20.26,0.01,-0.14,-0.21
90.294888,-2.39,9.7,1.41,-25.17,4.16,-24.4,0.01,-0.14,-0.21
90.304341,-2.48,9.6,0.73,-33.52,0.03,-27.51,0.01,-0.14,-0.22
90.313741,-2.83,9.74,2.13,-39.46,0.45,-30.42,0.01,-0.14,-0.22
90.323218,-2.74,9.76,1.35,-38.19,-1.22,-31.2,0.01,-0.14,-0.22
90.332337,-2.45,10.49,1.53,-29.73,-1.29,-29.43,0.03,-0.16,-0.19
90.341439,-2.49,10.0,1.09,-25.73,-1.12,-25.78,0.03,-0.16,-0.19
90.35712,-2.35,9.93,1.15,-28.07,0.28,-28.43,0.03,-0.16,-0.18
90.366278,-2.28,10.23,1.14,-35.6,-0.87,-30.79,0.03,-0.16,-0.18
90.377479,-1.75,10.2,-0.8,-34.37,-6.2,-36.17,0.03,-0.15,-0.17
90.388573,-2.06,10.09,1.31,-39.28,0.02,-35.49,0.03,-0.15,-0.17
90.397876,-1.95,9.74,0.78,-29.55,-0.6,-33.08,0.03,-0.15,-0.17
90.407632,-2.13,9.78,0.79,-30.56,1.72,-35.3,0.04,-0.15,-0.17
90.416638,-2.32,9.82,1.28,-28.54,1.46,-36.2,0.04,-0.15,-0.17
90.426469,-1.99,9.69,0.92,-27.33,0.53,-37.86,0.05,-0.14,-0.16
90.435662,-1.82,9.76,1.14,-25.88,0.63,-39.73,0.05,-0.14,-0.16
90.445563,-1.74,10.07,0.83,-24.33,2.52,-39.67,0.05,-0.14,-0.16
90.454988,-1.68,10.13,0.56,-25.2,4.66,-39.81,0.04,-0.14,-0.15
90.464536,-2.56,11.93,1.62,-25.71,3.41,-36.6,0.04,-0.14,-0.15
90.4737,-2.21,12.77,0.73,-12.28,-0.81,-29.8,0.04,-0.14,-0.15
90.483199,-2.37,11.53,1.1,-15.23,-1.2,-32.04,0.04,-0.13,-0.15
90.493331,-2.32,11.67,1.18,-15.71,-2.9,-32.85,0.04,-0.13,-0.15
90.503333,-2.05,11.33,0.95,-15.36,-4.22,-32.51,0.05,-0.13,-0.14
90.512737,-1.07,10.18,0.44,-19.77,-3.86,-39.3,0.05,-0.13,-0.14
90.521929,-1.77,11.04,0.51,-19.61,-3.71,-37.74,0.05,-0.13,-0.14
90.531018,-1.52,11.05,0.46,-20.11,-3.2,-37.99,0.06,-0.12,-0.14
90.540095,-1.18,11.02,0.22,-19.76,-2.63,-37.71,0.06,-0.12,-0.14
90.549196,-1.11,11.02,0.05,-20.98,-1.58,-39.27,0.06,-0.12,-0.13
90.558655,-1.0,10.83,0.08,-21.73,-0.78,-40.11,0.06,-0.12,-0.13
90.568051,-0.97,10.97,0.14,-23.23,-0.1,-40.15,0.06,-0.12,-0.13
90.578515,-1.02,10.91,0.02,-25.79,0.5,-40.73,0.06,-0.11,-0.13
90.592061,-0.88,10.72,-0.01,-27.82,-0.04,-40.99,0.06,-0.11,-0.13
90.602211,-0.9,10.6,0.12,-28.33,-0.94,-41.36,0.07,-0.13,-0.12
90.611674,-0.9,10.7,0.16,-27.52,-2.01,-41.97,0.07,-0.13,-0.12
90.621149,-0.67,10.66,0.28,-27.71,-3.17,-43.55,0.07,-0.13,-0.12
90.630605,-0.46,10.67,0.18,-26.62,-3.97,-44.61,0.08,-0.1,-0.12
90.640141,-0.05,11.14,0.05,-24.93,-1.56,-42.65,0.08,-0.1,-0.12
90.652142,-0.16,11.21,0.12,-25.84,4.59,-39.57,0.08,-0.1,-0.11
90.661497,-0.47,11.19,0.02,-26.45,7.96,-37.79,0.08,-0.1,-0.11
90.671247,-0.85,10.58,-0.54,-27.19,3.99,-37.9,0.08,-0.1,-0.11
90.68071,-0.87,10.6,-0.25,-29.04,7.76,-37.59,0.09,-0.1,-0.11
90.69023,-0.58,10.47,-0.32,-28.1,6.62,-37.21,0.09,-0.1,-0.11
90.700927,-0.31,10.18,-0.71,-25.8,2.26,-36.08,0.09,-0.1,-0.11
90.710476,0.08,10.01,-0.69,-24.84,4.26,-36.43,0.09,-0.1,-0.11
90.719931,0.47,9.85,-0.76,-24.55,4.89,-36.65,0.09,-0.1,-0.11
90.729271,0.76,9.98,-1.05,-24.32,6.6,-36.98,0.1,-0.09,-0.09
90.74204,0.89,10.21,-1.2,-24.38,7.86,-35.93,0.1,-0.09,-0.09
90.75237,0.96,10.2,-1.23,-23.69,10.14,-33.74,0.1,-0.1,-0.09
90.76263,1.09,10.6,-1.37,-23.14,10.82,-32.26,0.1,-0.1,-0.09
90.772499,1.01,10.86,-1.47,-23.69,12.5,-30.21,0.11,-0.1,-0.09
90.783036,0.95,10.86,-1.61,-23.44,14.4,-27.61,0.11,-0.1,-0.09
90.792536,0.87,10.96,-1.6,-21.59,15.86,-26.02,0.11,-0.1,-0.09
90.803848,0.69,11.28,-1.73,-21.07,17.51,-25.0,0.11,-0.09,-0.08
90.813395,0.61,11.26,-1.63,-21.08,19.04,-23.98,0.11,-0.09,-0.08
90.82287,0.54,11.03,-1.67,-21.11,22.02,-21.9,0.12,-0.09,-0.08
90.832311,0.19,10.9,-1.63,-20.74,23.52,-21.17,0.12,-0.09,-0.08
90.84458,-0.03,10.49,-1.68,-22.73,20.37,-19.84,0.12,-0.09,-0.07
90.854114,-0.11,10.1,-1.49,-20.16,18.17,-18.8,0.12,-0.09,-0.07
90.863586,-0.07,9.78,-1.41,-15.65,15.45,-17.32,0.12,-0.09,-0.07
90.873073,-0.1,9.85,-1.4,-8.58,11.04,-17.82,0.12,-0.1,-0.06
90.883313,0.31,10.82,-1.67,-11.98,6.94,-18.85,0.12,-0.1,-0.06
90.892731,0.4,10.8,-1.59,-14.02,5.46,-18.84,0.12,-0.08,-0.06
90.903933,0.32,10.89,-1.73,-15.06,3.32,-19.27,0.12,-0.08,-0.06
90.913473,0.3,10.78,-1.76,-16.93,2.5,-19.18,0.12,-0.08,-0.06
90.922937,0.25,10.63,-1.69,-18.44,1.36,-18.86,0.12,-0.08,-0.05
90.932407,0.26,10.3,-1.77,-20.28,-0.96,-18.88,0.12,-0.08,-0.05
90.941848,0.28,10.06,-1.8,-18.05,-1.61,-18.06,0.12,-0.09,-0.06
90.951199,0.46,9.84,-1.9,-14.39,-1.63,-16.69,0.12,-0.09,-0.06
90.960648,0.58,9.88,-1.76,-15.43,-3.54,-16.29,0.12,-0.09,-0.06
90.970031,0.68,9.74,-1.8,-13.92,-3.95,-15.55,0.13,-0.09,-0.06
90.979394,0.72,9.78,-1.73,-12.83,-4.91,-15.33,0.13,-0.09,-0.06
90.988808,0.86,9.9,-1.78,-10.99,-6.44,-15.44,0.13,-0.09,-0.06
91.002806,1.1,9.85,-1.96,-7.57,-5.53,-15.09,0.12,-0.09,-0.05
91.0143,1.21,9.95,-1.94,-5.91,-4.83,-14.28,0.12,-0.09,-0.05
91.023808,1.24,9.9,-2.07,-5.43,-4.25,-13.95,0.13,-0.08,-0.04
91.033211,1.23,9.83,-2.07,-5.28,-3.32,-13.4,0.13,-0.08,-0.04
91.043468,1.24,9.76,-2.08,-4.15,-2.16,-12.25,0.13,-0.08,-0.05
91.054007,1.2,9.64,-2.15,-3.07,-0.22,-11.61,0.13,-0.08,-0.05
91.064213,1.14,9.57,-2.25,-2.0,1.03,-11.15,0.13,-0.08,-0.05
91.074555,1.03,9.58,-2.08,-0.7,2.41,-11.02,0.14,-0.08,-0.06
91.084727,0.94,9.53,-2.22,-0.15,3.82,-10.29,0.14,-0.08,-0.06
91.097782,0.9,9.58,-2.17,0.37,4.78,-9.07,0.13,-0.08,-0.06
91.107851,0.89,9.68,-2.04,0.86,4.2,-7.61,0.13,-0.08,-0.06
91.11703,0.75,9.89,-2.01,-0.17,3.81,-6.68,0.12,-0.08,-0.05
91.12724,0.76,9.84,-2.1,-0.07,3.22,-6.48,0.12,-0.08,-0.05
91.136656,0.87,9.86,-2.23,0.85,2.6,-6.53,0.12,-0.08,-0.05
91.146109,0.93,9.72,-2.17,1.44,1.6,-7.01,0.13,-0.09,-0.05
91.155574,1.02,9.61,-2.2,1.12,0.9,-7.04,0.13,-0.09,-0.05
91.165091,1.01,9.41,-2.15,1.57,0.56,-6.39,0.13,-0.09,-0.05
91.175275,1.1,9.45,-2.11,2.98,0.38,-5.45,0.13,-0.09,-0.05
91.185348,1.04,9.55,-1.98,3.97,0.45,-4.71,0.13,-0.09,-0.05
91.197088,1.01,9.67,-2.16,4.36,0.63,-4.03,0.13,-0.09,-0.06
91.210427,0.99,9.76,-1.94,4.34,0.89,-4.1,0.13,-0.09,-0.06
91.220167,1.03,9.7,-1.75,3.88,0.96,-4.06,0.14,-0.08,-0.05
91.230983,0.93,9.91,-1.81,3.94,1.33,-3.61,0.14,-0.08,-0.05
91.240431,1.16,9.85,-1.73,2.63,1.06,-4.09,0.14,-0.08,-0.06
91.24993,1.01,9.85,-1.84,2.56,2.28,-4.81,0.14,-0.08,-0.06
91.259377,0.99,9.63,-1.94,3.02,2.35,-5.32,0.14,-0.08,-0.06
91.269789,1.03,9.55,-1.96,3.12,1.84,-5.16,0.12,-0.08,-0.06
91.27929,0.97,9.57,-2.03,4.63,2.17,-5.55,0.12,-0.08,-0.06
91.288662,0.92,9.45,-1.97,5.33,2.77,-5.57,0.14,-0.08,-0.04
91.300432,0.97,9.56,-1.95,6.64,3.27,-5.24,0.14,-0.08,-0.04
91.310606,0.93,9.71,-1.91,6.7,3.33,-4.91,0.13,-0.08,-0.05
91.320311,1.02,9.79,-1.9,6.23,2.87,-4.57,0.13,-0.08,-0.05
91.32931,1.04,9.85,-1.9,6.13,2.2,-4.41,0.13,-0.08,-0.05
91.339521,1.04,9.92,-1.87,5.57,1.54,-4.27,0.13,-0.08,-0.03
91.350384,1.05,9.89,-1.97,5.15,0.76,-4.2,0.13,-0.08,-0.03
91.360733,1.16,9.82,-1.94,4.77,0.69,-3.26,0.14,-0.08,-0.05
91.371135,1.14,9.78,-1.98,4.92,0.32,-2.66,0.14,-0.08,-0.05
91.380526,1.19,9.66,-1.92,4.97,0.64,-1.83,0.14,-0.08,-0.05
91.38981,1.0,9.74,-1.79,4.65,1.21,-1.55,0.13,-0.08,-0.06
91.40225,0.9,9.8,-1.64,4.41,2.12,-1.29,0.13,-0.08,-0.06
91.414449,0.64,9.73,-1.75,4.96,2.35,-1.11,0.14,-0.09,-0.04
91.424823,0.71,9.69,-1.63,5.28,2.32,-1.7,0.14,-0.09,-0.04
91.434376,0.74,9.69,-1.61,5.36,2.77,-2.59,0.13,-0.09,-0.05
91.443901,0.72,9.69,-1.6,5.01,2.5,-3.06,0.13,-0.09,-0.05
91.454047,0.74,9.74,-1.68,4.71,2.61,-3.54,0.13,-0.09,-0.05
91.464223,0.74,9.67,-1.61,4.3,2.23,-3.58,0.13,-0.08,-0.06
91.474984,0.71,9.72,-1.65,3.99,1.6,-3.72,0.13,-0.08,-0.06
91.484519,0.78,9.77,-1.72,3.28,1.47,-3.61,0.13,-0.07,-0.06
91.493998,0.71,9.78,-1.66,2.62,1.22,-3.23,0.13,-0.07,-0.06
91.503566,0.7,9.74,-1.79,2.17,1.11,-3.05,0.13,-0.07,-0.06
91.516769,0.83,9.8,-1.77,1.95,1.38,-2.88,0.13,-0.07,-0.06
91.527159,0.89,9.81,-1.77,1.6,1.3,-3.03,0.13,-0.07,-0.06
91.536768,0.92,9.78,-1.81,1.46,1.1,-3.5,0.13,-0.09,-0.07
91.546929,0.93,9.72,-1.78,1.8,1.11,-3.74,0.13,-0.09,-0.07
91.557162,0.95,9.69,-1.92,1.86,1.33,-3.67,0.13,-0.08,-0.06
91.566454,1.04,9.7,-1.82,1.88,1.58,-3.3,0.13,-0.08,-0.06
91.576431,1.09,9.67,-1.79,1.95,1.6,-3.25,0.13,-0.08,-0.06
91.586448,1.0,9.71,-1.84,2.28,1.98,-2.77,0.14,-0.08,-0.05
91.596197,0.96,9.7,-1.85,2.11,1.9,-3.14,0.14,-0.08,-0.05
91.607852,0.96,9.77,-1.91,2.28,1.93,-2.53,0.13,-0.08,-0.04
91.618424,0.86,9.71,-1.82,2.4,1.46,-2.11,0.13,-0.08,-0.04
91.628339,0.93,9.72,-1.86,2.44,1.4,-1.6,0.13,-0.08,-0.04
91.63817,0.95,9.73,-1.72,2.68,1.29,-0.89,0.14,-0.08,-0.06
91.647539,0.87,9.71,-1.75,2.77,1.29,-1.01,0.14,-0.08,-0.06
91.656767,0.89,9.75,-1.79,2.44,1.65,-0.97,0.13,-0.08,-0.05
91.666301,0.86,9.73,-1.7,2.36,1.53,-1.01,0.13,-0.08,-0.05
91.676106,0.86,9.72,-1.76,2.78,1.71,-1.59,0.13,-0.08,-0.05
91.686442,0.87,9.62,-1.93,2.86,1.73,-2.07,0.13,-0.09,-0.05
91.696064,0.8,9.6,-1.94,3.42,1.46,-2.09,0.13,-0.09,-0.05
91.707638,0.87,9.64,-1.92,3.32,1.93,-2.11,0.13,-0.09,-0.05
91.720193,0.76,9.78,-2.04,3.8,2.05,-1.72,0.13,-0.09,-0.05
91.730951,0.74,9.65,-1.96,3.78,2.28,-1.86,0.13,-0.08,-0.06
91.741169,0.76,9.74,-1.93,3.95,2.02,-1.62,0.13,-0.08,-0.06
91.750226,0.76,9.78,-1.83,3.56,1.82,-1.5,0.13,-0.08,-0.06
91.759369,0.7,9.78,-1.9,3.86,1.24,-1.6,0.13,-0.09,-0.04
91.768437,0.78,9.77,-1.97,4.08,0.94,-2.01,0.13,-0.09,-0.04
91.777566,0.77,9.78,-1.76,3.92,0.91,-2.21,0.13,-0.08,-0.06
91.786709,0.74,9.78,-1.74,3.85,0.86,-2.22,0.14,-0.08,-0.06
91.79596,0.78,9.75,-1.75,3.71,0.63,-2.4,0.14,-0.08,-0.06
91.806498,0.81,9.7,-1.73,3.58,0.84,-2.36,0.14,-0.1,-0.05
91.815584,0.77,9.65,-1.8,3.82,0.82,-2.58,0.14,-0.1,-0.05
91.826534,0.78,9.58,-1.82,3.91,0.94,-2.88,0.14,-0.08,-0.06
91.835833,0.77,9.62,-1.87,3.81,0.94,-2.87,0.13,-0.08,-0.06
91.844865,0.77,9.67,-1.77,3.48,1.1,-2.55,0.13,-0.08,-0.06
91.853952,0.87,9.68,-1.81,4.14,1.21,-2.47,0.13,-0.08,-0.06
91.862991,0.7,9.66,-1.93,4.01,1.13,-2.24,0.13,-0.08,-0.06
91.872461,0.76,9.73,-1.71,4.35,1.18,-2.11,0.13,-0.08,-0.06
91.882309,0.77,9.76,-1.76,3.93,1.06,-2.35,0.13,-0.08,-0.05
91.892454,0.79,9.74,-1.75,3.59,1.0,-2.49,0.13,-0.08,-0.05
91.901689,0.82,9.7,-1.8,3.67,1.14,-2.43,0.13,-0.09,-0.05
91.91228,0.87,9.72,-1.79,3.47,1.36,-2.62,0.13,-0.09,-0.05
91.925721,0.84,9.72,-1.69,3.55,1.63,-2.68,0.13,-0.08,-0.05
91.93541,0.68,9.73,-1.76,3.79,1.48,-2.81,0.13,-0.08,-0.05
91.944888,0.69,9.75,-1.84,3.65,1.18,-2.79,0.13,-0.08,-0.05
91.955106,0.69,9.74,-1.7,3.86,0.97,-2.68,0.13,-0.08,-0.04
91.964466,0.68,9.7,-1.7,3.72,0.4,-2.86,0.13,-0.08,-0.04
91.974309,0.75,9.78,-1.7,3.86,-0.01,-2.8,0.13,-0.09,-0.06
91.983565,0.74,9.79,-1.74,3.36,-0.21,-2.66,0.13,-0.09,-0.06
91.99258,0.74,9.73,-1.74,3.05,-0.6,-2.58,0.13,-0.09,-0.06
92.002365,0.8,9.69,-1.7,3.04,-0.67,-2.82,0.13,-0.08,-0.06
92.011644,0.87,9.67,-1.71,3.18,-0.35,-2.87,0.13,-0.08,-0.06
92.021205,0.9,9.73,-1.83,3.37,-0.18,-3.0,0.13,-0.08,-0.06
92.031178,0.85,9.75,-1.79,3.27,0.04,-2.38,0.13,-0.08,-0.06
92.04028,0.88,9.77,-1.73,3.34,0.11,-2.48,0.13,-0.08,-0.06
92.049314,0.85,9.76,-1.82,3.55,0.47,-2.47,0.13,-0.08,-0.05
92.058296,0.84,9.75,-1.78,3.54,0.58,-2.36,0.13,-0.08,-0.05
92.067939,0.78,9.72,-1.94,3.77,0.49,-2.17,0.13,-0.08,-0.05
92.078615,0.8,9.77,-1.89,3.9,0.81,-2.07,0.13,-0.08,-0.06
92.088213,0.79,9.79,-1.79,3.21,1.21,-1.56,0.13,-0.08,-0.06
92.097601,0.71,9.78,-1.78,3.25,1.61,-1.53,0.13,-0.08,-0.04
92.106687,0.69,9.78,-1.69,2.9,1.58,-1.6,0.13,-0.08,-0.04
92.116024,0.74,9.73,-1.75,2.65,1.01,-2.07,0.13,-0.08,-0.04
92.128916,0.67,9.69,-1.73,2.89,0.54,-2.46,0.13,-0.09,-0.05
92.139013,0.72,9.66,-1.77,2.88,0.34,-2.69,0.13,-0.09,-0.05
92.148757,0.79,9.67,-1.74,2.95,0.51,-2.79,0.13,-0.09,-0.06
92.158127,0.63,9.69,-1.76,2.96,0.57,-2.64,0.13,-0.09,-0.06
92.167267,0.79,9.72,-1.76,3.16,0.81,-2.35,0.13,-0.09,-0.06
92.180283,0.79,9.72,-1.73,3.6,1.34,-2.88,0.12,-0.08,-0.06
92.190662,0.69,9.71,-1.75,3.51,1.2,-3.18,0.12,-0.08,-0.06
92.199725,0.64,9.72,-1.85,3.26,1.7,-3.06,0.13,-0.1,-0.05
92.209239,0.69,9.73,-1.82,3.16,1.94,-3.65,0.13,-0.1,-0.05
92.219465,0.64,9.7,-1.73,3.25,1.85,-3.71,0.13,-0.1,-0.05
92.232603,0.7,9.75,-1.78,3.12,1.98,-3.61,0.13,-0.09,-0.05
92.241899,0.64,9.77,-1.75,3.2,1.7,-3.53,0.13,-0.09,-0.05
92.251587,0.65,9.76,-1.76,2.96,1.69,-3.47,0.12,-0.09,-0.05
92.261216,0.66,9.76,-1.72,3.05,1.53,-3.62,0.12,-0.09,-0.05
92.27113,0.76,9.78,-1.69,2.5,1.09,-3.54,0.13,-0.09,-0.05
92.280496,0.7,9.75,-1.71,2.64,1.02,-3.36,0.13,-0.09,-0.05
92.290477,0.68,9.73,-1.75,2.32,0.88,-3.57,0.13,-0.09,-0.05
92.299561,0.69,9.75,-1.69,2.48,0.95,-3.67,0.12,-0.09,-0.05
92.308639,0.72,9.74,-1.7,2.16,0.84,-3.49,0.12,-0.09,-0.05
92.317916,0.73,9.72,-1.56,2.19,1.05,-3.38,0.12,-0.09,-0.05
92.327016,0.79,9.71,-1.72,2.47,0.67,-3.19,0.13,-0.08,-0.06
92.337521,0.77,9.7,-1.77,2.72,0.67,-3.51,0.13,-0.08,-0.06
92.347062,0.74,9.69,-1.87,2.62,0.95,-3.57,0.14,-0.09,-0.05
92.356481,0.77,9.75,-1.77,3.3,0.53,-3.42,0.14,-0.09,-0.05
92.365604,0.77,9.77,-1.7,3.51,0.46,-3.39,0.14,-0.09,-0.05
92.374866,0.71,9.77,-1.75,3.35,0.59,-3.24,0.13,-0.08,-0.05
92.383899,0.79,9.75,-1.69,3.08,0.8,-3.33,0.13,-0.08,-0.05
92.393134,0.7,9.72,-1.86,2.8,0.86,-3.73,0.13,-0.08,-0.04
92.403321,0.71,9.69,-1.83,2.84,0.39,-3.8,0.13,-0.08,-0.04
92.413541,0.72,9.7,-1.82,2.83,0.48,-3.75,0.13,-0.08,-0.04
92.42415,0.75,9.69,-1.71,3.14,0.59,-3.15,0.13,-0.08,-0.05
92.436926,0.67,9.76,-1.76,3.05,0.39,-3.2,0.13,-0.08,-0.05
92.447363,0.75,9.73,-1.7,2.7,-0.01,-3.39,0.13,-0.08,-0.05
92.456338,0.72,9.76,-1.72,3.03,-0.11,-3.33,0.13,-0.08,-0.05
92.465794,0.77,9.78,-1.85,3.11,-0.35,-3.46,0.13,-0.08,-0.05
92.476062,0.76,9.77,-1.78,2.97,-0.23,-3.54,0.13,-0.08,-0.05
92.486055,0.81,9.74,-1.83,3.15,0.11,-3.18,0.13,-0.08,-0.05
92.495574,0.82,9.7,-1.79,3.33,0.18,-3.05,0.13,-0.09,-0.06
92.505555,0.8,9.72,-1.8,3.78,0.78,-3.1,0.13,-0.09,-0.06
92.515021,0.81,9.72,-1.81,3.89,1.05,-2.9,0.12,-0.08,-0.05
92.524173,0.82,9.79,-1.75,3.89,1.37,-3.19,0.12,-0.08,-0.05
92.533218,0.87,9.81,-1.71,3.86,1.68,-3.11,0.12,-0.08,-0.05
92.543027,0.72,9.84,-1.63,3.39,2.28,-2.87,0.13,-0.08,-0.05
92.553436,0.71,9.73,-1.62,3.27,2.48,-3.37,0.13,-0.08,-0.05
92.562873,0.72,9.67,-1.67,3.33,2.17,-3.64,0.13,-0.08,-0.05
92.571999,0.78,9.71,-1.67,3.27,1.93,-3.81,0.12,-0.09,-0.06
92.581015,0.71,9.7,-1.76,2.9,1.72,-3.66,0.12,-0.09,-0.06
92.589992,0.7,9.67,-1.79,2.97,1.86,-3.68,0.13,-0.08,-0.05
92.599364,0.68,9.7,-1.76,3.27,1.54,-3.45,0.13,-0.08,-0.05
92.609603,0.71,9.71,-1.6,3.06,1.66,-3.28,0.13,-0.08,-0.05
92.619217,0.68,9.77,-1.75,3.07,1.18,-3.37,0.13,-0.09,-0.05
92.629601,0.67,9.79,-1.82,2.91,1.13,-3.6,0.13,-0.09,-0.05
92.641144,0.68,9.83,-1.64,2.87,0.76,-3.43,0.13,-0.08,-0.06
92.650294,0.65,9.81,-1.72,2.48,0.71,-3.2,0.13,-0.08,-0.06
92.659618,0.66,9.79,-1.63,2.24,0.95,-3.15,0.13,-0.08,-0.06
92.670255,0.69,9.75,-1.81,2.38,0.89,-3.5,0.13,-0.08,-0.06
92.679558,0.81,9.74,-1.63,2.46,0.72,-3.47,0.13,-0.08,-0.06
92.68894,0.79,9.72,-1.72,2.38,0.46,-3.52,0.12,-0.08,-0.05
92.698463,0.78,9.74,-1.66,2.42,0.16,-3.2,0.12,-0.08,-0.05
92.707555,0.75,9.73,-1.72,2.86,0.2,-3.42,0.12,-0.08,-0.05
92.716576,0.76,9.74,-1.69,2.77,0.32,-3.3,0.13,-0.09,-0.05
92.726273,0.76,9.73,-1.76,3.04,0.35,-3.22,0.13,-0.09,-0.05
92.735574,0.78,9.69,-1.79,3.0,0.3,-3.33,0.13,-0.09,-0.05
92.746068,0.75,9.71,-1.69,3.05,0.65,-3.23,0.13,-0.09,-0.04
92.75558,0.74,9.74,-1.87,3.05,0.3,-2.84,0.13,-0.09,-0.04
92.765035,0.74,9.72,-1.8,2.77,0.46,-2.87,0.12,-0.09,-0.06
92.774073,0.77,9.73,-1.73,3.12,0.63,-3.16,0.12,-0.09,-0.06
92.783215,0.73,9.78,-1.77,2.62,0.63,-3.05,0.12,-0.09,-0.06
92.792457,0.73,9.78,-1.85,2.41,0.57,-2.83,0.13,-0.09,-0.06
92.801972,0.66,9.8,-1.67,2.29,0.4,-2.62,0.13,-0.09,-0.06
92.81218,0.73,9.79,-1.82,1.99,0.36,-2.51,0.13,-0.08,-0.05
92.821612,0.75,9.94,-1.62,1.86,0.47,-2.28,0.13,-0.08,-0.05
92.831781,0.74,9.8,-1.71,1.35,0.39,-2.4,0.13,-0.08,-0.05
92.845517,0.75,9.7,-1.7,1.36,0.7,-2.55,0.13,-0.08,-0.06
92.854684,0.7,9.66,-1.65,1.48,0.79,-2.9,0.13,-0.08,-0.06
92.863624,0.72,9.64,-1.59,1.78,1.36,-3.12,0.13,-0.08,-0.05
92.872711,0.71,9.69,-1.63,2.43,1.37,-3.32,0.13,-0.08,-0.05
92.88234,0.75,9.75,-1.63,2.12,1.45,-3.4,0.13,-0.08,-0.05
92.894568,0.7,9.75,-1.75,2.12,1.63,-3.55,0.13,-0.08,-0.06
92.903528,0.65,9.74,-1.75,1.77,1.62,-3.44,0.13,-0.08,-0.06
92.912771,0.68,9.72,-1.74,1.68,1.63,-3.57,0.13,-0.08,-0.06
92.92218,0.71,9.68,-1.71,2.01,1.8,-3.48,0.13,-0.08,-0.06
92.931336,0.67,9.69,-1.76,2.13,1.31,-3.51,0.13,-0.08,-0.06
92.940669,0.74,9.66,-1.82,2.33,1.1,-3.66,0.13,-0.08,-0.05
92.950728,0.71,9.68,-1.79,2.7,0.98,-3.2,0.13,-0.08,-0.05
92.960153,0.72,9.74,-1.88,2.58,1.13,-3.12,0.13,-0.08,-0.06
92.969314,0.74,9.75,-1.77,3.04,1.23,-2.9,0.13,-0.08,-0.06
92.979595,0.62,9.76,-1.71,2.84,1.17,-3.18,0.13,-0.08,-0.06
92.988769,0.66,9.75,-1.82,2.7,0.67,-3.38,0.13,-0.08,-0.05
92.99793,0.67,9.77,-1.75,2.48,0.64,-3.06,0.13,-0.08,-0.05
93.007274,0.71,9.74,-1.72,2.63,0.21,-3.24,0.13,-0.08,-0.06
93.016391,0.72,9.7,-1.72,2.53,0.23,-2.95,0.13,-0.08,-0.06
93.026571,0.71,9.73,-1.71,2.56,0.17,-3.12,0.13,-0.08,-0.06
93.038816,0.73,9.77,-1.77,2.69,0.38,-3.25,0.12,-0.08,-0.06
93.050811,0.67,9.76,-1.83,2.41,0.31,-2.97,0.12,-0.08,-0.06
93.059974,0.67,9.72,-1.73,2.68,0.49,-3.22,0.13,-0.09,-0.06
93.069977,0.66,9.69,-1.77,3.07,0.56,-3.19,0.13,-0.09,-0.06
93.08024,0.67,9.68,-1.84,2.69,0.59,-3.31,0.13,-0.08,-0.06
93.089548,0.66,9.69,-1.96,3.3,0.64,-3.33,0.12,-0.08,-0.06
93.098929,0.72,9.68,-1.89,3.45,0.71,-3.61,0.12,-0.08,-0.06
93.112032,0.73,9.69,-1.83,3.14,0.47,-3.73,0.13,-0.08,-0.05
93.121312,0.66,9.7,-1.83,3.6,0.25,-3.43,0.13,-0.08,-0.05
93.130585,0.69,9.71,-1.79,3.59,0.28,-3.6,0.12,-0.08,-0.05
93.141135,0.69,9.76,-1.82,3.43,0.31,-3.57,0.12,-0.08,-0.05
93.154333,0.71,9.77,-1.86,3.07,0.23,-3.74,0.13,-0.08,-0.06
93.163787,0.7,9.73,-1.8,2.89,0.24,-3.54,0.13,-0.08,-0.06
93.173737,0.7,9.72,-1.81,2.93,0.16,-3.75,0.13,-0.08,-0.06
93.183128,0.74,9.7,-1.74,3.05,0.3,-3.85,0.12,-0.07,-0.05
93.192304,0.74,9.68,-1.71,3.01,0.38,-3.72,0.12,-0.07,-0.05
93.201573,0.78,9.69,-1.76,2.84,0.39,-3.37,0.12,-0.07,-0.05
93.212789,0.74,9.75,-1.7,2.63,0.6,-3.37,0.13,-0.07,-0.06
93.221949,0.73,9.76,-1.71,2.9,0.52,-3.01,0.13,-0.07,-0.06
93.231123,0.69,9.78,-1.69,2.51,0.73,-3.32,0.13,-0.08,-0.05
93.240274,0.72,9.75,-1.74,2.8,0.66,-3.15,0.13,-0.08,-0.05
93.249365,0.64,9.77,-1.7,2.97,0.8,-3.54,0.13,-0.08,-0.05
93.259213,0.67,9.77,-1.72,2.68,0.78,-3.16,0.13,-0.08,-0.06
93.268644,0.7,9.78,-1.76,2.67,0.89,-3.33,0.13,-0.08,-0.06
93.278474,0.67,9.79,-1.72,2.72,1.0,-3.43,0.13,-0.07,-0.05
93.287519,0.75,9.75,-1.62,2.73,1.01,-3.24,0.13,-0.07,-0.05
93.296706,0.68,9.74,-1.73,2.79,0.95,-3.07,0.13,-0.07,-0.05
93.305773,0.68,9.73,-1.77,2.8,1.01,-3.2,0.12,-0.09,-0.06
93.314989,0.73,9.74,-1.74,2.6,0.67,-3.01,0.12,-0.09,-0.06
93.324022,0.68,9.73,-1.76,2.93,0.9,-2.76,0.12,-0.09,-0.06
93.333007,0.65,9.75,-1.76,3.08,0.59,-2.85,0.13,-0.09,-0.05
93.342485,0.69,9.74,-1.58,3.01,1.16,-2.89,0.13,-0.09,-0.05
93.351489,0.66,9.76,-1.66,2.97,0.92,-3.03,0.13,-0.08,-0.06
93.361137,0.65,9.76,-1.84,2.9,0.91,-3.18,0.13,-0.08,-0.06
93.370204,0.62,9.71,-1.73,2.94,0.81,-3.29,0.13,-0.08,-0.06
93.379353,0.69,9.76,-1.73,2.79,0.78,-3.24,0.13,-0.09,-0.05
93.388444,0.64,9.72,-1.76,2.86,0.82,-3.41,0.13,-0.09,-0.05
93.397584,0.7,9.71,-1.82,2.83,0.78,-3.32,0.13,-0.09,-0.05
93.40719,0.71,9.73,-1.84,2.95,0.67,-3.22,0.12,-0.08,-0.05
93.416146,0.71,9.72,-1.77,2.84,0.97,-3.25,0.12,-0.08,-0.05
93.425705,0.68,9.71,-1.74,3.02,0.95,-3.26,0.14,-0.08,-0.05
93.434751,0.69,9.72,-1.85,2.75,0.97,-3.44,0.14,-0.08,-0.05
93.444004,0.7,9.72,-1.78,2.99,0.88,-3.24,0.14,-0.08,-0.05
93.453026,0.71,9.74,-1.74,2.88,0.92,-3.42,0.13,-0.08,-0.05
93.462433,0.67,9.72,-1.74,3.12,0.98,-3.27,0.13,-0.08,-0.05
93.472543,0.63,9.77,-1.79,3.05,0.88,-3.53,0.13,-0.08,-0.05
93.481687,0.7,9.74,-1.72,2.95,1.08,-3.33,0.13,-0.08,-0.06
93.49138,0.63,9.75,-1.81,3.04,0.75,-3.37,0.13,-0.08,-0.06
93.500408,0.71,9.74,-1.84,2.68,0.94,-3.27,0.13,-0.08,-0.05
93.509547,0.69,9.76,-1.72,2.62,0.6,-3.33,0.13,-0.08,-0.05
93.518629,0.7,9.79,-1.61,2.48,0.4,-3.26,0.13,-0.08,-0.05
93.527885,0.67,9.81,-1.73,2.38,0.52,-3.37,0.13,-0.08,-0.05
93.536947,0.71,9.8,-1.66,2.13,0.46,-3.46,0.13,-0.08,-0.05
93.549866,0.68,9.75,-1.77,2.17,0.48,-3.72,0.12,-0.08,-0.05
93.562933,0.64,9.73,-1.68,2.28,0.64,-3.69,0.12,-0.08,-0.05
93.57219,0.64,9.78,-1.74,2.18,0.46,-3.68,0.13,-0.08,-0.05
93.581351,0.7,9.76,-1.73,2.09,0.68,-3.67,0.13,-0.08,-0.05
93.590509,0.67,9.73,-1.74,2.29,0.48,-3.94,0.13,-0.08,-0.05
93.599546,0.72,9.71,-1.76,2.54,0.42,-3.64,0.12,-0.07,-0.06
93.609106,0.72,9.68,-1.77,2.56,0.39,-3.73,0.12,-0.07,-0.06
93.618536,0.75,9.66,-1.68,2.5,0.77,-3.87,0.12,-0.07,-0.06
93.627702,0.74,9.71,-1.73,2.34,0.79,-3.45,0.12,-0.08,-0.05
93.636762,0.78,9.72,-1.75,2.63,1.06,-3.46,0.12,-0.08,-0.05
93.645758,0.74,9.71,-1.78,2.34,0.95,-3.07,0.13,-0.08,-0.06
93.654886,0.74,9.74,-1.82,2.8,0.84,-3.55,0.13,-0.08,-0.06
93.665566,0.72,9.76,-1.78,2.23,0.78,-3.21,0.13,-0.08,-0.06
93.674943,0.74,9.78,-1.8,2.78,0.6,-3.49,0.13,-0.08,-0.04
93.684102,0.73,9.77,-1.73,2.54,0.78,-3.27,0.13,-0.08,-0.04
93.693485,0.71,9.76,-1.74,2.34,0.4,-3.33,0.13,-0.08,-0.04
93.702623,0.62,9.75,-1.75,2.33,0.52,-3.24,0.13,-0.08,-0.05
93.711577,0.62,9.75,-1.75,2.65,0.4,-3.1,0.13,-0.08,-0.05
93.720676,0.66,9.73,-1.75,2.56,0.27,-2.76,0.13,-0.08,-0.06
93.730119,0.62,9.69,-1.7,2.47,0.15,-2.9,0.13,-0.08,-0.06
93.739536,0.65,9.67,-1.83,2.66,0.14,-3.16,0.13,-0.08,-0.06
93.74893,0.64,9.74,-1.72,2.78,-0.04,-3.27,0.12,-0.08,-0.05
93.758961,0.72,9.76,-1.68,2.51,0.16,-3.5,0.12,-0.08,-0.05
93.768885,0.68,9.75,-1.79,2.59,0.16,-3.37,0.13,-0.08,-0.05
93.778063,0.71,9.73,-1.83,2.62,0.36,-3.34,0.13,-0.08,-0.05
93.787229,0.68,9.77,-1.71,2.5,0.41,-3.26,0.13,-0.08,-0.05
93.79636,0.72,9.77,-1.74,2.05,0.57,-3.19,0.13,-0.08,-0.04
93.805299,0.66,9.76,-1.78,2.47,0.61,-3.17,0.13,-0.08,-0.04
93.814424,0.7,9.74,-1.74,2.42,0.53,-3.32,0.13,-0.08,-0.04
93.82439,0.73,9.7,-1.71,2.05,0.66,-3.0,0.12,-0.08,-0.05
