7849965,-1.04,-9.67,-0.07,-0.60,2.23,4.49,0.08,0.32,0.26
7865505,-1.08,-9.72,0.04,1.05,1.31,4.75,0.08,0.32,0.26
7875688,-1.06,-9.63,-0.01,0.99,0.25,4.71,0.08,0.33,0.27
7885733,-0.99,-9.64,-0.05,0.09,0.08,4.59,0.08,0.33,0.27
7897560,-0.98,-9.65,-0.09,-0.35,-0.14,4.59,0.06,0.32,0.27
7907491,-0.98,-9.66,-0.07,-0.48,0.38,4.63,0.06,0.32,0.27
7918515,-1.03,-9.67,-0.06,-0.25,0.21,4.57,0.09,0.33,0.27
7928712,-1.00,-9.68,-0.13,0.04,0.25,4.25,0.09,0.33,0.27
7939025,-0.98,-9.65,-0.10,0.15,0.85,4.17,0.09,0.33,0.27
7949046,-1.00,-9.61,-0.09,-1.36,2.23,4.24,0.08,0.33,0.27
7959615,-1.02,-9.69,-0.07,-1.39,2.35,4.13,0.08,0.33,0.27
7969524,-0.98,-9.70,-0.01,-1.00,2.12,4.30,0.09,0.33,0.28
7979568,-1.01,-9.73,0.00,0.17,1.92,4.10,0.09,0.33,0.28
7989425,-1.00,-9.73,-0.00,0.68,1.40,4.04,0.09,0.33,0.28
7999576,-0.98,-9.77,-0.03,1.55,1.87,3.74,0.08,0.33,0.27
8009990,-0.99,-9.78,-0.04,2.34,2.68,3.80,0.08,0.33,0.27
8020179,-0.98,-9.74,-0.02,2.51,2.86,3.66,0.08,0.32,0.28
8030153,-0.98,-9.73,0.00,2.30,4.29,3.54,0.08,0.32,0.28
8040984,-1.01,-9.74,0.01,2.13,4.80,3.38,0.08,0.32,0.27
8050707,-1.05,-9.74,0.08,2.81,4.74,3.45,0.08,0.32,0.27
8060316,-0.92,-9.71,0.03,3.33,4.18,2.89,0.08,0.32,0.27
8069942,-1.11,-9.66,0.07,3.95,3.61,2.71,0.09,0.33,0.27
8079586,-1.09,-9.60,-0.13,4.71,2.62,2.41,0.09,0.33,0.27
8089122,-1.10,-9.54,-0.00,4.69,2.82,2.48,0.09,0.33,0.27
8098699,-1.10,-9.51,0.03,4.27,2.62,2.68,0.09,0.32,0.28
8108342,-1.15,-9.57,0.10,3.35,2.20,3.07,0.09,0.32,0.28
8122804,-1.16,-9.60,-0.02,1.89,1.49,3.07,0.08,0.32,0.31
8132484,-1.16,-9.66,0.06,1.29,1.23,3.26,0.08,0.32,0.31
8142259,-1.13,-9.65,0.08,1.23,0.88,2.99,0.08,0.32,0.28
8151997,-1.10,-9.65,0.06,1.11,0.64,3.35,0.08,0.32,0.28
8162033,-1.10,-9.61,0.03,1.06,0.30,3.38,0.08,0.32,0.28
8175480,-0.99,-9.58,-0.05,0.55,-0.17,3.53,0.08,0.33,0.27
8185114,-1.01,-9.58,-0.02,0.17,0.36,4.01,0.08,0.33,0.27
8194661,-0.99,-9.59,-0.04,-0.82,0.30,4.43,0.09,0.31,0.28
8204570,-0.94,-9.65,-0.06,-0.80,0.51,4.68,0.09,0.31,0.28
8214501,-0.89,-9.67,-0.04,-0.17,0.97,4.65,0.09,0.31,0.28
8224754,-0.95,-9.62,-0.01,0.49,1.20,4.80,0.09,0.32,0.28
8234768,-0.94,-9.60,0.00,0.20,0.94,4.50,0.09,0.32,0.28
8244672,-0.96,-9.59,-0.07,-0.43,0.67,4.72,0.07,0.33,0.28
8259905,-0.94,-9.70,-0.01,-0.88,0.90,4.51,0.07,0.33,0.28
8269593,-0.95,-9.72,0.00,-0.94,1.12,4.51,0.06,0.32,0.28
8279080,-0.95,-9.76,0.00,-0.76,1.00,4.38,0.06,0.32,0.28
8298705,-1.01,-9.74,-0.01,1.10,0.56,3.87,0.08,0.32,0.28
8309137,-1.01,-9.68,-0.01,1.74,1.10,3.86,0.08,0.32,0.28
8320159,-1.06,-9.69,-0.04,1.42,1.71,3.49,0.08,0.32,0.28
8330224,-1.05,-9.67,-0.16,1.22,2.65,3.44,0.08,0.32,0.28
8344571,-1.03,-9.70,-0.13,1.54,3.93,3.05,0.08,0.32,0.29
8354264,-1.03,-9.67,0.04,2.27,3.71,3.44,0.08,0.32,0.29
8368869,-1.01,-9.65,-0.03,2.28,2.97,3.88,0.08,0.32,0.27
8385107,-1.01,-9.60,-0.12,1.96,3.47,3.75,0.08,0.32,0.27
8394520,-1.07,-9.56,-0.03,1.59,3.99,4.02,0.08,0.30,0.29
8405539,-1.18,-9.54,-0.01,0.71,3.15,4.16,0.08,0.30,0.29
8414865,-1.20,-9.58,-0.01,-0.11,2.40,6.65,0.08,0.33,0.27
8429828,-1.12,-9.56,-0.10,-0.92,2.60,5.06,0.08,0.33,0.27
8439540,-1.12,-9.54,-0.02,-2.36,2.63,5.28,0.08,0.32,0.28
8449272,-1.17,-9.57,0.03,-3.08,2.26,5.66,0.08,0.32,0.28
8459358,-1.19,-9.61,-0.07,-3.33,1.19,6.15,0.08,0.32,0.28
8469137,-1.13,-9.61,-0.02,-2.69,0.54,5.87,0.08,0.32,0.29
8478701,-1.13,-9.57,-0.11,-2.33,1.06,6.12,0.08,0.32,0.29
8488504,-1.14,-9.57,-0.07,-2.97,1.17,6.11,0.08,0.32,0.29
8497918,-1.16,-9.59,-0.05,-3.63,1.36,6.12,0.09,0.33,0.28
8507315,-1.13,-9.64,-0.04,-5.09,1.13,6.14,0.09,0.33,0.28
8517769,-1.13,-9.65,-0.08,-5.32,0.86,5.96,0.08,0.32,0.27
8531579,-1.09,-9.70,-0.03,-4.44,0.73,5.79,0.08,0.32,0.27
8541427,-1.03,-9.65,-0.05,-4.24,1.08,5.83,0.09,0.33,0.27
8551337,-0.98,-9.72,-0.01,-6.72,1.22,5.72,0.09,0.33,0.27
8560766,-0.98,-9.73,-0.01,-3.59,1.66,5.56,0.09,0.33,0.27
8572796,-0.95,-9.69,-0.10,-1.98,0.99,5.14,0.08,0.31,0.29
8582375,-0.88,-9.68,-0.13,-2.24,1.47,5.16,0.08,0.31,0.29
8591770,-0.87,-9.69,-0.16,-2.90,2.41,4.84,0.09,0.32,0.28
8601280,-0.87,-9.72,-0.13,-2.90,3.67,4.80,0.09,0.32,0.28
8613109,-0.93,-9.81,-0.05,-1.07,3.78,4.65,0.09,0.32,0.28
8623235,-0.88,-9.77,0.03,0.64,3.12,4.45,0.09,0.33,0.27
8634140,-0.81,-9.74,-0.03,0.41,4.69,4.30,0.09,0.33,0.27
8644204,-0.86,-9.69,-0.05,-1.51,5.84,4.29,0.07,0.31,0.29
8654166,-0.85,-9.75,-0.02,-3.36,5.90,4.23,0.07,0.31,0.29
8663519,-0.78,-9.79,-0.03,-2.85,6.30,3.54,0.07,0.31,0.29
8672906,-0.80,-9.79,-0.04,-1.03,6.14,3.19,0.08,0.32,0.27
8683400,-0.90,-9.72,-0.09,0.97,5.47,3.42,0.08,0.32,0.27
8693780,-1.00,-9.59,-0.05,1.08,4.15,3.87,0.08,0.33,0.29
8704082,-1.09,-9.55,-0.01,1.92,3.74,3.91,0.08,0.33,0.29
8713402,-1.20,-9.54,-0.07,1.98,3.71,4.28,0.08,0.33,0.29
8722827,-1.28,-9.55,-0.04,1.72,2.77,4.62,0.09,0.33,0.28
8735900,-1.24,-9.62,-0.05,1.14,1.68,5.04,0.09,0.33,0.28
8746106,-1.23,-9.65,-0.05,1.32,1.62,5.01,0.09,0.32,0.28
8755607,-1.19,-9.66,-0.08,1.01,1.63,4.67,0.09,0.32,0.28
8765783,-1.21,-9.64,-0.04,0.45,1.47,4.72,0.08,0.33,0.27
8775956,-1.16,-9.63,0.05,0.13,0.62,4.58,0.08,0.33,0.27
8785468,-1.13,-9.70,0.05,0.85,-0.08,4.62,0.08,0.33,0.27
8795718,-1.09,-9.72,0.11,1.23,-0.20,4.58,0.08,0.33,0.29
8805301,-1.11,-9.71,0.10,1.29,-0.25,4.24,0.08,0.33,0.29
8814811,-1.16,-9.72,0.15,0.93,-0.05,3.99,0.08,0.32,0.27
8824406,-1.14,-9.77,0.04,1.54,-0.39,3.70,0.08,0.32,0.27
8838642,-1.11,-9.74,0.01,3.59,-1.04,3.34,0.08,0.33,0.28
8848511,-1.04,-9.65,-0.02,3.90,-0.64,3.21,0.08,0.33,0.28
8857927,-0.99,-9.57,-0.08,2.81,-0.19,3.43,0.08,0.33,0.28
8867404,-0.92,-9.57,-0.04,1.70,0.42,3.39,0.08,0.33,0.28
8878746,-0.96,-9.62,-0.09,1.14,1.59,3.54,0.08,0.33,0.28
8888209,-0.94,-9.63,0.02,1.61,1.89,3.89,0.08,0.30,0.27
8898413,-0.97,-9.62,-0.01,1.73,1.74,3.58,0.08,0.32,0.27
8907962,-0.96,-9.61,0.05,2.41,2.28,4.09,0.08,0.32,0.27
8917609,-1.06,-9.62,0.05,2.50,2.51,4.22,0.08,0.31,0.28
8927483,-1.09,-9.62,0.11,1.72,2.05,4.06,0.08,0.31,0.28
8941461,-1.10,-9.69,0.11,1.35,0.74,4.14,0.09,0.33,0.29
8951173,-1.13,-9.70,0.08,1.16,0.64,4.03,0.09,0.33,0.29
8960526,-1.05,-9.69,-0.01,1.18,0.60,3.83,0.09,0.33,0.29
8969857,-1.11,-9.67,-0.00,0.71,0.84,3.67,0.08,0.32,0.27
8979153,-1.07,-9.66,0.07,0.40,0.74,3.52,0.08,0.32,0.27
8988448,-1.09,-9.68,0.02,0.11,0.52,3.53,0.09,0.33,0.28
9001595,-1.08,-9.61,0.05,-0.31,0.08,3.75,0.09,0.33,0.28
9010990,-1.05,-9.62,-0.02,-0.31,-0.01,3.81,0.09,0.33,0.28
9020326,-1.03,-9.66,0.01,-0.05,-0.01,4.01,0.09,0.33,0.28
9029861,-1.04,-9.65,-0.04,0.11,0.20,3.78,0.09,0.33,0.28
9044420,-1.02,-9.65,-0.02,0.40,0.07,4.12,0.07,0.32,0.31
9053927,-1.00,-9.62,0.01,0.24,0.16,4.34,0.07,0.32,0.31
9063405,-1.01,-9.61,-0.04,0.48,0.26,4.43,0.08,0.32,0.28
9072646,-1.01,-9.61,0.09,0.35,0.46,4.70,0.08,0.32,0.28
9082103,-0.99,-9.61,-0.06,0.39,0.32,4.93,0.08,0.32,0.28
9091318,-1.01,-9.59,0.03,0.73,0.17,4.87,0.08,0.32,0.29
9103280,-1.01,-9.64,-0.07,0.26,0.06,5.09,0.08,0.32,0.29
9112379,-0.98,-9.66,-0.07,-0.45,0.38,5.07,0.08,0.32,0.29
9121748,-0.96,-9.72,-0.13,-0.26,1.29,5.04,0.08,0.32,0.28
9131443,-0.92,-9.73,-0.09,-0.22,2.19,5.04,0.08,0.32,0.28
9146508,-0.88,-9.70,-0.07,0.23,3.46,4.65,0.08,0.32,0.27
9155988,-0.89,-9.70,-0.08,0.21,4.07,4.39,0.08,0.32,0.27
9165449,-0.90,-9.76,-0.08,0.11,4.16,4.19,0.08,0.32,0.27
9175082,-0.90,-9.78,-0.02,0.80,4.27,4.04,0.08,0.32,0.27
9184209,-0.93,-9.78,0.01,1.58,4.63,3.88,0.08,0.32,0.27
9193501,-0.98,-9.77,-0.05,2.56,4.72,4.07,0.09,0.32,0.30
9205540,-1.05,-9.74,-0.02,2.27,4.80,3.93,0.09,0.32,0.30
9215129,-1.07,-9.73,0.14,2.02,4.97,3.85,0.08,0.33,0.28
9224347,-1.08,-9.75,-0.01,1.54,5.47,3.86,0.08,0.33,0.28
9233756,-1.12,-9.73,-0.08,2.28,5.50,3.74,0.08,0.33,0.28
9249904,-1.11,-9.62,-0.00,3.05,5.85,3.68,0.07,0.33,0.27
9259344,-1.16,-9.60,0.05,2.69,5.27,3.85,0.07,0.33,0.27
9268728,-1.18,-9.61,0.02,2.03,5.09,4.25,0.08,0.32,0.29
9278092,-1.19,-9.61,0.05,1.45,4.67,4.03,0.08,0.32,0.29
9287589,-1.21,-9.63,-0.04,1.34,4.81,3.74,0.08,0.31,0.28
9296905,-1.23,-9.61,-0.07,1.54,4.95,3.95,0.08,0.31,0.28
9307685,-1.23,-9.63,0.10,2.20,3.75,3.89,0.08,0.31,0.28
9317001,-1.18,-9.59,0.03,2.00,2.87,3.98,0.09,0.29,0.28
9326607,-1.14,-9.58,-0.09,1.43,2.31,4.16,0.09,0.29,0.28
9336306,-1.08,-9.59,-0.07,0.87,1.77,4.08,0.09,0.29,0.28
9350676,-1.14,-9.54,-0.08,0.22,2.28,4.32,0.09,0.32,0.28
9360311,-1.09,-9.62,-0.04,-0.74,2.21,4.08,0.09,0.32,0.28
9369708,-1.05,-9.62,-0.08,-1.05,2.37,4.37,0.08,0.32,0.28
9379144,-1.00,-9.66,-0.06,-0.81,2.87,4.16,0.08,0.32,0.28
9388594,-0.97,-9.65,-0.06,-0.63,3.59,4.02,0.09,0.32,0.28
9398014,-0.94,-9.64,-0.12,-0.82,3.93,4.06,0.09,0.32,0.28
9409100,-0.90,-9.65,-0.06,-1.23,4.25,4.12,0.09,0.32,0.28
9418365,-0.89,-9.68,-0.09,-0.74,4.80,3.82,0.08,0.32,0.28
9427505,-0.88,-9.68,-0.05,-0.44,5.34,4.03,0.08,0.32,0.28
9437245,-0.93,-9.72,0.01,-0.11,6.02,4.03,0.08,0.32,0.28
9452030,-0.92,-9.75,0.03,-0.80,6.47,4.11,0.08,0.32,0.28
9461503,-0.91,-9.80,-0.03,-0.11,8.85,4.37,0.08,0.32,0.28
9470748,-0.95,-9.80,0.12,0.79,7.16,4.08,0.08,0.32,0.27
9479820,-1.01,-9.76,-0.06,1.58,7.32,4.18,0.08,0.32,0.27
9489080,-1.00,-9.74,-0.07,1.75,7.40,4.09,0.08,0.32,0.27
9498788,-1.02,-9.67,-0.07,2.20,7.75,4.30,0.08,0.32,0.27
9507947,-1.04,-9.62,-0.10,1.92,7.64,4.18,0.08,0.32,0.27
9517161,-1.06,-9.59,-0.07,2.37,8.06,4.42,0.07,0.32,0.29
9526729,-1.10,-9.60,-0.05,2.19,7.35,4.46,0.07,0.32,0.29
9536499,-1.11,-9.59,-0.07,1.67,7.22,4.30,0.07,0.29,0.28
9546329,-1.12,-9.61,-0.12,1.21,7.40,4.19,0.08,0.32,0.28
9556410,-1.14,-9.61,-0.08,1.36,7.24,4.51,0.08,0.32,0.28
9565728,-1.20,-9.59,-0.09,0.92,6.39,4.26,0.08,0.32,0.29
9575121,-1.23,-9.61,-0.12,0.60,5.71,4.68,0.08,0.32,0.29
9584382,-1.23,-9.63,0.06,0.35,4.89,4.65,0.08,0.32,0.29
9596256,-1.27,-9.65,0.01,0.44,4.43,4.54,0.08,0.33,0.27
9605618,-1.19,-9.64,0.00,0.04,3.69,4.73,0.08,0.33,0.27
9616124,-1.22,-9.65,-0.01,0.17,3.25,4.47,0.08,0.31,0.28
9626637,-1.18,-9.65,0.07,-0.16,2.43,6.60,0.08,0.31,0.28
9635899,-1.23,-9.66,0.00,-0.25,1.68,4.59,0.08,0.31,0.28
9650962,-1.20,-9.63,0.02,-2.21,0.12,4.51,0.08,0.33,0.28
9664700,-1.18,-9.58,0.02,0.04,-1.08,4.59,0.08,0.33,0.28
9674045,-1.15,-9.59,0.07,-0.22,-1.64,4.60,0.08,0.33,0.28
9683505,-1.12,-9.63,-0.00,-0.28,-2.30,4.37,0.08,0.33,0.28
9699273,-1.08,-9.68,-0.02,0.14,-2.39,4.24,0.08,0.31,0.27
9709997,-1.05,-9.65,-0.04,0.65,-2.94,4.13,0.08,0.31,0.27
9719272,-0.94,-9.64,-0.02,0.77,-2.77,4.06,0.08,0.33,0.27
9732911,-0.89,-9.62,0.01,-0.57,-2.60,4.64,0.08,0.33,0.27
9742485,-0.87,-9.77,0.03,-0.44,-2.07,4.59,0.08,0.32,0.29
9751782,-0.84,-9.82,0.09,-0.38,-1.53,4.78,0.08,0.32,0.29
9766669,-0.76,-9.88,-0.05,0.08,1.15,5.25,0.07,0.33,0.28
9782041,-0.74,-9.89,0.11,1.96,0.49,5.93,0.07,0.33,0.28
9792614,-0.60,-9.85,-0.03,2.04,-1.26,7.29,0.09,0.32,0.28
9801866,-0.43,-9.80,-0.19,1.70,-1.60,8.68,0.09,0.32,0.28
9815909,-0.42,-9.72,-0.45,2.21,2.25,9.88,0.07,0.32,0.28
9825263,-0.58,-9.64,-0.25,3.14,4.09,10.35,0.07,0.32,0.28
9834613,-0.68,-9.58,-0.14,3.02,3.67,10.57,0.07,0.32,0.28
9845388,-0.77,-9.62,-0.10,1.30,2.17,10.55,0.08,0.32,0.27
9855949,-0.76,-9.72,-0.17,-0.21,2.37,10.59,0.08,0.32,0.27
9866379,-0.76,-9.72,-0.28,-0.67,3.67,9.75,0.09,0.32,0.28
9876309,-0.78,-9.64,-0.32,0.19,3.98,8.97,0.09,0.32,0.28
9885526,-0.73,-9.55,-0.36,-0.23,3.84,8.26,0.09,0.32,0.27
9894689,-0.73,-9.58,-0.34,-1.27,3.65,7.88,0.09,0.32,0.27
9904006,-0.74,-9.65,-0.28,-1.92,4.09,7.33,0.09,0.32,0.27
9913175,-0.72,-9.67,-0.20,-1.42,3.83,7.42,0.09,0.32,0.28
9922491,-0.79,-9.68,-0.21,-0.67,3.04,7.56,0.09,0.32,0.28
9932947,-0.70,-9.64,-0.46,1.15,1.90,7.34,0.09,0.32,0.28
9941988,-0.69,-9.59,-0.34,1.89,1.61,7.32,0.09,0.32,0.28
9951489,-0.68,-9.54,-0.17,1.25,1.73,6.55,0.09,0.32,0.28
9965059,-0.76,-9.60,-0.25,0.29,1.72,6.01,0.08,0.33,0.28
9974128,-0.74,-9.59,-0.18,-0.10,1.08,5.39,0.08,0.33,0.28
9983188,-0.76,-9.63,-0.30,0.00,0.19,4.95,0.08,0.33,0.28
9992346,-0.74,-9.64,-0.31,0.14,-0.73,4.61,0.09,0.32,0.27
10004140,-0.65,-9.61,-0.33,0.38,-1.02,4.44,0.09,0.32,0.27
10013366,-0.55,-9.65,-0.31,0.71,-0.82,4.16,0.09,0.32,0.28
10022630,-0.55,-9.68,-0.34,1.50,-1.14,3.96,0.09,0.32,0.28
10034640,-0.48,-9.71,-0.37,2.57,-1.36,4.00,0.09,0.32,0.28
10043902,-0.40,-9.61,-0.36,3.15,-0.53,3.94,0.09,0.32,0.29
10053570,-0.38,-9.59,-0.30,2.34,-0.06,3.76,0.09,0.32,0.29
10068002,-0.29,-9.67,-0.29,0.57,0.29,3.62,0.09,0.33,0.29
10077247,-0.26,-9.77,-0.37,-0.38,0.94,3.18,0.09,0.33,0.29
10086313,-0.26,-9.82,-0.20,0.22,2.01,3.32,0.10,0.33,0.29
10095426,-0.22,-9.85,-0.38,2.04,2.93,3.92,0.10,0.33,0.29
10105243,-0.26,-9.84,-0.37,5.16,3.43,3.48,0.10,0.33,0.29
10114356,-0.18,-9.82,-0.41,6.08,4.54,3.40,0.10,0.32,0.28
10125983,-0.23,-9.74,-0.41,6.46,5.43,3.31,0.10,0.32,0.28
10135088,-0.23,-9.72,-0.42,5.73,5.47,2.94,0.10,0.32,0.28
10144219,-0.28,-9.70,-0.42,5.34,5.85,3.40,0.09,0.32,0.28
10154078,-0.23,-9.73,-0.40,5.20,6.72,3.26,0.09,0.32,0.28
10171770,-0.23,-9.75,-0.47,7.39,7.28,3.08,0.10,0.32,0.27
10181132,-0.17,-9.75,-0.50,7.21,8.00,3.08,0.10,0.32,0.27
10191177,-0.23,-9.80,-0.50,7.06,8.68,3.06,0.09,0.32,0.29
10200324,-0.29,-9.77,-0.43,8.19,9.77,3.25,0.09,0.32,0.29
10210103,-0.38,-9.78,-0.31,9.13,9.00,2.68,0.09,0.32,0.29
10219331,-0.16,-9.83,-0.33,9.75,8.04,1.95,0.09,0.32,0.29
10228423,-0.26,-9.78,-0.40,9.76,10.23,1.38,0.09,0.32,0.29
10237664,-0.38,-9.76,-0.35,10.37,12.77,1.09,0.09,0.31,0.28
10247089,-0.74,-9.75,-0.29,11.97,13.83,-0.22,0.09,0.31,0.28
10258784,-0.75,-9.78,-0.24,12.14,11.82,-1.26,0.09,0.31,0.28
10275486,-0.71,-9.73,-0.51,9.97,12.81,-2.34,0.09,0.32,0.29
10284645,-0.66,-9.67,-0.46,10.74,16.90,-3.50,0.09,0.29,0.29
10294395,-0.85,-9.67,-0.56,10.08,18.37,-4.08,0.08,0.31,0.29
10303728,-0.81,-9.67,-0.37,10.19,17.72,-4.83,0.08,0.31,0.29
10313333,-0.93,-9.74,-0.49,8.49,17.54,-6.12,0.08,0.32,0.28
10327207,-0.98,-9.88,-0.41,7.81,21.52,-9.60,0.08,0.32,0.28
10336306,-0.97,-9.82,-0.20,11.87,23.25,-11.83,0.08,0.31,0.29
10346132,-1.20,-9.70,-0.28,14.01,25.86,-13.46,0.08,0.31,0.29
10366246,-1.73,-9.69,-0.06,10.58,24.56,-15.78,0.06,0.31,0.30
10376221,-1.75,-9.74,-0.06,10.62,22.56,-16.88,0.06,0.31,0.30
10385978,-1.80,-9.75,-0.09,11.65,23.09,-16.61,0.07,0.32,0.29
10395467,-2.00,-9.61,-0.27,13.38,23.09,-15.95,0.07,0.32,0.29
10404975,-2.11,-9.27,-0.23,14.43,21.70,-14.58,0.07,0.32,0.29
10414492,-2.33,-8.96,-0.44,11.26,20.83,-12.32,0.06,0.31,0.31
10423976,-2.50,-8.82,-0.49,10.98,19.95,-9.86,0.06,0.31,0.31
10434613,-2.50,-8.80,-0.60,7.38,18.13,-6.98,0.06,0.30,0.30
10444127,-2.49,-8.98,-0.61,2.82,17.20,-3.87,0.06,0.30,0.30
10453611,-2.30,-9.39,-0.74,-0.14,14.20,-2.27,0.06,0.30,0.30
10463200,-1.97,-9.75,-1.03,-1.48,12.43,-2.32,0.05,0.30,0.29
10477646,-1.48,-10.28,-1.18,-3.30,15.65,-4.39,0.05,0.30,0.29
10486805,-1.34,-10.53,-1.30,-1.09,19.27,-6.68,0.05,0.31,0.29
10495970,-1.26,-10.39,-1.31,3.35,25.06,-9.43,0.05,0.31,0.29
10505084,-1.37,-9.96,-1.15,7.53,29.10,-11.94,0.05,0.31,0.29
10514427,-1.47,-9.61,-1.06,5.39,31.84,-13.62,0.04,0.30,0.30
10523676,-1.63,-9.38,-0.94,1.19,33.58,-14.39,0.04,0.30,0.30
10532909,-1.87,-9.24,-0.85,-0.91,33.97,-14.94,0.04,0.30,0.30
10542020,-1.94,-9.09,-0.81,0.15,33.89,-14.40,0.04,0.31,0.28
10551537,-2.06,-8.93,-0.73,0.55,32.45,-12.69,0.04,0.31,0.28
10561583,-2.12,-8.77,-0.78,-1.62,31.89,-9.84,0.03,0.31,0.29
10585087,-2.28,-8.58,-0.78,-8.17,30.56,-4.08,0.03,0.31,0.28
10595167,-2.27,-8.72,-0.78,-9.87,28.32,-1.81,0.03,0.31,0.28
10604731,-2.35,-8.96,-0.88,-10.79,27.20,0.18,0.03,0.31,0.28
10613996,-2.50,-9.14,-0.92,-9.65,26.61,1.37,0.03,0.31,0.30
10623443,-2.50,-9.26,-1.01,-7.40,25.26,2.12,0.03,0.31,0.30
10632635,-2.62,-9.27,-1.07,-5.28,24.78,2.21,0.03,0.31,0.30
10641884,-2.67,-9.28,-1.01,-5.10,24.13,2.57,0.02,0.31,0.29
10651284,-2.71,-9.28,-1.02,-6.29,25.48,2.87,0.02,0.31,0.29
10660728,-2.80,-9.38,-0.94,-8.21,28.52,3.23,0.02,0.30,0.27
10671627,-2.95,-9.47,-0.87,-7.16,29.05,2.34,0.02,0.30,0.27
10681948,-2.99,-9.32,-0.92,-5.67,26.49,1.96,0.02,0.30,0.27
10691952,-2.91,-9.14,-1.04,-5.35,23.61,1.63,0.01,0.31,0.28
10701147,-2.72,-9.08,-1.00,-5.49,22.17,1.64,0.01,0.31,0.28
10710291,-2.64,-9.12,-0.91,-4.56,22.04,2.36,0.01,0.31,0.28
10719599,-2.61,-9.13,-0.73,-4.62,21.23,3.14,0.01,0.31,0.28
10729368,-2.71,-9.09,-0.84,-5.38,19.32,3.61,0.01,0.31,0.28
10741141,-2.77,-9.07,-0.82,-6.77,16.05,3.58,0.01,0.31,0.28
10750619,-2.79,-9.10,-0.86,-7.43,13.87,3.55,0.01,0.31,0.28
10759894,-2.70,-9.22,-0.99,-8.72,13.64,3.42,0.01,0.32,0.26
10787735,-2.65,-9.59,-0.91,-15.39,17.62,2.43,0.00,0.32,0.26
10797656,-2.66,-9.66,-0.78,-12.30,16.49,1.25,0.00,0.32,0.26
10806947,-2.75,-9.66,-0.92,-7.85,14.55,-0.17,0.00,0.32,0.26
10816169,-2.68,-9.53,-0.93,-4.45,12.85,-1.23,0.00,0.31,0.27
10825288,-2.63,-9.25,-0.94,-4.15,12.74,-0.41,0.00,0.31,0.27
10835063,-2.68,-9.14,-0.99,-6.39,12.62,-0.49,0.01,0.32,0.27
10844288,-2.63,-9.11,-1.05,-8.41,13.22,-0.45,0.01,0.32,0.27
10853569,-2.55,-9.08,-1.05,-9.09,13.40,-0.40,0.01,0.32,0.27
10862591,-2.60,-9.08,-0.96,-9.04,12.15,-0.56,-0.01,0.32,0.25
10872748,-2.50,-9.06,-0.90,-8.73,11.11,-0.57,-0.01,0.32,0.25
10887180,-2.44,-9.07,-0.80,-7.84,10.19,0.15,-0.00,0.31,0.26
10896589,-2.43,-9.06,-0.88,-7.67,10.49,0.01,-0.00,0.31,0.26
10905705,-2.51,-8.98,-0.90,-7.17,11.60,1.16,-0.00,0.31,0.26
10915047,-2.51,-9.03,-0.92,-6.61,11.87,2.20,-0.00,0.31,0.26
10924306,-2.50,-9.08,-1.02,-6.67,11.48,2.70,-0.00,0.31,0.26
10933349,-2.50,-9.08,-0.96,-5.64,12.76,4.80,-0.00,0.31,0.26
10942565,-2.46,-9.33,-0.86,-5.49,13.30,4.93,-0.00,0.31,0.26
10952307,-2.45,-9.23,-0.84,-4.95,12.91,4.53,-0.00,0.31,0.26
10961914,-2.52,-9.08,-0.91,-4.07,13.95,4.45,-0.00,0.32,0.26
10971891,-2.54,-8.99,-0.88,-3.49,15.75,5.00,-0.00,0.32,0.26
10982229,-2.54,-8.88,-0.79,-3.68,14.98,4.74,-0.00,0.32,0.26
10992058,-2.52,-8.82,-0.84,-4.68,15.76,6.27,-0.01,0.33,0.26
11001269,-2.49,-8.80,-0.98,-5.22,17.21,6.20,-0.01,0.33,0.26
11010660,-2.43,-8.70,-1.02,-6.21,19.47,7.30,-0.01,0.32,0.25
11019902,-2.40,-8.63,-0.93,-7.09,20.82,8.50,-0.01,0.32,0.25
11029131,-2.43,-8.74,-0.92,-8.60,22.30,10.00,-0.01,0.32,0.25
11038381,-2.37,-8.97,-0.97,-10.53,23.10,11.38,-0.01,0.32,0.26
11047391,-2.39,-9.11,-0.88,-11.40,25.24,12.64,-0.01,0.32,0.26
11056657,-2.37,-9.17,-0.75,-9.83,26.68,13.13,-0.01,0.32,0.26
11066260,-2.31,-9.07,-0.70,-7.23,27.45,13.85,-0.01,0.32,0.26
11078210,-2.41,-8.84,-0.65,-5.84,28.93,14.96,-0.01,0.32,0.26
11092480,-2.46,-8.70,-0.46,-7.40,29.59,16.83,-0.01,0.32,0.25
11101564,-2.42,-8.64,-0.36,-8.97,29.92,18.50,-0.01,0.32,0.25
11110997,-2.40,-8.67,-0.41,-12.42,30.20,20.11,-0.01,0.33,0.25
11120627,-2.33,-8.79,-0.34,-15.23,30.16,21.74,-0.01,0.33,0.25
11129637,-2.31,-8.94,-0.47,-17.50,30.18,22.93,-0.01,0.33,0.25
11139673,-2.39,-9.20,-0.53,-19.80,31.32,25.07,-0.01,0.32,0.25
11150832,-2.63,-9.66,-0.61,-22.14,33.84,26.85,-0.01,0.32,0.25
11159947,-2.71,-10.06,-0.64,-23.24,34.95,28.26,-0.01,0.33,0.23
11169010,-2.84,-10.48,-1.02,-23.84,36.70,29.20,-0.01,0.33,0.23
11179417,-3.11,-10.88,-1.17,-24.12,39.30,28.98,-0.01,0.33,0.23
11195518,-3.70,-11.51,-0.08,-29.04,37.36,30.82,-0.01,0.34,0.26
11204727,-3.84,-12.54,-0.54,-31.76,31.17,30.88,-0.01,0.34,0.26
11214082,-3.95,-13.56,-0.88,-34.91,27.28,28.42,-0.01,0.34,0.23
11223188,-4.04,-14.32,-0.54,-28.84,24.65,25.02,-0.01,0.34,0.23
11232321,-4.06,-14.49,-0.45,-17.75,19.28,19.90,-0.01,0.35,0.22
11241769,-4.11,-14.24,-0.47,-6.83,14.18,11.95,-0.00,0.35,0.22
11252768,-4.09,-13.71,-0.47,-6.61,10.93,5.93,-0.00,0.35,0.22
11261789,-4.07,-13.38,-0.40,-13.17,12.98,1.01,-0.01,0.33,0.23
11271010,-4.11,-13.17,0.29,-19.70,15.44,-3.92,-0.01,0.33,0.23
11280240,-4.14,-12.91,0.81,-23.24,15.51,-5.69,-0.01,0.33,0.23
11295866,-3.47,-12.42,1.80,-18.45,5.65,-4.59,-0.00,0.35,0.22
11305442,-2.33,-11.60,1.69,-13.75,-0.13,-2.59,-0.00,0.35,0.22
11314754,-1.35,-10.64,1.77,-6.45,2.26,-0.42,-0.00,0.35,0.22
11324004,-0.50,-9.49,1.88,3.44,8.93,3.39,-0.00,0.35,0.22
11333002,0.08,-8.48,2.32,12.25,15.04,6.67,-0.00,0.35,0.21
11342736,0.95,-7.22,2.28,12.84,15.93,14.23,-0.00,0.35,0.21
11355675,1.44,-6.42,1.01,6.86,8.50,24.88,-0.00,0.35,0.21
11366396,1.34,-6.48,0.81,-5.06,-1.78,33.42,-0.00,0.35,0.21
11377483,1.16,-7.39,1.17,-15.30,-13.73,43.50,-0.00,0.35,0.21
11389807,0.82,-8.70,1.68,-13.82,-26.44,48.61,0.01,0.35,0.21
11399844,0.62,-9.53,1.79,-5.93,-33.71,48.18,0.01,0.35,0.21
11408927,0.26,-9.98,1.41,3.93,-33.97,45.81,0.01,0.35,0.22
11418087,-0.31,-10.31,1.29,13.62,-29.74,40.80,0.01,0.35,0.22
11427444,-0.77,-10.52,1.37,19.30,-26.96,37.21,0.01,0.35,0.22
11436630,-1.22,-10.59,1.48,21.08,-30.59,32.48,0.02,0.35,0.22
11445947,-1.56,-10.59,1.61,21.64,-35.65,31.13,0.02,0.35,0.22
11455211,-1.59,-10.60,1.81,20.11,-37.45,30.84,0.02,0.35,0.22
11464504,-1.42,-10.55,1.80,18.31,-35.57,32.77,0.03,0.35,0.23
11473627,-1.07,-10.32,1.88,19.91,-32.07,35.72,0.03,0.35,0.23
11482714,-0.60,-9.85,2.03,26.84,-29.19,38.67,0.04,0.35,0.24
11492436,-0.15,-9.29,1.81,34.95,-27.41,40.27,0.04,0.35,0.24
11503157,0.17,-8.61,1.19,40.50,-22.70,41.18,0.04,0.35,0.24
11512289,0.26,-8.07,0.79,36.86,-21.29,41.69,0.05,0.34,0.24
11522192,0.20,-7.59,0.80,26.51,-25.24,43.03,0.05,0.34,0.24
11532044,0.22,-7.41,0.78,14.42,-33.44,43.30,0.06,0.35,0.24
11541445,0.33,-7.57,0.65,3.37,-41.32,44.16,0.06,0.35,0.24
11550742,0.58,-8.01,0.40,-3.40,-42.04,44.39,0.06,0.35,0.24
11564528,0.93,-8.63,0.27,-2.94,-33.04,43.74,0.06,0.35,0.24
11573751,0.99,-9.05,0.02,1.83,-24.82,43.84,0.06,0.35,0.24
11583611,0.89,-9.24,-0.15,10.18,-24.04,41.90,0.07,0.35,0.23
11603195,1.06,-9.04,-0.06,25.24,-24.17,38.80,0.07,0.35,0.23
11612947,0.97,-8.75,-0.32,27.74,-23.32,37.33,0.08,0.35,0.24
11621991,1.12,-8.73,-0.22,25.96,-17.89,36.75,0.08,0.35,0.24
11632026,0.91,-8.58,-0.47,26.51,-14.79,34.40,0.10,0.34,0.26
11641328,0.82,-8.69,-0.39,24.87,-8.76,31.42,0.10,0.34,0.26
11650509,0.49,-8.77,-0.45,24.56,-3.96,28.40,0.10,0.34,0.26
11665332,0.55,-8.52,-0.22,28.62,-0.30,22.74,0.10,0.34,0.26
11675935,0.47,-8.04,-0.28,26.68,2.10,15.98,0.10,0.34,0.26
11685113,0.39,-7.81,-0.54,20.67,5.84,14.60,0.09,0.34,0.27
11705771,0.42,-7.76,-0.53,5.58,1.57,1.33,0.09,0.34,0.27
11716193,0.46,-7.93,-0.64,1.59,0.49,-2.14,0.10,0.34,0.26
11726116,0.55,-7.89,-0.74,2.83,2.77,-5.68,0.10,0.34,0.26
11735433,0.51,-7.69,-0.78,5.72,4.01,-9.20,0.09,0.34,0.26
11748566,0.20,-7.45,-0.76,4.59,2.14,-13.06,0.09,0.34,0.26
11770975,0.03,-8.07,-0.56,-6.23,-7.24,-15.83,0.09,0.34,0.25
11781927,0.13,-8.79,-1.05,-8.79,-10.44,-14.23,0.09,0.35,0.26
11793551,-0.17,-9.70,-1.48,-4.73,-9.97,-11.97,0.09,0.35,0.26
11811537,-1.10,-10.42,-1.56,17.14,-9.70,-7.16,0.10,0.34,0.26
11821305,-1.33,-10.40,-1.16,25.80,-10.81,-5.74,0.10,0.34,0.26
11831253,-1.45,-10.26,-0.78,30.62,-11.93,-4.33,0.10,0.34,0.26
11840455,-1.56,-10.09,-0.68,33.19,-12.70,-4.45,0.10,0.34,0.26
11849486,-1.47,-9.90,-0.66,36.17,-15.40,-5.04,0.10,0.34,0.26
11858688,-1.16,-9.35,-0.73,38.70,-20.01,-4.51,0.09,0.34,0.27
11867826,-0.83,-8.90,-0.86,38.48,-26.70,-4.59,0.09,0.34,0.27
11876954,-0.60,-8.56,-1.32,33.20,-31.55,-3.12,0.09,0.34,0.27
11886028,-0.24,-8.39,-1.54,25.82,-32.38,-1.63,0.10,0.32,0.28
11896546,0.03,-8.31,-1.61,17.89,-30.12,0.76,0.10,0.32,0.28
11910415,-0.10,-8.30,-1.84,12.91,-26.89,3.88,0.10,0.32,0.28
11919713,-0.32,-8.23,-1.95,7.39,-26.01,6.23,0.10,0.32,0.28
11928828,-0.56,-8.55,-2.20,-0.71,-26.76,8.23,0.10,0.32,0.28
11937811,-0.84,-9.07,-2.84,-3.79,-29.35,9.20,0.11,0.33,0.28
11947008,-1.14,-9.72,-3.64,-6.32,-33.85,8.38,0.11,0.33,0.28
11956236,-1.26,-10.47,-3.99,-6.68,-38.96,5.99,0.11,0.33,0.26
11965789,-1.00,-10.82,-3.13,-5.94,-50.71,-2.77,0.11,0.33,0.26
11974838,-0.58,-11.68,-2.14,-7.54,-65.14,-2.90,0.11,0.33,0.26
11984112,0.40,-13.09,-1.06,-9.58,-83.45,-0.70,0.11,0.33,0.27
11993376,2.02,-14.89,0.44,-17.14,-98.65,4.51,0.11,0.33,0.27
12003118,4.02,-16.69,1.34,-32.31,-103.94,21.59,0.11,0.33,0.27
12014456,5.49,-18.00,2.11,-33.45,-71.59,48.01,0.13,0.34,0.27
12023709,5.45,-18.43,3.19,-11.40,-39.21,64.15,0.13,0.34,0.27
12033313,5.57,-18.69,3.60,29.21,-7.75,69.34,0.14,0.33,0.27
12042796,5.55,-17.62,2.57,74.27,28.78,66.62,0.14,0.33,0.27
12051970,5.28,-15.64,1.04,110.92,55.46,57.64,0.14,0.33,0.27
12061292,4.36,-13.06,-0.31,127.46,80.54,44.85,0.15,0.32,0.29
12070396,2.99,-10.23,-1.45,110.49,89.26,33.86,0.15,0.32,0.29
12079629,0.71,-7.12,-2.53,76.61,77.82,28.64,0.15,0.32,0.29
12090345,-1.83,-5.74,-1.17,25.19,50.36,22.73,0.13,0.31,0.29
12100541,-3.02,-5.81,0.16,-3.61,22.38,12.43,0.13,0.31,0.29
12114676,-3.63,-5.49,0.20,-19.37,-0.93,-8.38,0.14,0.30,0.31
12124510,-3.83,-5.29,0.11,-30.79,-14.44,-27.41,0.14,0.30,0.31
12134238,-3.54,-5.44,0.12,-54.35,-31.38,-45.09,0.13,0.31,0.29
12143626,-2.18,-6.06,0.37,-85.01,-39.51,-62.41,0.13,0.31,0.29
12152955,-1.36,-6.61,1.50,-124.83,-37.29,-54.13,0.13,0.31,0.29
12162026,-0.32,-8.76,1.45,-163.51,-40.33,-40.72,0.12,0.32,0.28
12171257,0.02,-11.26,0.11,-189.26,-46.74,-27.34,0.12,0.32,0.28
12180413,0.23,-15.02,-1.97,-178.99,-53.28,-15.25,0.13,0.34,0.25
12190256,0.72,-18.40,-2.88,-117.50,-52.64,-6.51,0.13,0.34,0.25
12199720,1.72,-18.67,-1.76,-15.18,-26.18,-10.46,0.13,0.34,0.25
12208907,2.66,-15.81,-0.43,75.10,13.58,-23.14,0.12,0.35,0.24
12219851,2.46,-11.52,-0.16,128.67,68.03,-34.19,0.12,0.35,0.24
12229472,1.56,-8.25,0.57,105.67,82.50,-42.29,0.12,0.35,0.24
12238499,0.48,-6.33,1.08,53.55,67.12,-42.60,0.12,0.34,0.26
12247699,-0.04,-5.77,0.99,-1.83,47.50,-44.69,0.12,0.34,0.26
12256807,0.23,-5.67,1.25,-37.64,37.39,-45.61,0.10,0.33,0.25
12267056,0.39,-5.75,1.46,-59.11,32.23,-44.00,0.10,0.33,0.25
12276134,0.15,-6.20,1.78,-61.61,30.98,-39.38,0.10,0.33,0.25
12285515,-0.28,-6.38,1.91,-54.18,27.37,-35.32,0.10,0.34,0.26
12295142,-0.54,-6.47,1.92,-47.08,22.16,-25.02,0.10,0.34,0.26
12306103,-0.86,-6.86,1.24,-46.91,11.40,-17.56,0.09,0.35,0.25
12323286,-0.81,-8.35,0.10,-39.85,4.24,-7.21,0.09,0.35,0.25
12332410,-0.96,-9.27,-0.17,-29.03,14.27,-2.65,0.09,0.35,0.23
12341798,-1.09,-9.96,0.09,-11.83,28.62,-3.37,0.09,0.35,0.23
12350837,-1.44,-9.49,0.04,9.06,43.31,-3.02,0.09,0.35,0.23
12360385,-1.47,-8.56,0.65,23.49,51.34,-1.37,0.08,0.36,0.23
12369515,-1.59,-7.41,0.54,26.02,47.06,-2.21,0.08,0.36,0.23
12380256,-1.60,-6.25,0.38,12.09,38.20,-0.93,0.08,0.36,0.23
12389851,-1.42,-5.65,0.04,-2.29,33.22,-0.19,0.08,0.36,0.23
12399035,-1.23,-5.95,-0.13,-9.90,35.23,1.06,0.08,0.36,0.23
12408598,-1.22,-6.31,-0.28,-10.13,40.61,0.86,0.06,0.35,0.24
12422988,-1.29,-6.90,-0.58,-0.90,42.17,3.78,0.06,0.35,0.24
12432766,-1.26,-7.03,-0.88,7.32,41.58,5.90,0.07,0.35,0.24
12442194,-0.64,-7.62,-0.53,12.84,39.93,9.14,0.07,0.35,0.24
12451289,-0.70,-7.15,-1.20,13.44,40.84,12.19,0.07,0.35,0.24
12460471,-0.37,-7.11,-0.87,13.98,46.52,14.85,0.07,0.35,0.24
12469764,-0.18,-7.04,-0.46,14.73,48.94,15.24,0.07,0.35,0.24
12478964,0.15,-7.15,0.06,7.01,45.62,15.33,0.07,0.35,0.24
12488091,0.33,-7.74,0.08,-3.00,41.36,17.40,0.06,0.35,0.23
12497194,0.42,-8.72,-0.26,-13.40,38.03,19.62,0.06,0.35,0.23
12506236,0.27,-10.18,-0.36,-21.38,34.47,20.16,0.06,0.36,0.25
12515787,-0.28,-12.29,-1.16,-24.52,29.50,20.19,0.06,0.36,0.25
12526941,-0.80,-13.93,-1.95,-16.50,33.54,15.88,0.06,0.36,0.25
12536311,-1.80,-14.59,-1.86,-1.29,45.60,11.43,0.07,0.35,0.23
12545759,-2.79,-14.69,-1.21,12.67,56.72,6.47,0.07,0.35,0.23
12555013,-3.77,-14.38,-0.41,17.33,54.18,-0.47,0.06,0.35,0.24
12564188,-4.26,-14.27,0.59,11.19,44.97,-5.42,0.06,0.35,0.24
12573288,-4.02,-15.04,1.29,2.55,34.09,-9.28,0.06,0.35,0.24
12585120,-2.47,-16.44,2.32,-11.79,23.03,-14.89,0.04,0.34,0.26
12594343,-1.48,-16.53,1.89,-11.52,6.75,-16.36,0.04,0.34,0.26
12603657,-0.93,-17.10,1.22,-9.26,12.02,-19.90,0.04,0.34,0.22
12617237,-1.07,-15.92,3.33,9.20,31.10,-33.58,0.05,0.35,0.23
12630888,-1.65,-13.49,5.49,20.50,42.64,-48.82,0.04,0.36,0.23
12643209,-2.19,-11.15,7.02,12.84,54.22,-63.80,0.04,0.36,0.23
12652332,-2.04,-9.05,8.00,2.99,46.12,-66.47,0.04,0.36,0.23
12663616,-0.91,-6.54,5.07,-9.20,21.38,-57.86,0.03,0.35,0.23
12673414,0.11,-5.16,2.55,-28.16,0.36,-43.95,0.03,0.35,0.23
12682728,0.38,-5.73,0.75,-64.86,-18.63,-18.33,0.02,0.34,0.23
12696424,0.83,-8.33,-0.57,-87.80,-45.14,25.82,0.02,0.34,0.23
12705549,1.67,-10.29,-1.10,-68.82,-59.15,49.36,0.03,0.36,0.22
12716614,2.46,-12.59,-0.92,-31.34,-70.08,70.34,0.03,0.36,0.22
12729989,2.16,-13.92,-0.60,27.37,-57.91,79.94,0.03,0.35,0.21
12739769,1.10,-13.91,0.57,75.60,-35.13,75.22,0.03,0.35,0.21
12750018,-0.42,-13.12,1.49,117.46,-9.85,65.71,0.03,0.35,0.21
12762520,-2.38,-9.87,1.61,140.89,11.44,48.71,0.05,0.34,0.24
12772012,-3.53,-8.07,1.44,148.29,20.53,41.71,0.05,0.34,0.24
12781578,-3.95,-6.69,1.42,126.99,11.78,34.95,0.06,0.34,0.25
12790927,-3.96,-5.31,1.55,100.93,-13.08,30.56,0.06,0.34,0.25
12800056,-3.45,-4.85,1.79,68.23,-37.22,30.72,0.06,0.34,0.25
12809717,-2.22,-4.90,1.52,30.25,-59.48,32.22,0.06,0.34,0.27
12819279,-0.68,-4.94,0.45,6.76,-63.31,34.02,0.06,0.34,0.27
12832466,0.97,-5.16,-0.53,-9.65,-42.89,32.85,0.07,0.33,0.27
12843719,1.54,-5.51,-0.95,-22.16,-33.01,29.34,0.07,0.33,0.27
12854183,2.47,-6.29,-0.58,-32.67,-35.44,28.74,0.08,0.33,0.27
12863371,3.03,-7.21,-0.73,-33.75,-42.94,26.56,0.08,0.33,0.27
12872667,3.46,-8.27,-1.18,-24.96,-44.79,21.93,0.08,0.33,0.27
12883492,3.41,-9.43,-1.46,-4.01,-29.92,21.12,0.07,0.34,0.26
12892852,2.61,-9.49,-1.66,21.05,-17.32,16.69,0.07,0.34,0.26
12902153,1.41,-9.43,-1.28,42.64,-4.03,15.98,0.07,0.34,0.26
12911414,0.41,-8.87,-0.47,54.75,-1.88,14.31,0.10,0.34,0.26
12924364,-0.39,-8.26,-0.13,53.89,-5.93,13.27,0.10,0.34,0.26
12934916,-0.63,-7.90,-0.28,39.79,-6.69,12.83,0.10,0.32,0.28
12944193,-0.70,-7.89,-0.54,24.92,-4.93,7.69,0.10,0.32,0.28
12958857,-1.07,-7.46,-0.94,2.16,2.89,0.63,0.09,0.32,0.28
12968776,-0.99,-7.38,-1.17,-11.15,3.40,-2.43,0.09,0.32,0.28
12978712,-0.77,-7.57,-1.59,-22.66,4.00,-5.84,0.08,0.33,0.28
12988399,-0.35,-7.80,-2.18,-27.41,5.82,-9.56,0.08,0.33,0.28
12998544,-0.17,-7.88,-2.55,-23.77,10.75,-13.16,0.08,0.33,0.28
13008077,-0.38,-7.68,-2.50,-12.43,15.53,-14.32,0.08,0.33,0.29
13019112,-0.83,-7.38,-2.46,-0.23,12.21,-15.99,0.08,0.33,0.29
13028526,-1.37,-7.50,-2.43,5.49,-0.28,-16.12,0.09,0.33,0.28
13038899,-1.17,-7.69,-1.13,9.59,-20.83,-21.87,0.09,0.33,0.28
13048958,-0.62,-8.36,-1.19,8.95,-39.03,-24.11,0.09,0.33,0.28
13058397,-0.13,-9.22,-1.12,4.25,-46.75,-27.57,0.08,0.33,0.29
13068106,-0.44,-9.98,-1.40,-3.54,-46.37,-30.13,0.08,0.33,0.29
13079249,-1.71,-11.51,-2.17,-12.32,-30.80,-26.22,0.08,0.33,0.27
13089038,-3.00,-12.87,-2.31,-14.02,-18.00,-23.76,0.08,0.33,0.27
13098158,-3.16,-13.98,-2.03,-3.36,-18.18,-18.46,0.08,0.33,0.27
13107232,-2.15,-14.49,-2.54,14.65,-27.39,-5.06,0.08,0.31,0.29
13116210,-1.10,-13.80,-3.12,35.10,-33.66,6.76,0.08,0.31,0.29
13126384,0.11,-12.15,-3.24,56.74,-32.34,14.68,0.08,0.31,0.29
13140182,1.05,-10.27,-2.53,59.08,-35.40,21.39,0.08,0.33,0.28
13149810,1.13,-10.35,-1.10,32.72,-47.09,31.22,0.08,0.33,0.28
13159003,1.06,-13.27,0.56,-18.22,-63.39,44.18,0.09,0.32,0.30
13168533,0.88,-17.13,1.79,-52.40,-71.01,55.63,0.09,0.32,0.30
13178518,1.05,-19.60,3.72,-42.53,-68.53,83.33,0.10,0.32,0.28
13187612,1.94,-19.60,4.40,18.11,-64.21,96.54,0.10,0.32,0.28
13199451,7.17,-19.60,3.36,181.43,-8.19,32.53,0.10,0.32,0.28
13208860,8.89,-9.47,1.21,284.37,104.86,6.47,0.12,0.31,0.29
13218158,6.60,-2.71,1.19,255.78,180.23,34.61,0.12,0.31,0.29
13228339,2.39,0.07,3.45,94.39,152.07,21.64,0.11,0.28,0.33
13242004,-0.79,-1.60,2.33,-78.43,21.28,1.61,0.11,0.28,0.33
13251359,-1.10,-4.79,0.64,-120.23,-30.21,-0.69,0.11,0.28,0.33
13264923,-2.12,-8.38,1.59,-114.24,-17.95,-9.28,0.10,0.29,0.33
13275941,-2.67,-9.99,2.37,-98.68,-9.02,-18.02,0.10,0.29,0.33
13284995,-2.47,-10.91,1.64,-100.49,-16.21,-28.75,0.10,0.30,0.30
13294055,-1.56,-11.85,0.54,-111.08,-29.43,-35.12,0.10,0.30,0.30
13303373,-0.43,-13.75,-0.70,-117.44,-36.23,-37.40,0.10,0.31,0.31
13312454,0.87,-15.41,-1.37,-103.29,-18.88,-42.37,0.10,0.31,0.31
13321733,2.19,-15.37,-0.65,-73.11,33.55,-37.19,0.10,0.31,0.31
13331004,2.49,-14.46,-0.07,-17.80,85.88,-35.21,0.09,0.33,0.27
13344688,0.47,-10.72,-1.19,51.18,129.61,-37.63,0.09,0.33,0.27
13354417,-1.08,-7.66,-1.34,63.76,113.18,-34.57,0.08,0.33,0.28
13364504,-2.11,-5.17,0.32,48.07,70.87,-38.98,0.08,0.33,0.28
13374176,-1.33,-3.80,0.89,20.03,40.47,-35.60,0.08,0.33,0.28
13383458,0.04,-3.39,0.51,-21.78,34.99,-32.63,0.06,0.32,0.29
13393733,0.72,-3.64,0.25,-68.85,59.28,-27.17,0.06,0.32,0.29
13405062,-0.51,-3.62,-0.12,-88.40,80.73,-25.81,0.05,0.33,0.27
13414851,-1.64,-5.20,0.10,-89.10,76.11,-17.13,0.05,0.33,0.27
13425143,-2.99,-6.12,-0.92,-78.30,34.94,-16.13,0.05,0.33,0.27
13436659,-2.93,-8.87,-1.21,-48.76,2.56,-10.89,0.04,0.34,0.27
13450211,-1.79,-9.67,-2.13,-7.54,12.78,-9.25,0.04,0.34,0.27
13462847,-1.58,-9.27,-1.44,12.25,58.26,-2.89,0.03,0.34,0.25
13474360,-2.14,-8.27,-0.70,5.31,71.60,-0.58,0.03,0.34,0.25
13484537,-2.50,-7.67,-1.10,-5.39,57.78,-0.13,0.02,0.34,0.26
13493695,-2.50,-7.48,-1.13,-7.38,40.82,1.47,0.02,0.34,0.26
13502982,-2.62,-7.23,-1.61,-1.71,31.56,2.71,0.01,0.33,0.26
13512948,-2.21,-7.30,-1.92,8.22,28.31,4.72,0.01,0.33,0.26
13530077,-2.16,-7.14,-1.35,13.61,28.85,8.42,0.02,0.33,0.26
13548686,-1.74,-7.64,-0.63,11.05,16.73,12.18,0.02,0.33,0.26
13563799,-1.28,-7.90,-0.61,0.17,16.80,14.22,0.02,0.34,0.26
13574310,-0.89,-8.40,-0.70,-15.22,24.02,16.36,0.02,0.34,0.26
13586943,-0.25,-9.58,-0.56,-31.10,14.25,21.08,0.01,0.34,0.26
13599786,0.81,-11.51,-1.64,-34.76,-2.85,25.23,0.01,0.34,0.26
13622501,0.38,-13.52,-2.98,0.44,27.68,23.67,0.02,0.34,0.26
13634420,-1.88,-13.25,-2.33,23.83,53.43,13.03,0.02,0.33,0.25
13657007,-5.58,-12.73,-1.13,4.14,42.14,-7.09,0.02,0.33,0.27
13666521,-5.75,-13.26,0.42,-4.57,33.47,-9.32,0.02,0.33,0.27
13681116,-5.61,-13.52,0.70,-22.86,10.97,-8.67,0.02,0.33,0.26
13690245,-3.92,-14.00,1.57,-33.84,-3.44,-10.53,0.02,0.33,0.26
13699325,-2.83,-14.42,2.00,-38.40,-15.40,-12.28,0.02,0.33,0.26
13713801,-2.51,-14.98,4.69,-44.43,-6.02,-21.68,0.01,0.34,0.25
13722962,-1.86,-14.56,4.91,-47.47,4.80,-37.20,0.01,0.34,0.25
13732598,-0.96,-13.73,6.32,-43.92,7.10,-55.97,0.01,0.34,0.25
13747254,0.14,-11.03,5.61,-35.64,-0.80,-76.86,0.01,0.34,0.25
13757035,0.95,-9.25,3.44,-14.59,9.56,-73.03,-0.01,0.34,0.24
13766228,1.52,-8.27,2.58,-14.10,17.35,-62.26,-0.01,0.34,0.24
13777361,0.79,-8.65,1.54,-32.48,8.73,-36.86,-0.01,0.34,0.24
13786765,0.22,-9.10,0.80,-36.93,-17.26,-11.94,-0.01,0.34,0.24
13797916,0.50,-10.19,-0.16,-17.61,-55.59,23.94,-0.01,0.34,0.24
13808584,1.22,-10.52,-0.28,9.37,-86.38,43.43,-0.02,0.34,0.23
13818817,1.81,-10.70,0.20,28.14,-90.39,59.72,-0.02,0.34,0.23
13827996,2.00,-11.35,0.57,39.15,-77.03,63.41,0.00,0.34,0.24
13839331,0.87,-11.57,0.60,56.25,-41.06,63.92,0.00,0.34,0.24
13858646,-3.02,-11.02,0.85,108.68,3.54,55.56,0.03,0.34,0.25
13868312,-4.90,-9.91,0.75,130.36,-0.48,48.40,0.03,0.34,0.25
13877478,-5.62,-8.80,0.93,135.89,-20.26,40.60,0.03,0.32,0.27
13886575,-5.13,-7.35,1.40,122.06,-45.18,32.62,0.03,0.32,0.27
13895881,-3.42,-5.59,1.04,100.42,-69.38,31.21,0.03,0.32,0.27
13905078,-1.76,-4.68,0.12,71.41,-79.13,30.94,0.03,0.31,0.29
13916754,0.41,-4.38,-0.67,28.70,-65.42,28.05,0.03,0.31,0.29
13925895,1.45,-4.81,-1.01,-8.43,-53.23,25.35,0.05,0.31,0.30
13936120,2.27,-5.75,-1.31,-35.02,-41.33,24.11,0.05,0.31,0.30
13948266,2.11,-6.93,-1.75,-38.56,-36.81,24.48,0.05,0.31,0.30
13958318,1.55,-8.19,-1.79,-10.12,-40.42,26.53,0.06,0.31,0.29
13967357,1.02,-8.76,-1.90,24.75,-40.19,29.47,0.06,0.31,0.29
13976812,0.76,-8.71,-1.22,65.44,-39.88,36.52,0.06,0.31,0.29
13986016,-0.18,-7.80,-1.03,91.71,-39.31,43.59,0.06,0.31,0.29
13995101,-0.47,-6.95,-0.37,99.04,-36.99,46.85,0.06,0.31,0.29
14004178,-0.11,-6.01,0.62,85.84,-42.24,42.88,0.08,0.31,0.31
14013615,-0.37,-4.87,-0.14,57.91,-53.35,30.77,0.08,0.31,0.31
14023958,0.26,-4.82,-1.24,7.65,-46.54,23.63,0.08,0.31,0.31
14033326,0.76,-5.38,-2.72,-26.02,-33.78,13.41,0.09,0.30,0.32
14043841,0.92,-6.70,-4.18,-40.85,-8.56,3.73,0.09,0.30,0.32
14054490,0.48,-7.64,-4.37,-33.99,16.06,-8.23,0.09,0.29,0.32
14115188,0.35,-6.61,-0.00,12.40,-59.52,-28.70,0.08,0.29,0.32
14124675,0.72,-8.26,-0.39,-16.32,-60.36,-29.11,0.08,0.29,0.29
14134633,0.07,-10.26,-1.73,-41.52,-44.49,-30.83,0.09,0.30,0.32
14146480,-2.33,-12.76,-3.25,-49.38,-13.66,-20.38,0.09,0.30,0.32
14164155,-4.09,-16.35,-4.59,-14.84,-9.16,3.05,0.08,0.30,0.32
14173878,-2.48,-15.84,-4.28,6.21,-29.30,20.73,0.08,0.30,0.32
14183040,-0.26,-13.78,-4.36,24.59,-34.29,32.74,0.09,0.30,0.31
14192157,1.81,-11.55,-4.55,30.39,-24.53,32.82,0.09,0.30,0.31
14201319,2.95,-9.68,-3.80,24.51,-20.70,33.67,0.10,0.30,0.31
14210488,2.06,-9.45,-3.04,7.08,-32.41,32.31,0.10,0.30,0.31
14219566,0.70,-11.85,-1.81,-36.58,-49.03,42.13,0.10,0.30,0.31
14229017,-0.57,-15.41,-0.40,-67.43,-66.18,56.04,0.10,0.29,0.32
14238499,-1.17,-19.26,1.26,-68.41,-76.97,73.78,0.10,0.29,0.32
14249780,0.14,-19.60,2.56,-23.09,-90.26,83.04,0.12,0.30,0.31
14269745,7.43,-18.68,3.01,204.22,26.54,-4.57,0.12,0.30,0.31
14279606,6.52,-10.02,0.61,272.45,165.29,19.91,0.13,0.29,0.33
14288701,3.56,-5.57,1.01,222.81,237.56,29.15,0.13,0.29,0.33
14297861,-1.02,-0.85,3.79,79.84,176.43,45.36,0.13,0.29,0.33
14306933,-3.91,-1.84,5.54,-24.69,49.13,48.41,0.11,0.26,0.35
14316720,-2.26,-3.87,3.05,-81.68,-65.64,36.64,0.11,0.26,0.35
14326061,-0.38,-5.55,1.41,-86.15,-77.31,25.64,0.12,0.27,0.35
14335823,0.17,-6.35,2.02,-66.27,-33.85,5.03,0.12,0.27,0.35
14345225,-1.08,-7.21,1.92,-52.75,-0.94,-16.92,0.12,0.27,0.35
14356326,-2.34,-8.03,1.33,-77.21,-1.61,-41.47,0.12,0.27,0.34
14369553,-1.77,-10.94,0.80,-136.87,-54.95,-51.43,0.12,0.27,0.34
14379430,-0.15,-15.16,-0.58,-168.16,-70.30,-53.82,0.12,0.29,0.32
14389610,2.31,-17.20,-0.71,-166.65,-15.17,-46.86,0.12,0.29,0.32
14399297,3.40,-16.85,-0.57,-86.32,78.19,-43.14,0.12,0.32,0.29
14409157,2.04,-14.16,-1.94,34.69,145.94,-55.94,0.11,0.32,0.29
14419692,-0.18,-9.70,-2.61,94.47,152.30,-52.20,0.11,0.32,0.29
14430663,-2.01,-6.13,0.94,79.66,82.39,-53.34,0.08,0.31,0.31
14443228,-0.21,-3.50,1.33,31.24,0.51,-51.43,0.08,0.31,0.31
14460582,1.94,-2.69,-0.67,-51.83,48.12,-32.26,0.08,0.31,0.31
14473073,0.93,-3.30,-0.24,-72.79,107.18,-25.17,0.08,0.31,0.31
14482710,-1.54,-3.52,-0.28,-73.29,105.86,-21.43,0.07,0.32,0.30
14493183,-3.40,-5.04,-0.54,-66.30,50.06,-16.73,0.07,0.32,0.30
14502966,-3.47,-7.12,-1.45,-51.12,3.10,-7.35,0.04,0.32,0.30
14513619,-2.69,-9.15,-2.29,-32.19,0.80,-0.37,0.04,0.32,0.30
14524612,-1.88,-10.06,-1.80,-11.20,40.09,5.78,0.05,0.33,0.29
14538176,-1.95,-9.32,-1.01,3.18,78.97,6.89,0.05,0.33,0.29
14548334,-2.45,-8.46,-0.80,1.21,72.09,5.52,0.05,0.33,0.29
14564365,-2.72,-7.55,-1.56,-3.12,41.54,3.57,0.04,0.32,0.29
14577165,-2.73,-7.64,-1.89,3.88,37.11,2.96,0.04,0.33,0.27
14587110,-2.77,-7.95,-1.76,8.99,39.01,5.48,0.04,0.33,0.27
14596196,-2.80,-7.25,-1.20,10.92,38.13,6.97,0.04,0.33,0.27
14605252,-2.82,-7.21,-0.72,10.62,32.76,10.99,0.03,0.34,0.29
14614658,-2.66,-7.00,-0.73,8.66,28.03,14.06,0.03,0.34,0.29
14625435,-2.39,-7.38,-0.98,5.33,25.68,16.20,0.03,0.34,0.29
14634437,-1.95,-7.98,-0.84,-1.82,22.57,18.46,0.03,0.34,0.29
14646774,-1.02,-8.90,-1.55,-20.72,7.80,22.25,0.03,0.34,0.29
14657441,0.31,-10.08,-2.37,-30.43,-4.32,24.78,0.03,0.34,0.28
14666503,1.15,-11.21,-2.27,-25.64,-5.25,26.71,0.03,0.34,0.28
14678184,1.55,-12.76,-2.53,-11.84,1.39,26.97,0.04,0.34,0.28
14690747,0.28,-13.54,-3.18,0.97,26.82,26.92,0.04,0.34,0.28
14701344,-2.55,-13.13,-2.53,22.17,57.07,20.08,0.04,0.35,0.28
14713860,-5.14,-12.25,-1.46,35.79,51.84,9.61,0.04,0.35,0.28
14725384,-6.20,-11.90,-0.74,28.23,38.93,-0.84,0.04,0.34,0.29
14736462,-6.31,-12.10,0.64,-1.79,27.90,-5.84,0.04,0.34,0.29
14746890,-5.66,-12.83,1.53,-32.87,4.03,-13.37,0.04,0.34,0.29
14759861,-2.86,-14.31,1.31,-56.48,-23.07,-20.75,0.03,0.34,0.27
14780788,-2.05,-15.18,4.31,-70.95,4.52,-33.71,0.03,0.36,0.28
14792700,-1.53,-14.42,7.22,-70.73,12.98,-50.96,0.03,0.36,0.28
14803487,-1.20,-13.26,7.98,-69.83,-2.40,-72.30,0.01,0.34,0.26
14814143,0.37,-10.90,5.54,-48.61,-14.40,-75.00,0.01,0.34,0.26
14825530,2.14,-9.77,3.17,-34.02,-15.31,-66.58,0.01,0.36,0.25
14837766,2.42,-9.49,1.07,-61.68,-19.76,-47.07,0.01,0.36,0.25
14847782,1.55,-10.42,-0.13,-84.99,-15.13,-26.21,0.01,0.36,0.25
14858020,1.00,-12.39,-0.52,-75.95,-22.02,5.15,-0.01,0.36,0.25
14870202,0.73,-14.24,-1.28,-17.33,-47.91,31.93,-0.01,0.36,0.25
14881157,0.40,-14.30,-0.18,48.63,-65.08,54.75,0.01,0.37,0.24
14890604,0.68,-13.33,0.93,97.68,-72.98,66.43,0.01,0.37,0.24
14901463,0.27,-11.14,0.93,144.72,-53.41,75.33,0.02,0.37,0.26
14910599,-1.38,-9.02,0.80,170.27,-22.55,75.24,0.02,0.37,0.26
14919961,-2.24,-7.30,1.25,168.17,-3.26,80.51,0.02,0.37,0.26
14929389,-3.96,-6.24,2.06,151.06,-12.56,86.07,0.04,0.35,0.28
14938982,-5.59,-5.05,2.77,132.62,-33.25,75.51,0.04,0.35,0.28
14948181,-5.96,-4.08,3.30,103.89,-58.81,68.31,0.06,0.34,0.31
14957816,-5.57,-3.78,3.37,44.11,-80.23,63.12,0.06,0.34,0.31
14970827,-3.29,-3.55,2.91,-25.29,-103.62,51.45,0.06,0.34,0.31
14989587,0.85,-4.70,0.39,-81.43,-107.76,40.71,0.07,0.33,0.31
15001517,2.94,-5.70,-0.43,-104.34,-88.87,36.64,0.10,0.34,0.30
15011331,4.47,-6.92,-1.27,-110.48,-72.49,33.78,0.10,0.34,0.30
15022779,5.58,-9.23,-2.28,-97.83,-58.80,31.17,0.13,0.35,0.28
15034935,5.75,-11.76,-3.25,-58.92,-35.53,34.77,0.11,0.35,0.28
15045484,5.83,-14.24,-3.07,-1.84,-22.63,22.79,0.11,0.35,0.28
15055824,3.76,-13.12,-3.43,54.62,3.01,12.43,0.12,0.36,0.28
15068387,1.33,-11.64,-1.30,95.63,36.78,13.08,0.12,0.36,0.28
15086844,-0.04,-7.17,-0.40,95.14,41.56,7.81,0.12,0.35,0.29
15096914,-0.50,-5.14,-1.07,65.56,33.12,-1.32,0.12,0.35,0.29
15109807,-0.73,-4.52,-1.77,18.37,27.00,-7.65,0.11,0.35,0.30
15118977,-0.89,-4.85,-2.53,-1.76,23.34,-12.76,0.11,0.35,0.30
15128503,-1.31,-5.70,-3.02,-3.33,22.86,-16.57,0.11,0.34,0.30
15137977,-1.56,-6.18,-3.06,3.67,22.01,-22.05,0.11,0.34,0.30
15147605,-1.41,-6.56,-2.57,14.58,13.37,-23.99,0.10,0.34,0.30
15156641,-1.07,-6.71,-2.56,25.15,4.32,-27.11,0.10,0.34,0.30
15168930,-0.18,-6.79,-2.31,35.50,-15.56,-28.89,0.10,0.34,0.30
15177981,0.15,-6.93,-1.79,33.28,-21.67,-29.62,0.10,0.34,0.31
15188910,-0.39,-7.27,-0.39,19.09,-25.50,-32.04,0.10,0.34,0.31
15202701,-2.46,-8.52,-0.05,-13.74,-21.25,-26.21,0.09,0.34,0.32
15215580,-4.24,-10.78,-0.86,-37.38,-19.56,-18.55,0.09,0.34,0.32
15225266,-3.93,-12.81,-2.43,-36.37,-27.49,-10.04,0.08,0.34,0.31
15234371,-3.07,-14.15,-4.31,-31.41,-31.78,-0.56,0.08,0.34,0.31
15247927,-1.42,-13.71,-5.32,-9.63,-25.58,14.04,0.09,0.34,0.31
15258853,-0.06,-11.50,-4.40,21.30,-22.32,11.23,0.09,0.34,0.31
15268096,0.23,-9.83,-2.37,42.95,-33.01,13.97,0.09,0.34,0.31
15279461,-0.40,-10.58,0.21,32.86,-63.30,22.55,0.11,0.33,0.31
15292110,-0.19,-14.25,2.48,-26.06,-97.62,29.64,0.11,0.33,0.31
15305803,-1.01,-19.60,3.54,-56.44,-92.45,57.01,0.12,0.34,0.31
15320505,3.81,-19.60,5.79,-0.22,-73.58,104.62,0.12,0.34,0.31
15329759,10.83,-19.60,7.81,135.92,-23.74,34.97,0.14,0.34,0.30
15338983,10.88,-11.69,3.06,286.68,63.81,-10.12,0.14,0.34,0.30
15352687,6.38,-3.64,-2.78,279.44,231.95,77.36,0.13,0.32,0.34
15362036,-1.15,-0.43,1.16,105.97,185.05,68.36,0.13,0.32,0.34
15371136,-5.11,-2.62,3.37,-49.74,57.08,63.61,0.13,0.32,0.34
15381377,-4.91,-6.94,2.52,-102.98,-43.27,35.80,0.12,0.29,0.35
15394340,-1.93,-8.98,3.04,-71.41,-67.06,3.12,0.12,0.29,0.35
15403612,-0.85,-8.40,3.51,-42.62,-36.75,-29.10,0.13,0.31,0.35
15412789,-0.74,-7.86,1.33,-33.13,-15.08,-53.45,0.13,0.31,0.35
15422738,-0.03,-7.00,-0.55,-71.35,-6.51,-75.66,0.13,0.31,0.34
15431774,1.05,-8.57,-1.01,-119.39,-25.63,-79.57,0.13,0.31,0.34
15441298,2.49,-12.32,-1.24,-163.03,-48.44,-73.31,0.13,0.31,0.34
15453760,3.70,-16.91,-1.83,-194.70,5.09,-35.83,0.12,0.33,0.32
15462797,3.05,-19.18,-1.62,-119.08,84.57,-18.92,0.12,0.33,0.32
15471998,0.94,-17.55,-1.72,27.12,145.35,-36.71,0.11,0.34,0.31
15481559,-0.84,-12.19,-1.39,149.21,157.24,-40.35,0.11,0.34,0.31
15497527,-2.54,-5.37,1.52,136.54,76.40,-35.02,0.09,0.33,0.32
15506622,-1.53,-2.63,1.11,68.49,30.12,-33.13,0.09,0.33,0.32
15515880,-0.07,-2.09,-0.28,-16.14,21.68,-23.55,0.09,0.33,0.32
15527912,0.62,-2.39,-0.89,-84.82,64.74,-13.27,0.08,0.32,0.33
15537015,0.01,-3.92,-0.25,-103.93,93.72,-6.35,0.08,0.32,0.33
15547383,-1.82,-5.43,-0.04,-92.34,87.68,-3.47,0.07,0.34,0.31
15556898,-2.85,-6.64,-0.49,-68.11,47.16,-0.97,0.07,0.34,0.31
15566200,-3.04,-7.64,-1.44,-34.82,11.34,0.12,0.07,0.34,0.31
15576798,-1.80,-8.70,-2.40,-6.83,8.23,6.41,0.06,0.35,0.29
15586480,-0.82,-8.86,-2.50,3.62,38.43,6.16,0.06,0.35,0.29
15600063,-0.84,-8.72,-1.86,0.84,74.79,9.92,0.06,0.35,0.29
15614205,-1.73,-8.02,-1.69,1.50,80.31,11.94,0.06,0.35,0.29
15624757,-2.19,-7.28,-1.59,10.32,68.34,11.56,0.05,0.35,0.30
15633851,-2.28,-6.59,-1.53,14.76,58.20,14.82,0.05,0.35,0.30
15653260,-1.79,-6.40,-1.56,13.13,51.46,22.77,0.04,0.35,0.30
15663976,-1.55,-6.44,-1.07,11.30,51.30,24.89,0.04,0.35,0.30
15681620,-1.53,-5.68,-0.17,9.26,43.69,26.08,0.05,0.34,0.29
15700200,-0.79,-6.44,-0.78,-22.89,37.98,32.03,0.03,0.34,0.29
15713840,-0.20,-8.31,-2.85,-51.13,36.23,38.91,0.03,0.34,0.29
15730250,0.52,-10.56,-2.46,-38.79,16.88,41.82,0.05,0.34,0.28
15740266,0.60,-12.70,-2.10,-13.35,17.45,43.37,0.05,0.34,0.28
15749667,0.43,-11.92,-2.02,12.60,32.80,42.60,0.05,0.36,0.27
15759676,-0.67,-11.60,-2.02,28.81,54.27,30.84,0.05,0.36,0.27
15768994,-2.21,-10.07,-1.25,31.59,68.98,21.14,0.05,0.36,0.27
15778721,-3.90,-9.07,-1.04,16.56,76.37,10.85,0.05,0.35,0.28
15790244,-5.25,-9.00,-0.39,-3.46,74.81,0.55,0.05,0.35,0.28
15805000,-5.77,-9.33,0.47,-35.91,56.78,-1.90,0.04,0.34,0.28
15814017,-5.03,-9.71,1.41,-58.82,32.86,4.59,0.04,0.34,0.28
15824987,-4.49,-13.25,1.26,-67.34,-7.42,3.41,0.04,0.34,0.27
15834139,-3.50,-15.44,-0.43,-57.21,-20.20,-3.89,0.04,0.34,0.27
15843579,-2.99,-16.76,0.75,-49.05,-2.56,-9.87,0.04,0.34,0.27
15853020,-2.23,-15.82,3.19,-31.65,-1.88,-13.40,0.04,0.36,0.27
15862161,-2.05,-15.80,4.48,-30.99,-9.73,-29.46,0.04,0.36,0.27
15871830,-1.75,-16.60,5.35,-53.60,-12.60,-58.30,0.03,0.35,0.27
15881322,-0.39,-15.71,7.14,-85.23,-21.03,-83.76,0.03,0.35,0.27
15891380,1.52,-14.15,7.63,-81.75,-44.83,-94.49,0.03,0.35,0.27
15905082,4.76,-12.07,3.07,-43.39,-45.96,-92.81,0.03,0.37,0.24
15914284,6.39,-11.30,-0.13,-24.93,-26.50,-83.19,0.03,0.37,0.24
15923538,6.35,-10.99,-1.11,-21.95,-4.53,-62.12,0.01,0.37,0.24
15933039,4.39,-12.14,-0.75,-13.11,-4.19,-37.10,0.01,0.37,0.24
15944539,1.77,-13.16,-0.79,19.27,-28.03,-9.42,0.01,0.37,0.24
15954724,-0.35,-13.49,-1.97,68.75,-52.25,8.94,0.02,0.37,0.24
15964262,-3.43,-13.10,-2.66,109.06,-46.04,28.00,0.02,0.37,0.24
15974039,-5.44,-13.14,-0.95,114.92,-21.87,36.72,0.02,0.36,0.25
15983170,-6.68,-11.66,1.42,105.73,-17.51,37.72,0.02,0.36,0.25
15993638,-6.75,-9.86,3.53,102.90,-38.28,46.16,0.02,0.36,0.25
16008613,-3.35,-7.50,4.35,113.26,-86.61,41.69,0.03,0.35,0.27
16018040,-0.23,-5.01,2.44,118.22,-113.15,41.26,0.03,0.35,0.27
16027217,2.88,-3.51,-0.52,102.29,-109.31,45.47,0.04,0.34,0.28
16036339,4.86,-3.67,-3.12,52.95,-78.72,50.08,0.04,0.34,0.28
16046063,4.58,-4.09,-2.11,-2.24,-45.59,53.60,0.06,0.32,0.30
16055181,3.19,-5.88,-0.57,-25.38,-37.42,56.50,0.06,0.32,0.30
16067621,1.73,-8.45,-0.30,-45.57,-54.25,55.31,0.06,0.32,0.30
16076803,0.38,-9.13,-0.66,-44.49,-54.19,49.26,0.07,0.33,0.31
16086138,-0.52,-8.96,-0.39,-21.84,-47.82,38.69,0.07,0.33,0.31
16096242,-0.98,-7.89,-0.29,14.01,-45.11,28.47,0.08,0.33,0.30
16109790,-1.13,-6.45,-0.48,46.00,-45.29,28.96,0.08,0.33,0.30
16119018,-1.17,-5.74,0.55,37.76,-50.29,34.50,0.08,0.33,0.30
16129519,-1.29,-5.29,1.03,10.57,-58.97,45.60,0.09,0.33,0.29
16139884,-0.80,-5.08,0.79,-9.77,-68.27,37.29,0.09,0.33,0.29
16149137,-0.33,-4.15,-1.06,-32.32,-65.21,23.68,0.10,0.33,0.31
16161967,1.23,-4.56,-3.51,-72.11,-44.27,21.92,0.10,0.33,0.31
16171138,1.97,-6.06,-4.98,-88.74,-25.03,14.18,0.11,0.33,0.30
16180681,2.41,-7.57,-5.79,-86.86,0.11,3.06,0.11,0.33,0.30
16189806,2.56,-9.90,-5.26,-68.12,14.45,-10.14,0.11,0.33,0.30
16201050,1.98,-11.42,-4.19,-20.89,14.08,-21.15,0.10,0.35,0.28
16212861,1.33,-11.80,-2.49,26.64,3.12,-32.63,0.10,0.35,0.28
16223035,0.65,-10.33,-1.64,73.69,-6.34,-41.51,0.11,0.35,0.30
16232186,0.05,-8.14,-1.53,97.69,-9.38,-46.06,0.11,0.35,0.30
16242624,-0.71,-5.36,-2.32,93.90,-11.86,-48.06,0.11,0.35,0.30
16254709,-1.73,-2.75,-2.05,53.94,-15.45,-46.97,0.10,0.34,0.30
16264012,-2.12,-2.79,-0.93,15.89,-26.49,-49.25,0.10,0.34,0.30
16273221,-1.93,-4.30,0.27,-27.32,-27.72,-46.08,0.09,0.33,0.31
16282495,-1.75,-6.89,0.00,-61.62,-21.96,-40.58,0.09,0.33,0.31
16293057,-2.64,-9.71,-0.35,-86.32,-11.83,-33.42,0.09,0.33,0.31
16316470,-2.18,-16.26,-4.08,-73.75,-33.18,2.49,0.09,0.34,0.30
16327400,0.34,-16.31,-4.38,-32.32,-26.59,19.70,0.09,0.35,0.28
16337421,1.28,-14.83,-5.47,18.44,16.52,28.99,0.09,0.35,0.28
16347047,0.76,-12.12,-4.70,59.98,53.33,23.69,0.09,0.35,0.29
16357034,0.30,-8.18,-3.20,66.39,33.64,17.47,0.09,0.35,0.29
16367628,-1.37,-6.76,-1.99,48.43,-45.45,17.27,0.09,0.35,0.29
16376842,-1.87,-8.59,-1.46,22.48,-94.93,21.14,0.09,0.34,0.29
16386004,-1.52,-11.39,-0.03,-26.70,-115.32,30.35,0.09,0.34,0.29
16395242,-1.45,-14.75,2.84,-60.58,-118.03,37.72,0.11,0.34,0.29
16407382,-1.31,-19.48,4.03,-56.98,-113.53,43.56,0.11,0.34,0.29
16424187,0.90,-19.60,4.28,31.25,-4.85,98.94,0.12,0.33,0.30
16433459,3.13,-18.73,9.38,152.37,75.99,61.63,0.12,0.33,0.30
16444134,2.53,-10.33,3.49,264.39,116.04,70.29,0.12,0.33,0.31
16453339,1.20,-4.92,-4.13,198.60,125.38,78.09,0.13,0.33,0.31
16463045,-1.73,-3.51,0.62,65.17,50.68,71.48,0.13,0.33,0.31
16472200,-1.40,-5.32,2.02,-17.05,-28.91,41.83,0.13,0.31,0.33
16481281,0.75,-8.13,-1.24,-41.96,-61.15,9.53,0.13,0.31,0.33
16490751,0.66,-9.69,-2.57,-17.18,-20.78,-28.75,0.13,0.31,0.33
16504377,-0.42,-7.58,1.54,2.39,-6.74,-87.47,0.14,0.31,0.32
16517498,1.44,-7.22,3.85,-74.53,-39.77,-97.27,0.14,0.31,0.32
16527752,2.32,-10.40,0.66,-196.98,-19.80,-63.74,0.13,0.31,0.33
16536899,0.23,-17.10,-3.14,-249.29,21.13,-14.73,0.13,0.31,0.33
16546561,-2.57,-19.60,-4.15,-193.58,53.89,4.31,0.12,0.34,0.30
16555802,-2.57,-19.60,0.75,-19.15,62.34,-24.49,0.12,0.34,0.30
16565037,-0.69,-17.21,4.63,146.90,43.22,-54.80,0.12,0.34,0.30
16579057,0.55,-8.35,2.05,222.15,51.19,-52.16,0.11,0.34,0.30
16588216,1.10,-3.96,0.57,142.84,81.38,-36.72,0.11,0.34,0.30
16598481,0.77,-1.40,0.95,-9.15,75.24,-18.74,0.09,0.32,0.33
16611561,0.77,-2.57,-0.24,-119.36,55.26,-5.90,0.09,0.32,0.33
16621418,0.75,-3.87,-0.85,-138.35,52.53,-7.59,0.08,0.34,0.31
16630763,0.04,-5.13,-0.99,-113.92,46.27,-10.91,0.08,0.34,0.31
16642008,-0.67,-6.46,-1.72,-60.17,34.85,-12.97,0.08,0.34,0.31
16655588,-1.43,-7.24,-1.51,-5.49,31.57,-8.72,0.07,0.35,0.29
16665643,-1.76,-6.92,-1.11,7.08,32.45,-5.84,0.07,0.35,0.29
16677088,-1.86,-6.40,-0.34,0.81,35.97,-5.43,0.07,0.34,0.29
16686368,-1.56,-6.31,-0.23,-10.85,41.79,-3.18,0.07,0.34,0.29
16696759,-1.22,-6.52,-0.90,-23.40,52.12,-3.05,0.07,0.35,0.29
16710461,-1.24,-7.54,-1.79,-28.52,67.14,1.74,0.07,0.35,0.29
16727085,-1.87,-7.27,-1.39,-4.29,76.35,1.71,0.06,0.35,0.29
16737852,-2.15,-6.23,-0.10,7.41,67.27,2.09,0.06,0.35,0.29
16748027,-2.05,-5.01,0.52,10.44,52.75,6.39,0.05,0.34,0.28
16757852,-1.56,-3.85,0.54,2.41,45.13,16.21,0.05,0.34,0.28
16767124,-1.28,-3.44,-0.19,-13.28,43.30,25.39,0.05,0.34,0.28
16777212,-1.10,-3.96,-1.06,-23.27,43.99,35.53,0.05,0.35,0.28
16786410,-1.11,-5.21,-1.31,-26.79,44.80,42.99,0.05,0.35,0.28
16795896,-0.94,-6.60,-1.55,-32.15,39.04,50.88,0.05,0.36,0.28
16805046,-0.89,-8.30,-2.11,-43.45,30.67,59.30,0.05,0.36,0.28
16816330,-1.28,-10.45,-1.72,-37.83,21.01,61.21,0.05,0.36,0.28
16830279,-2.18,-12.47,-1.27,-2.31,20.37,65.29,0.06,0.36,0.27
16840178,-3.44,-12.78,-2.28,10.81,18.22,60.45,0.06,0.36,0.27
16849383,-4.14,-11.95,-2.63,19.56,17.31,46.03,0.07,0.37,0.28
16858673,-4.44,-11.62,-2.26,17.92,24.05,30.02,0.07,0.37,0.28
16867746,-5.45,-11.29,-1.98,6.76,40.15,10.25,0.07,0.37,0.27
16900966,-5.91,-12.90,3.30,-59.08,-43.57,-26.44,0.07,0.36,0.28
16973276,3.98,-11.88,4.50,-60.17,-1.66,-87.93,0.05,0.36,0.24
16982677,5.50,-11.16,2.72,-47.85,-4.85,-67.79,0.05,0.36,0.24
16991853,5.77,-12.10,1.09,-58.41,-13.29,-46.08,0.05,0.36,0.24
17001574,5.40,-14.11,-0.49,-78.09,-15.99,-15.60,0.04,0.38,0.25
17010857,4.69,-16.60,-0.76,-61.46,-20.42,9.69,0.04,0.38,0.25
17020449,3.27,-18.24,-0.71,7.36,-26.94,30.44,0.04,0.38,0.22
17032745,0.34,-18.23,-0.52,123.16,-22.42,48.60,0.04,0.38,0.22
17042884,-2.48,-16.00,0.46,194.48,1.44,57.54,0.04,0.38,0.25
17052680,-4.21,-12.57,1.86,214.30,21.91,72.53,0.04,0.38,0.25
17062084,-4.73,-9.57,3.01,206.72,26.98,80.75,0.04,0.38,0.25
17071950,-3.95,-7.03,3.77,175.77,13.37,75.37,0.05,0.34,0.29
17082159,-2.93,-4.85,3.39,134.77,-13.98,64.36,0.05,0.34,0.29
17091868,-1.48,-3.71,2.27,95.12,-28.76,47.96,0.05,0.34,0.29
17101189,0.11,-3.53,0.81,46.69,-34.39,36.68,0.07,0.34,0.31
17110487,0.90,-4.91,-0.72,-15.53,-30.02,37.79,0.07,0.34,0.31
17120180,0.74,-6.40,-1.51,-51.92,-9.32,33.06,0.08,0.35,0.31
17134010,0.16,-8.29,-1.43,-52.42,9.23,24.53,0.08,0.35,0.31
17143814,-0.52,-8.50,-1.17,-29.84,6.72,17.66,0.08,0.35,0.29
17153147,-0.53,-8.17,-0.92,-3.40,-2.87,16.35,0.08,0.35,0.29
17162398,-0.18,-7.12,-1.13,11.43,-20.92,18.42,0.08,0.35,0.29
17171552,0.39,-6.21,-1.30,12.41,-31.57,23.63,0.09,0.34,0.30
17180808,0.82,-5.72,-1.45,4.53,-34.06,28.31,0.09,0.34,0.30
17192830,1.06,-5.99,-1.46,-4.77,-23.36,27.79,0.10,0.35,0.30
17202013,0.57,-6.54,-1.52,-4.09,-10.89,28.27,0.10,0.35,0.30
17211165,-0.07,-7.29,-1.22,6.77,-8.75,21.52,0.10,0.35,0.30
17225381,-0.71,-7.27,-1.49,13.00,-14.16,15.30,0.11,0.35,0.30
17239672,-0.32,-6.68,-2.24,8.70,-8.67,9.50,0.11,0.35,0.30
17249111,-0.23,-6.10,-3.06,8.35,2.87,2.65,0.11,0.35,0.30
17258460,-0.45,-5.72,-3.21,7.02,15.43,-0.90,0.11,0.35,0.30
17267889,-0.94,-5.52,-3.25,2.37,17.56,-8.36,0.11,0.34,0.30
17281573,-1.61,-5.62,-2.92,1.51,13.72,-21.50,0.11,0.34,0.30
17291094,-1.89,-5.68,-2.51,3.86,7.86,-31.60,0.11,0.34,0.30
17300399,-1.82,-5.87,-1.65,5.94,1.97,-39.07,0.10,0.34,0.30
17309455,-1.42,-5.48,-0.52,8.09,-5.40,-45.41,0.10,0.34,0.30
17320017,-0.33,-4.84,-0.27,8.81,-11.87,-47.28,0.10,0.34,0.30
17337612,0.24,-3.72,-0.67,-9.81,-31.97,-43.34,0.10,0.34,0.30
17347032,-0.71,-3.82,-0.34,-18.30,-42.16,-36.26,0.09,0.34,0.31
17356210,-2.25,-4.38,-0.01,-24.69,-49.69,-29.19,0.09,0.34,0.31
17365428,-3.40,-6.07,-0.01,-39.88,-56.86,-19.42,0.09,0.34,0.31
17374997,-4.00,-8.29,-2.28,-66.72,-70.67,-2.50,0.09,0.34,0.29
17384106,-3.90,-11.47,-3.63,-83.71,-67.03,16.83,0.09,0.34,0.29
17393330,-3.73,-13.47,-4.03,-76.00,-51.37,29.05,0.10,0.36,0.29
17402853,-3.74,-14.94,-4.68,-44.82,-33.51,39.10,0.10,0.36,0.29
17412328,-3.53,-14.93,-5.35,0.35,-22.94,35.89,0.10,0.36,0.29
17423276,-1.12,-13.21,-3.57,32.94,-39.54,14.94,0.11,0.36,0.29
17435242,1.76,-10.60,-1.05,40.92,-116.46,13.33,0.11,0.36,0.29
17447460,3.49,-12.65,2.78,-5.30,-193.33,28.45,0.11,0.35,0.29
17462336,2.90,-19.60,6.67,-143.93,-179.77,110.49,0.11,0.35,0.29
17476144,-1.06,-19.60,6.37,-121.93,-110.25,211.80,0.16,0.35,0.26
17485272,0.68,-19.60,11.12,113.26,-11.99,133.82,0.16,0.35,0.26
17495309,2.43,-15.31,14.44,286.68,82.06,84.20,0.18,0.35,0.26
17504429,2.61,-8.26,5.86,286.68,112.32,107.04,0.18,0.35,0.26
17514395,1.88,-2.10,-6.35,286.68,184.83,104.91,0.18,0.35,0.26
17547596,1.87,-9.47,-1.89,-121.80,-86.01,-38.96,0.19,0.30,0.34
17562781,4.08,-10.11,-0.29,-93.07,-46.22,-94.50,0.19,0.30,0.34
17571993,3.93,-8.44,1.70,-91.90,-37.06,-118.22,0.18,0.31,0.33
17581394,3.51,-9.64,2.73,-174.09,-14.64,-91.09,0.18,0.31,0.33
17596020,-2.64,-19.60,-5.23,-230.24,16.79,-4.76,0.17,0.33,0.30
17605349,-5.56,-19.60,-3.32,-146.05,27.45,36.11,0.17,0.33,0.30
17615352,-3.66,-19.60,3.37,51.15,10.13,-10.38,0.17,0.33,0.30
17638170,-1.32,-10.16,0.11,233.19,88.55,-52.46,0.18,0.35,0.27
17647372,-2.71,-5.25,-2.92,115.82,119.84,-37.00,0.17,0.32,0.31
17662870,-3.56,-4.15,-0.36,-115.66,39.34,-25.52,0.17,0.32,0.31
17673017,-1.13,-6.29,-0.99,-162.25,-0.41,-24.68,0.14,0.32,0.31
17682378,0.77,-7.31,-1.19,-157.37,0.78,-29.53,0.14,0.32,0.31
17695631,1.18,-7.56,-0.39,-76.39,25.02,-34.41,0.14,0.34,0.29
17706035,1.29,-6.05,-0.45,-21.14,20.93,-38.45,0.14,0.34,0.29
17715159,1.77,-4.89,-0.23,3.85,4.50,-33.58,0.14,0.34,0.29
17724615,1.80,-3.53,-1.44,3.44,-8.91,-29.00,0.13,0.34,0.28
17737035,2.35,-4.00,-1.27,-20.26,15.72,-22.84,0.13,0.34,0.28
17749965,1.87,-4.91,-0.30,-29.47,51.70,-17.91,0.13,0.34,0.28
17759794,1.44,-4.99,-0.04,-24.59,82.13,-5.82,0.13,0.34,0.28
17769212,0.08,-4.48,-0.08,-8.62,87.98,1.15,0.12,0.35,0.27
17778439,-0.79,-4.17,-0.18,5.34,78.90,9.45,0.12,0.35,0.27
17787629,-1.44,-3.54,-0.29,10.23,67.32,15.61,0.12,0.35,0.27
17797737,-1.44,-3.30,-0.04,7.36,66.08,20.61,0.12,0.35,0.27
17807633,-1.20,-2.94,-0.16,-11.70,80.55,25.92,0.12,0.35,0.27
17816872,-1.09,-2.52,-0.54,-31.82,92.29,30.05,0.11,0.35,0.26
17826120,-0.90,-2.70,-0.50,-44.28,97.19,33.85,0.11,0.35,0.26
17838469,-0.38,-3.41,-0.53,-45.17,84.04,39.51,0.11,0.35,0.26
17855678,0.17,-6.35,-2.66,-52.38,40.40,50.72,0.10,0.36,0.26
17874205,0.19,-11.45,-1.32,-25.09,22.83,54.46,0.11,0.36,0.25
17884351,-1.21,-12.78,-1.11,4.77,44.12,55.83,0.11,0.36,0.25
17893436,-2.72,-13.41,-1.18,19.90,66.55,49.32,0.11,0.37,0.24
17904295,-5.20,-12.63,-0.77,33.71,80.82,38.73,0.11,0.37,0.24
17914189,-7.66,-11.67,0.33,43.83,83.93,23.29,0.11,0.37,0.24
17939797,-9.40,-13.04,6.28,-38.13,-9.69,-33.06,0.11,0.37,0.25
17952470,-6.01,-18.51,5.96,-126.89,-124.38,-78.61,0.11,0.36,0.25
17964518,-2.81,-19.60,1.50,-186.55,-139.12,-128.22,0.11,0.36,0.25
17974604,-1.59,-19.60,2.67,-189.77,-91.39,-129.90,0.10,0.38,0.22
17985133,-0.94,-19.60,6.80,-133.67,-10.99,-101.83,0.10,0.38,0.22
17999109,-0.01,-16.56,11.17,35.85,9.06,-93.71,0.08,0.39,0.20
18008256,2.25,-13.64,6.49,138.48,-24.40,-90.15,0.08,0.39,0.20
18018634,6.49,-7.91,-2.78,99.79,-15.13,-59.39,0.06,0.38,0.21
18027715,5.86,-6.48,-2.11,14.65,-17.82,-38.23,0.06,0.38,0.21
18044691,3.31,-10.49,0.16,-117.97,-29.64,22.70,0.05,0.39,0.22
18054516,2.22,-13.96,1.51,-99.64,-32.94,35.59,0.05,0.39,0.22
18063732,1.74,-16.24,2.80,-41.08,-48.58,44.42,0.05,0.39,0.22
18073152,1.76,-16.78,2.11,29.42,-67.30,49.47,0.07,0.39,0.19
18082478,1.84,-15.95,1.73,71.95,-64.42,60.07,0.07,0.39,0.19
18092156,1.22,-14.90,1.76,102.35,-50.61,63.46,0.08,0.39,0.21
18101455,-0.11,-13.16,2.02,131.44,-19.40,59.40,0.08,0.39,0.21
18110700,-1.03,-10.51,3.27,146.08,4.34,53.32,0.08,0.39,0.21
18119954,-0.68,-8.65,3.25,141.09,4.81,51.85,0.08,0.38,0.22
18129274,0.35,-6.83,2.44,113.47,-19.27,46.95,0.08,0.38,0.22
18141328,1.40,-6.12,1.43,42.24,-39.73,49.89,0.09,0.37,0.24
18158513,2.20,-8.27,-0.43,-12.64,-27.43,50.31,0.09,0.37,0.24
18167734,1.38,-9.39,-1.03,-3.01,0.89,43.75,0.10,0.37,0.24
18177028,-0.46,-9.67,-0.75,26.68,36.68,35.25,0.10,0.37,0.24
18188459,-2.22,-8.67,0.33,73.30,69.66,33.01,0.10,0.37,0.24
18198035,-2.97,-7.04,1.47,84.84,62.13,32.94,0.10,0.36,0.25
18209159,-2.77,-4.16,2.27,48.75,4.01,27.51,0.10,0.36,0.25
18218360,-1.61,-2.52,1.80,-1.76,-53.00,27.44,0.10,0.35,0.26
18228294,0.31,-2.54,-0.60,-57.74,-74.91,32.23,0.10,0.35,0.26
18241966,2.21,-4.84,-2.97,-78.89,-19.12,24.99,0.11,0.36,0.25
18263913,-0.27,-7.34,-1.58,9.59,50.71,17.59,0.11,0.36,0.25
18278603,-1.16,-6.52,-0.16,34.50,-13.35,11.38,0.12,0.37,0.24
18288653,-0.80,-5.85,-1.04,35.00,-44.02,7.50,0.12,0.37,0.24
18297734,0.00,-5.55,-2.29,33.63,-48.48,-0.31,0.12,0.37,0.26
18307120,0.40,-5.34,-3.42,23.42,-26.67,-6.65,0.12,0.37,0.26
18319411,-0.20,-5.57,-3.55,12.65,4.91,-16.06,0.12,0.36,0.26
18329800,-0.98,-5.77,-2.93,7.87,15.19,-24.42,0.12,0.36,0.26
18339038,-1.25,-6.00,-2.24,9.17,11.91,-32.01,0.12,0.36,0.25
18348843,-0.84,-6.26,-1.34,14.87,0.17,-38.97,0.10,0.36,0.25
18361627,0.17,-6.06,-0.56,23.59,-15.09,-42.72,0.10,0.36,0.25
18370815,0.64,-5.52,-0.11,22.05,-21.46,-41.80,0.09,0.36,0.25
18380051,0.37,-5.13,0.78,9.90,-22.66,-37.88,0.09,0.36,0.25
18389584,-0.33,-5.16,1.56,-6.82,-26.66,-31.35,0.09,0.37,0.26
18399239,-1.70,-5.78,1.38,-23.13,-30.54,-21.13,0.09,0.37,0.26
18409870,-3.11,-7.44,0.16,-39.17,-35.61,-14.56,0.09,0.37,0.26
18419052,-3.23,-9.39,-1.46,-54.64,-51.49,-6.04,0.08,0.37,0.25
18428472,-2.71,-11.97,-3.47,-61.28,-59.63,2.10,0.08,0.37,0.25
18437858,-1.86,-13.88,-4.95,-43.91,-52.28,5.43,0.08,0.37,0.25
18447489,-0.54,-15.14,-5.48,-13.55,-29.09,8.44,0.09,0.37,0.25
18483760,1.80,-12.09,0.24,24.82,-67.16,13.63,0.09,0.37,0.25
18492897,1.76,-14.20,1.69,-15.33,-99.58,27.19,0.09,0.37,0.24
18502072,1.47,-19.00,2.40,-55.76,-111.21,40.37,0.09,0.37,0.24
18511204,0.06,-19.60,2.68,-81.53,-100.99,99.43,0.09,0.37,0.24
18520630,-1.42,-19.60,2.87,-51.90,-63.80,154.53,0.12,0.37,0.25
18530019,5.52,-19.60,9.30,96.34,20.54,81.70,0.12,0.37,0.25
18540058,8.12,-14.65,12.15,286.68,66.89,17.91,0.13,0.36,0.25
18550376,5.73,-5.96,-0.25,286.68,187.98,69.85,0.13,0.36,0.25
18566321,-3.54,-0.97,-0.40,89.95,235.24,86.18,0.12,0.33,0.30
18576269,-7.42,-3.82,6.13,-5.69,71.68,74.64,0.12,0.33,0.30
18585729,-5.88,-6.35,6.20,-20.06,-80.73,40.00,0.12,0.33,0.30
18598086,-1.67,-7.28,0.25,18.93,-125.82,-6.98,0.12,0.33,0.30
18608369,-0.25,-6.67,-1.15,34.04,-43.44,-46.17,0.12,0.33,0.30
18618239,-0.29,-5.58,1.31,5.57,14.88,-81.79,0.12,0.34,0.30
18628992,-0.03,-6.16,3.29,-71.64,8.58,-90.43,0.12,0.34,0.30
18641742,0.75,-9.87,1.73,-213.63,-22.44,-61.09,0.11,0.34,0.30
18652109,0.18,-18.07,-1.42,-286.72,-6.44,-7.92,0.11,0.34,0.30
18675201,-0.07,-19.60,0.61,77.90,69.63,-39.10,0.11,0.37,0.25
18685271,0.68,-13.51,3.47,214.14,112.18,-51.25,0.11,0.37,0.25
18694513,0.60,-7.86,2.16,206.36,128.08,-47.74,0.09,0.36,0.27
18709217,-0.60,-2.71,0.26,36.15,90.70,-25.19,0.09,0.36,0.27
18719260,0.05,-3.38,0.29,-74.42,47.54,-18.64,0.07,0.35,0.28
18729304,1.23,-5.60,-0.79,-116.03,36.22,-8.07,0.07,0.35,0.28
18738596,1.68,-6.80,-0.87,-109.45,45.47,-5.36,0.06,0.35,0.27
18747910,1.12,-7.41,-0.98,-70.68,48.68,-4.05,0.06,0.35,0.27
18762144,0.13,-7.44,-1.75,-1.18,43.21,-0.56,0.06,0.35,0.27
18773072,-0.53,-7.12,-1.68,22.14,44.60,2.79,0.06,0.37,0.26
18782322,-1.18,-6.94,-1.89,17.74,48.35,11.59,0.06,0.37,0.26
18791553,-1.44,-7.59,-1.51,3.58,56.20,18.29,0.06,0.36,0.27
18801077,-1.72,-8.09,-0.92,-0.53,66.07,19.13,0.06,0.36,0.27
18810495,-1.81,-7.97,-0.50,12.43,75.99,16.84,0.06,0.36,0.27
18820306,-1.61,-6.83,-0.62,26.57,82.07,12.30,0.05,0.36,0.26
18834305,-1.56,-4.74,-0.80,28.25,86.80,6.03,0.05,0.36,0.26
18844743,-1.70,-3.64,-0.16,15.81,86.72,5.04,0.04,0.34,0.27
18855846,-1.62,-3.15,0.63,-3.97,85.90,8.05,0.04,0.34,0.27
18864934,-1.52,-2.69,0.97,-22.70,85.74,11.57,0.04,0.36,0.26
18875444,-1.31,-2.40,0.91,-42.32,84.74,19.12,0.04,0.36,0.26
18887959,-0.71,-2.08,0.12,-56.04,76.10,25.83,0.03,0.37,0.26
18898197,-0.25,-3.37,-1.31,-55.37,71.85,30.93,0.03,0.37,0.26
18907569,0.38,-5.29,-1.42,-54.85,77.25,41.63,0.03,0.37,0.26
18917100,0.77,-8.45,-1.62,-60.15,75.80,51.23,0.03,0.37,0.27
18926417,0.63,-11.46,-1.30,-60.42,63.29,60.11,0.03,0.37,0.27
18938241,0.52,-14.11,-1.87,-24.46,46.70,60.59,0.03,0.39,0.22
18947958,-0.41,-13.97,-2.63,11.77,47.42,60.61,0.03,0.39,0.22
18957515,-1.31,-13.79,-2.91,40.31,67.45,64.34,0.03,0.39,0.22
18966910,-3.31,-12.52,-1.88,56.03,83.86,52.46,0.04,0.38,0.22
18977286,-5.24,-11.62,-0.44,47.99,72.76,38.98,0.04,0.38,0.22
18986583,-6.91,-10.89,-1.08,31.76,50.44,21.60,0.04,0.38,0.22
18996173,-7.81,-11.20,-0.22,17.03,34.05,6.61,0.03,0.38,0.23
19005996,-7.72,-12.97,1.30,-6.95,5.62,-11.32,0.03,0.38,0.23
19015317,-6.69,-15.36,1.89,-33.89,-29.72,-26.48,0.02,0.38,0.23
19024603,-4.50,-17.30,2.36,-48.70,-64.05,-47.12,0.02,0.38,0.23
19036659,-3.15,-19.02,2.02,-58.83,-60.69,-69.79,0.02,0.38,0.23
19046866,-2.33,-17.65,2.83,-51.16,-44.68,-77.11,0.03,0.38,0.23
19056117,-2.37,-17.49,6.41,-39.19,-37.13,-78.35,0.03,0.38,0.23
19065638,-1.53,-14.52,10.77,-55.32,-43.49,-81.66,0.01,0.38,0.23
19078878,1.54,-12.35,12.84,-111.38,-71.31,-96.82,0.01,0.38,0.23
19088117,4.81,-12.46,9.82,-110.68,-112.92,-120.16,-0.00,0.39,0.22
19098123,6.16,-13.90,0.89,-58.32,-130.02,-122.04,-0.00,0.39,0.22
19107316,5.67,-14.89,-8.28,-8.61,-78.69,-94.49,-0.00,0.39,0.22
19118503,3.75,-14.82,-6.81,-26.50,1.35,-34.46,-0.02,0.39,0.21
19127777,0.89,-16.15,-1.17,-6.52,-21.10,-5.36,-0.02,0.39,0.21
19139421,-0.14,-16.15,1.37,11.33,-66.08,8.78,-0.01,0.39,0.22
19149086,-1.28,-15.15,2.08,64.37,-67.69,25.59,-0.01,0.39,0.22
19159688,-3.59,-13.51,2.21,154.54,-37.16,51.87,-0.01,0.39,0.22
19172089,-4.67,-9.03,-0.73,207.46,-9.24,82.86,0.00,0.39,0.22
19181760,-4.38,-4.59,0.90,170.89,-8.44,98.72,0.00,0.39,0.22
19192341,-4.21,-1.78,3.27,141.44,-54.44,102.21,0.01,0.36,0.26
19205495,-1.20,0.12,3.77,99.57,-111.84,91.67,0.01,0.36,0.26
19214840,0.30,0.42,2.74,55.19,-139.40,88.83,0.03,0.35,0.28
19224036,0.98,-1.24,1.34,-4.02,-139.19,95.69,0.03,0.35,0.28
19234167,1.02,-3.45,-0.13,-50.99,-109.68,89.37,0.03,0.35,0.28
19243425,0.89,-4.90,-1.07,-80.47,-72.06,83.01,0.06,0.36,0.28
19253703,0.82,-6.75,-1.55,-91.94,-45.73,72.27,0.06,0.36,0.28
19263930,0.76,-7.81,-1.76,-91.45,-39.18,55.90,0.08,0.37,0.27
19274000,1.54,-8.62,-2.38,-83.01,-53.06,41.13,0.08,0.37,0.27
19287882,3.90,-9.71,-3.37,-66.50,-63.13,35.75,0.09,0.37,0.25
19298244,5.53,-11.01,-2.94,-50.78,-54.68,20.42,0.09,0.37,0.25
19308011,5.60,-10.88,-2.23,-31.78,-32.83,5.71,0.09,0.37,0.25
19319040,4.54,-11.26,-1.12,7.39,-6.76,2.48,0.09,0.38,0.25
19329592,2.58,-9.59,-0.78,54.69,10.86,-2.68,0.09,0.38,0.25
19338656,0.73,-7.76,-1.09,66.85,17.55,-1.30,0.09,0.38,0.25
19347817,-0.67,-6.44,-1.23,54.77,16.84,-0.66,0.09,0.38,0.25
19357561,-2.05,-5.92,-1.59,19.08,11.25,-1.77,0.09,0.38,0.25
19419626,-1.92,-7.33,-3.75,-22.14,13.38,-40.21,0.09,0.37,0.29
19429458,-1.98,-6.93,-3.26,-26.25,18.34,-44.66,0.09,0.37,0.29
19457362,1.56,-7.32,-0.59,10.15,-6.05,-59.43,0.08,0.38,0.25
19467563,2.12,-6.69,-0.02,25.74,2.56,-60.49,0.06,0.37,0.24
19495442,-0.26,-9.98,-2.30,4.24,12.91,-19.91,0.05,0.36,0.25
19504700,-0.37,-12.67,-4.04,2.93,-4.19,4.45,0.05,0.36,0.25
19513873,-0.17,-13.35,-4.59,23.00,-10.60,27.84,0.05,0.38,0.25
19528628,-0.42,-11.50,-3.49,90.40,18.06,30.28,0.05,0.38,0.25
19538172,-0.43,-8.45,-1.88,118.89,25.03,20.30,0.05,0.36,0.27
19549373,-0.82,-6.38,2.50,104.27,-15.17,19.42,0.05,0.36,0.27
19560951,-0.91,-9.66,6.17,41.91,-92.47,24.85,0.05,0.37,0.28
19573163,-4.00,-17.33,5.73,-70.21,-104.54,67.27,0.06,0.37,0.28
19592775,2.16,-19.60,6.23,-12.97,-56.35,209.32,0.09,0.37,0.27
19604094,11.21,-17.57,15.02,286.37,34.44,28.94,0.09,0.37,0.27
19613778,6.63,1.10,1.84,286.68,127.64,61.15,0.11,0.34,0.31
19625994,3.02,0.84,-7.81,118.10,212.87,63.74,0.11,0.34,0.31
19639001,-1.90,-4.51,-1.16,-172.39,39.10,-8.65,0.10,0.32,0.34
19652450,0.96,-11.21,0.92,-170.08,-67.47,-52.64,0.10,0.32,0.34
19662092,0.10,-12.72,-2.03,-79.42,-56.90,-85.84,0.09,0.35,0.30
19674310,-2.75,-12.79,-0.31,25.59,10.25,-100.47,0.09,0.35,0.30
19683772,-1.99,-10.45,4.57,43.53,11.65,-90.72,0.09,0.35,0.30
19695118,-0.74,-11.05,3.24,-49.94,-35.85,-24.44,0.08,0.36,0.31
19705630,0.81,-15.91,-1.67,-155.05,-18.67,44.41,0.08,0.36,0.31
19715971,-0.08,-19.31,-4.43,-96.14,26.33,26.70,0.08,0.36,0.30
19725210,-1.76,-18.36,-3.42,36.50,60.24,-5.66,0.08,0.36,0.30
19734596,-1.07,-12.88,0.68,99.73,70.84,-35.69,0.08,0.36,0.30
19745773,-1.44,-9.65,1.99,82.42,67.90,-47.62,0.08,0.36,0.28
19755048,-1.76,-7.24,0.16,43.30,70.98,-55.37,0.08,0.36,0.28
19764394,-2.43,-5.98,-1.03,-12.70,77.82,-54.83,0.05,0.35,0.31
19777581,-2.00,-4.88,-0.66,-74.01,67.82,-47.46,0.05,0.35,0.31
19789543,-0.75,-4.62,0.50,-97.27,48.12,-34.37,0.04,0.35,0.29
19799769,0.13,-4.94,0.95,-98.04,34.37,-20.62,0.04,0.35,0.29
19810369,0.75,-4.46,0.61,-78.10,13.14,-21.90,0.03,0.36,0.27
19821204,0.96,-4.44,-1.01,-52.47,-2.88,-17.22,0.03,0.36,0.27
19831070,1.45,-5.38,-1.24,-39.25,-4.68,-8.06,0.03,0.36,0.27
19840277,0.55,-6.56,-2.03,-27.33,6.89,-6.35,0.02,0.37,0.28
19850082,0.29,-7.12,-1.69,-10.81,29.16,-7.08,0.02,0.37,0.28
19873465,-1.24,-6.16,-0.16,13.73,79.90,-0.50,0.02,0.37,0.26
19888934,-2.14,-3.85,-0.51,5.17,96.44,9.26,0.02,0.37,0.28
19898660,-2.43,-3.03,0.15,-15.82,95.93,19.84,0.02,0.37,0.28
19908104,-1.83,-3.04,0.73,-38.69,83.26,26.22,0.02,0.37,0.28
19917575,-0.82,-3.42,0.59,-49.60,68.92,32.24,0.01,0.37,0.26
19926958,-0.10,-4.31,-0.31,-50.06,61.33,37.64,0.01,0.37,0.26
19936432,0.16,-5.05,-0.98,-42.19,59.54,44.74,0.00,0.38,0.24
19946032,-0.01,-6.31,-1.37,-30.84,57.79,49.05,0.00,0.38,0.24
19963588,-0.50,-9.22,-1.87,-20.56,57.70,54.92,0.01,0.38,0.24
19973137,-1.10,-10.57,-2.67,-13.14,59.81,58.60,0.01,0.38,0.24
19982615,-1.69,-11.40,-2.47,2.81,52.01,56.28,0.01,0.38,0.24
19993366,-2.62,-11.86,-2.24,21.90,44.60,53.54,0.01,0.38,0.24
20003473,-3.53,-11.69,-2.42,29.01,49.71,45.92,0.01,0.38,0.24
20013088,-4.02,-11.02,-2.12,28.39,47.33,33.64,0.01,0.39,0.24
20022470,-3.74,-11.17,-0.96,26.40,43.62,21.02,0.01,0.39,0.24
20031845,-5.20,-11.03,0.15,30.68,51.31,-2.07,0.01,0.39,0.24
20041289,-6.75,-10.79,1.64,37.71,46.99,-19.70,0.01,0.39,0.24
20051062,-7.49,-11.45,3.08,14.84,15.41,-30.80,0.01,0.39,0.24
20060867,-6.77,-13.86,4.44,-25.58,-21.70,-39.94,0.00,0.38,0.24
20070337,-5.98,-16.62,4.99,-51.63,-53.56,-53.52,0.00,0.38,0.24
20081774,-4.78,-18.69,5.40,-70.05,-63.96,-66.37,0.00,0.38,0.24
20093446,-1.29,-17.58,6.42,-81.99,-51.85,-81.16,0.00,0.38,0.25
20104238,1.86,-14.40,5.69,-58.97,-51.31,-91.67,0.00,0.38,0.25
20114456,4.37,-12.26,5.27,-52.77,-54.84,-93.31,-0.02,0.38,0.23
20123724,5.66,-11.03,4.68,-57.34,-62.87,-87.75,-0.02,0.38,0.23
20133034,6.33,-12.42,3.14,-82.85,-70.74,-61.34,-0.02,0.38,0.23
20142394,5.64,-15.79,-0.22,-116.78,-63.27,-37.42,-0.02,0.38,0.23
20151809,4.55,-18.63,-2.82,-110.51,-38.31,-18.71,-0.02,0.38,0.23
20163054,2.47,-19.60,-2.38,-22.38,-17.66,6.07,-0.02,0.39,0.21
20172425,1.48,-19.51,-0.21,73.32,-17.67,20.15,-0.02,0.39,0.21
20182905,0.21,-17.07,0.87,136.88,-17.20,30.86,-0.02,0.39,0.21
20192151,-0.98,-14.64,1.16,152.45,-3.39,44.71,-0.01,0.38,0.22
20206562,-1.65,-10.90,1.31,143.81,3.76,54.24,-0.01,0.38,0.22
20216838,-1.63,-8.77,1.61,149.60,-3.97,59.74,-0.02,0.37,0.25
20226680,-1.30,-7.25,1.29,167.63,-13.35,52.97,-0.02,0.37,0.25
20242812,-0.94,-5.17,0.84,122.65,-26.77,44.79,-0.01,0.33,0.30
20252595,-1.27,-5.35,0.30,59.42,-32.09,51.95,-0.01,0.33,0.30
20264133,-1.63,-6.28,-0.11,-0.43,-26.01,46.80,0.02,0.36,0.31
20273418,-1.83,-7.04,-0.04,-21.33,-25.22,38.43,0.02,0.36,0.31
20283055,-1.89,-7.28,-0.16,-20.05,-34.34,32.02,0.02,0.36,0.31
20297574,-2.12,-6.51,-0.34,-0.03,-41.72,30.22,0.03,0.35,0.29
20307472,-2.17,-5.76,0.03,9.76,-48.26,28.94,0.03,0.35,0.29
20316876,-1.60,-5.14,0.36,6.26,-63.65,27.97,0.03,0.35,0.30
20326100,-0.70,-4.52,-0.02,-8.22,-83.78,24.16,0.03,0.35,0.30
20335500,0.25,-4.30,-1.23,-21.64,-90.45,22.72,0.05,0.35,0.31
20344888,1.18,-4.64,-2.08,-23.37,-74.95,14.97,0.05,0.35,0.31
20354771,1.38,-5.04,-2.04,-22.01,-44.60,8.02,0.05,0.35,0.31
20373398,0.71,-5.09,-0.97,-18.67,-18.59,-2.77,0.05,0.36,0.29
20382897,0.18,-4.97,-1.08,-19.40,-30.35,-4.34,0.05,0.36,0.29
20392950,0.34,-5.42,-1.67,-23.32,-45.67,-7.10,0.05,0.36,0.28
20413259,0.15,-6.57,-3.51,-28.34,-40.87,-20.69,0.06,0.36,0.28
20424807,0.39,-7.66,-3.73,-15.72,-33.99,-34.26,0.06,0.36,0.28
20437416,0.75,-7.97,-3.40,10.41,-9.43,-45.59,0.06,0.36,0.29
20446652,0.74,-7.53,-2.38,24.24,3.20,-49.11,0.06,0.36,0.29
20456957,1.03,-6.69,-1.67,27.93,-0.66,-51.10,0.06,0.36,0.29
20469268,1.71,-5.90,-1.68,22.93,-17.28,-46.13,0.05,0.36,0.29
20482277,1.71,-5.53,-0.62,11.86,-22.33,-36.74,0.05,0.36,0.29
20497206,-0.35,-6.11,-0.21,-2.90,-5.06,-12.99,0.04,0.35,0.30
20515386,-4.66,-9.71,-1.86,-36.22,-16.25,14.05,0.05,0.36,0.30
20532897,-3.43,-12.70,-3.15,-26.39,-24.46,22.92,0.05,0.36,0.30
20542295,-2.80,-12.49,-5.14,-12.64,-13.55,22.58,0.06,0.36,0.29
20552143,-2.37,-12.18,-5.69,-2.58,-2.86,17.36,0.06,0.36,0.29
20567950,-0.32,-9.91,-3.90,15.62,-22.72,-2.01,0.06,0.37,0.29
20596354,1.09,-14.74,1.80,-43.65,-127.10,50.82,0.05,0.36,0.29
20608734,-2.14,-19.60,2.13,-139.87,-129.85,131.33,0.08,0.36,0.28
20618706,-2.38,-19.60,4.76,-144.15,-135.27,207.58,0.08,0.36,0.28
20628695,4.39,-19.60,7.22,-54.70,-100.20,181.65,0.08,0.36,0.28
20638395,13.48,-19.60,14.33,187.01,8.09,73.38,0.12,0.36,0.28
20648239,5.97,-12.12,8.65,286.68,104.43,33.65,0.12,0.36,0.28
20659257,1.32,-4.70,-9.06,286.68,286.68,87.41,0.11,0.33,0.33
20668718,-6.28,-0.34,2.75,171.55,217.59,63.51,0.11,0.33,0.33
20678168,-8.29,-2.09,7.74,51.21,1.84,30.55,0.11,0.33,0.33
20687816,-5.23,-4.83,4.08,-5.01,-131.73,-12.83,0.11,0.31,0.35
20705011,1.04,-4.89,-0.40,-45.89,-43.85,-83.51,0.11,0.31,0.35
20718859,1.57,-4.32,3.54,-111.62,40.45,-104.31,0.12,0.31,0.34
20728772,3.03,-5.45,4.49,-195.52,25.31,-89.71,0.12,0.31,0.34
20738394,4.29,-11.45,1.17,-286.26,-11.11,-49.97,0.09,0.33,0.32
20748068,3.33,-19.59,-5.67,-286.72,-20.55,7.60,0.09,0.33,0.32
20757915,1.94,-19.60,-5.14,-213.76,10.25,27.31,0.10,0.36,0.27
20767652,0.87,-19.60,1.01,41.93,83.61,-22.22,0.10,0.36,0.27
20777531,0.59,-16.63,5.47,258.09,138.19,-46.99,0.10,0.36,0.27
20787313,0.05,-10.50,2.92,286.68,163.51,-49.05,0.07,0.34,0.30
20833813,-1.32,-3.81,0.52,-139.36,42.48,-17.77,0.05,0.34,0.31
20843485,-0.64,-5.67,0.07,-129.57,34.99,-21.81,0.05,0.34,0.31
20853536,-0.59,-5.83,-1.05,-90.40,31.29,-25.37,0.05,0.34,0.31
20863052,-0.11,-6.61,-1.60,-45.79,23.25,-15.96,0.02,0.35,0.29
21651978,8.27,-13.87,4.29,-15.78,-20.81,99.58,0.13,0.34,0.30
21663840,4.28,-17.92,2.51,33.18,7.20,120.71,0.14,0.34,0.30
21673998,1.50,-19.60,-3.90,153.26,28.79,105.14,0.14,0.34,0.30
21684497,0.73,-12.16,-7.85,222.08,125.11,68.70,0.15,0.32,0.32
21695695,-3.17,-4.70,-0.15,157.89,173.07,44.65,0.15,0.32,0.32
21705783,-4.26,-5.35,8.63,62.37,100.04,26.04,0.15,0.30,0.35
21715636,-2.39,-8.26,8.48,-1.28,10.68,-3.48,0.15,0.30,0.35
21751089,-1.52,-7.79,1.14,-88.37,3.24,-61.26,0.14,0.30,0.35
21765906,-1.45,-10.30,1.90,-222.89,-17.54,-35.60,0.14,0.30,0.34
22399315,2.53,-7.13,-0.54,31.18,-76.75,-6.12,0.04,0.34,0.30
22409441,2.98,-7.81,-1.43,11.04,-44.71,-10.96,0.02,0.34,0.31
22422429,2.10,-7.78,-1.25,16.85,-31.90,-8.63,0.02,0.34,0.31
22436241,0.83,-7.35,-1.01,30.98,-47.65,-3.77,0.03,0.30,0.34
22459573,-1.60,-7.07,-1.20,55.86,-54.42,8.84,0.06,0.33,0.32
22471231,-2.40,-6.77,0.13,74.59,-50.53,18.50,0.06,0.33,0.32
22481065,-2.34,-6.03,1.22,82.97,-55.19,28.08,0.07,0.31,0.33
22491211,-1.82,-5.08,1.45,78.95,-66.54,33.51,0.07,0.31,0.33
22501992,-0.82,-4.22,0.89,63.79,-73.02,34.44,0.07,0.31,0.33
23920804,-3.98,-11.59,0.04,-175.47,-68.14,-61.35,0.09,0.32,0.32
24673792,-1.03,-8.04,-3.70,-3.60,19.72,-35.85,0.11,0.35,0.28
24683624,-1.18,-8.77,-3.10,4.48,14.21,-45.05,0.11,0.35,0.28
24695134,-1.05,-9.04,-2.10,17.92,1.43,-53.24,0.11,0.35,0.28
24711704,-0.20,-8.47,-0.11,28.67,-19.34,-54.84,0.10,0.34,0.29
24721178,0.15,-8.30,0.50,30.33,-24.52,-52.19,0.10,0.34,0.29
24733640,-0.28,-8.13,0.43,21.75,-11.23,-40.68,0.09,0.34,0.30
24743396,-2.08,-8.58,0.66,4.48,1.78,-24.79,0.09,0.34,0.30
24753053,-4.17,-10.35,-1.30,-17.26,2.30,-9.64,0.08,0.33,0.33
24764425,-4.15,-13.94,-3.74,-36.95,-22.70,14.55,0.08,0.33,0.33
24776001,-1.11,-16.19,-3.58,-32.12,-41.47,33.86,0.08,0.34,0.34
24787569,1.58,-16.55,-3.39,-1.10,-2.36,45.99,0.08,0.34,0.34
24800917,3.67,-13.28,-2.00,26.69,36.68,38.33,0.10,0.35,0.29
24815115,2.70,-12.57,-0.95,21.80,-9.69,30.00,0.10,0.35,0.29
24825012,1.43,-15.74,-1.00,-6.78,-47.35,43.68,0.09,0.32,0.32
24836757,-0.37,-19.27,0.29,-7.17,-58.70,63.74,0.09,0.32,0.32
24848130,-1.52,-19.60,2.76,39.44,-47.35,89.55,0.12,0.35,0.30
24860061,3.11,-19.60,4.16,145.32,-43.20,50.15,0.12,0.35,0.30
24873720,8.55,-10.21,0.20,266.72,60.00,9.52,0.12,0.32,0.32
24883689,6.68,-5.00,-0.14,220.68,186.07,27.97,0.12,0.32,0.32
24894955,2.41,-1.57,3.73,57.30,233.35,41.92,0.12,0.32,0.32
24904391,-1.08,-2.99,3.86,-40.35,160.37,55.95,0.11,0.30,0.35
24916286,-2.27,-6.59,1.65,-81.65,30.31,53.72,0.11,0.30,0.35
24926023,-0.82,-7.27,-0.38,-53.11,-13.58,30.71,0.09,0.31,0.35
24937107,-0.09,-6.28,0.96,-19.47,1.17,-6.09,0.09,0.31,0.35
24946839,-0.36,-5.89,2.28,-23.35,11.30,-27.77,0.11,0.31,0.33
24956838,-0.90,-6.46,1.54,-59.15,5.44,-49.60,0.11,0.31,0.33
24966587,-1.88,-8.31,-0.19,-112.33,-8.78,-67.17,0.11,0.31,0.33
24976106,-2.36,-11.99,-1.69,-147.43,-26.98,-67.33,0.09,0.30,0.33
24986728,-1.91,-17.89,-2.29,-147.88,-40.60,-56.91,0.09,0.30,0.33
25000095,-0.11,-19.60,1.21,-137.65,37.84,-28.87,0.06,0.30,0.30
25018218,-0.96,-14.36,-1.29,77.24,152.46,-42.98,0.06,0.30,0.30
25029490,-2.78,-7.55,-2.46,105.81,139.63,-45.19,0.07,0.34,0.28
25041076,-3.57,-4.45,1.25,56.77,62.25,-52.43,0.07,0.34,0.28
25052138,-1.41,-3.00,1.56,8.62,10.79,-58.97,0.02,0.31,0.31
25062107,0.75,-2.52,1.04,-33.17,11.44,-53.13,0.02,0.31,0.31
25071743,1.44,-2.59,0.99,-65.91,36.37,-48.53,0.04,0.33,0.30
25082645,0.95,-3.40,0.82,-82.65,49.52,-40.46,0.04,0.33,0.30
25093813,-0.40,-4.63,-0.73,-78.64,38.05,-29.10,0.04,0.33,0.30
25108890,-1.52,-7.33,-1.64,-43.78,12.99,-15.44,0.03,0.34,0.29
25121080,-2.00,-8.88,-1.99,-16.49,23.56,-6.70,0.02,0.36,0.28
25130615,-1.59,-9.02,-1.75,4.37,44.96,-0.04,0.02,0.36,0.28
25140468,-1.61,-8.03,-1.16,19.43,62.55,1.95,0.02,0.36,0.28
25149986,-1.53,-6.94,-0.87,16.31,63.18,4.65,0.02,0.35,0.28
25160886,-1.45,-6.18,-0.93,2.71,58.40,8.94,0.02,0.35,0.28
25170717,-1.55,-5.80,-1.11,-5.68,60.19,9.98,0.02,0.35,0.28
25180635,-1.96,-5.71,-0.83,-7.50,68.69,14.17,0.02,0.35,0.28
25190174,-2.31,-5.72,-0.69,-6.40,67.07,16.37,0.02,0.35,0.28
25199671,-2.22,-5.73,-0.49,-4.29,54.13,18.09,0.01,0.35,0.27
25211063,-1.33,-5.89,-0.39,-6.74,37.21,19.70,0.01,0.35,0.27
25224293,-0.24,-6.32,-0.77,-12.03,30.91,25.44,0.01,0.35,0.27
25233702,-0.01,-7.49,-1.26,-23.34,37.42,31.24,0.01,0.35,0.27
25243106,-0.19,-8.80,-1.50,-43.07,49.26,40.49,0.01,0.35,0.27
25252663,-0.73,-10.78,-1.02,-49.24,45.09,42.27,0.01,0.35,0.27
25262338,-0.87,-12.44,-1.04,-40.41,36.78,47.44,0.01,0.35,0.27
25271981,-0.82,-13.89,-1.10,-16.89,17.53,46.33,0.02,0.36,0.26
25284410,-0.62,-14.94,-1.26,14.34,7.28,46.31,0.02,0.36,0.26
25295616,-1.35,-15.06,-1.16,32.94,24.46,40.32,0.02,0.36,0.26
25305453,-3.17,-14.44,-0.91,48.90,39.98,27.16,0.02,0.36,0.26
25316036,-4.43,-13.93,-1.55,48.38,39.10,13.12,0.02,0.36,0.26
25328382,-5.08,-13.05,-0.97,36.00,35.11,-6.52,0.00,0.34,0.29
25337902,-5.13,-13.69,0.33,28.71,24.88,-15.84,0.00,0.34,0.29
25347440,-4.75,-14.07,0.70,13.12,9.05,-22.54,0.02,0.35,0.27
25356987,-4.53,-15.38,-0.52,-9.77,0.02,-29.36,0.02,0.35,0.27
25366497,-4.18,-15.16,0.22,-11.60,-1.10,-33.63,0.02,0.35,0.27
25375901,-4.09,-13.97,2.63,3.61,8.86,-36.21,-0.02,0.35,0.27
25385362,-4.22,-12.65,4.65,8.30,19.17,-40.71,-0.02,0.35,0.27
25395070,-3.77,-11.44,6.08,-1.86,18.14,-49.27,-0.02,0.35,0.26
